date,year,mm,dd,doy,lon,lat,ps,t2m,t2m_max,t2m_min,ws2m,wd2m,rh2m
2012-01-01,2012,1,1,1,-67.5,-26.5,64.15,9.65,17.26,3.73,4.23,154.94,61.62
2012-01-02,2012,1,2,2,-67.5,-26.5,64.16,9.65,17.98,3.12,3.6,161.12,54.69
2012-01-03,2012,1,3,3,-67.5,-26.5,64.08,9.25,18.4,1.76,2.64,176.44,56.69
2012-01-04,2012,1,4,4,-67.5,-26.5,64.12,7.94,14.24,2.93,2.33,125,64
2012-01-05,2012,1,5,5,-67.5,-26.5,63.98,7.28,14.62,1.13,1.7,137.19,65.81
2012-01-06,2012,1,6,6,-67.5,-26.5,63.92,7.21,14.17,2.13,2.61,170.31,66.75
2012-01-07,2012,1,7,7,-67.5,-26.5,63.91,9.18,16.61,1.9,1.44,171.75,60.25
2012-01-08,2012,1,8,8,-67.5,-26.5,63.9,11.4,19.16,4.14,1.36,156.88,59.38
2012-01-09,2012,1,9,9,-67.5,-26.5,63.8,12.4,20.62,3.73,1.28,183.69,54.19
2012-01-10,2012,1,10,10,-67.5,-26.5,63.67,10.63,16.78,3.51,1.16,176.75,55.06
2012-01-11,2012,1,11,11,-67.5,-26.5,63.62,9.38,17.23,2.01,1.96,168.94,52.12
2012-01-12,2012,1,12,12,-67.5,-26.5,63.85,7.3,13.78,1.79,2.47,134.25,67.25
2012-01-13,2012,1,13,13,-67.5,-26.5,63.94,7.45,13.93,1.67,2.73,166.25,63.5
2012-01-14,2012,1,14,14,-67.5,-26.5,63.96,8.32,16.6,1.72,2.08,152.38,59.06
2012-01-15,2012,1,15,15,-67.5,-26.5,63.89,9.81,18.85,0.8,1.95,201.56,50.69
2012-01-16,2012,1,16,16,-67.5,-26.5,63.98,11.21,20.72,4.09,1.54,188.44,53.31
2012-01-17,2012,1,17,17,-67.5,-26.5,63.89,11.3,20.87,3.96,1.9,227.81,49.94
2012-01-18,2012,1,18,18,-67.5,-26.5,63.8,10.37,19.51,4.12,2.27,195.31,56.19
2012-01-19,2012,1,19,19,-67.5,-26.5,63.74,9.72,18.3,2.98,1.45,149.75,53.31
2012-01-20,2012,1,20,20,-67.5,-26.5,63.7,10.04,19.03,2.45,2.09,267.62,42.69
2012-01-21,2012,1,21,21,-67.5,-26.5,63.71,9.26,18.61,-1.38,1.61,266.19,38.25
2012-01-22,2012,1,22,22,-67.5,-26.5,63.71,9.84,19.08,1.81,1.7,261.69,45.75
2012-01-23,2012,1,23,23,-67.5,-26.5,63.72,9.94,20.13,-0.69,2.91,284.5,34.44
2012-01-24,2012,1,24,24,-67.5,-26.5,63.81,9.94,20.13,0.87,2.2,274.06,42.5
2012-01-25,2012,1,25,25,-67.5,-26.5,63.94,9.08,17.58,2.07,2.59,143.38,64.38
2012-01-26,2012,1,26,26,-67.5,-26.5,63.96,10.12,19.05,2.9,2.4,160.5,62.88
2012-01-27,2012,1,27,27,-67.5,-26.5,63.86,10.01,19.12,3.1,2.07,170.19,64.5
2012-01-28,2012,1,28,28,-67.5,-26.5,63.78,12.43,22.35,3.06,1.82,207.5,56.62
2012-01-29,2012,1,29,29,-67.5,-26.5,63.76,13.12,21.91,4.46,1.37,232.88,53.94
2012-01-30,2012,1,30,30,-67.5,-26.5,63.74,10.64,18.57,3.65,2.12,205.75,65
2012-01-31,2012,1,31,31,-67.5,-26.5,63.81,10.38,17.34,3.09,2.97,165,52.44
2012-02-01,2012,2,1,32,-67.5,-26.5,63.77,10.98,19.48,4.3,1.5,179.75,58.19
2012-02-02,2012,2,2,33,-67.5,-26.5,63.75,11.25,19.27,4.73,1.73,160.25,56.44
2012-02-03,2012,2,3,34,-67.5,-26.5,63.74,12.55,21.69,4.14,2.41,193.81,56
2012-02-04,2012,2,4,35,-67.5,-26.5,63.76,13.19,20.94,6.51,1.81,154.19,60.38
2012-02-05,2012,2,5,36,-67.5,-26.5,63.8,12.77,20.87,6.26,1.96,113.12,64.19
2012-02-06,2012,2,6,37,-67.5,-26.5,63.91,12.48,19.98,5.45,2.48,169.81,57.88
2012-02-07,2012,2,7,38,-67.5,-26.5,63.85,13.06,21.58,7.11,1.52,250.25,58.31
2012-02-08,2012,2,8,39,-67.5,-26.5,63.93,10.58,16.68,5.3,2.85,178.88,65.81
2012-02-09,2012,2,9,40,-67.5,-26.5,64.06,8.96,16.92,3.3,2.2,163.88,70.56
2012-02-10,2012,2,10,41,-67.5,-26.5,64.07,9.35,18.1,2.79,2.59,148.12,63.12
2012-02-11,2012,2,11,42,-67.5,-26.5,63.95,9.55,18.08,2.06,2.79,160,54.06
2012-02-12,2012,2,12,43,-67.5,-26.5,63.8,9.12,17.33,2.66,1.28,191.06,61.75
2012-02-13,2012,2,13,44,-67.5,-26.5,63.75,9.83,16.73,3.28,1.46,121.81,62.12
2012-02-14,2012,2,14,45,-67.5,-26.5,63.82,11,18.49,5.26,1.73,168.25,62.88
2012-02-15,2012,2,15,46,-67.5,-26.5,63.89,10.67,17.85,5.73,1.83,157.44,68.5
2012-02-16,2012,2,16,47,-67.5,-26.5,63.86,10.44,18.51,3.1,1.95,207.69,63.75
2012-02-17,2012,2,17,48,-67.5,-26.5,63.73,10.51,16.78,5.37,1.16,139.19,64.81
2012-02-18,2012,2,18,49,-67.5,-26.5,63.72,11.23,20.06,3.83,1.62,269.44,56.44
2012-02-19,2012,2,19,50,-67.5,-26.5,63.73,7.15,13.19,4.44,1.32,192.56,80
2012-02-20,2012,2,20,51,-67.5,-26.5,63.67,9.99,18.71,3.86,2.41,228.88,61.69
2012-02-21,2012,2,21,52,-67.5,-26.5,63.85,6.22,12.48,2.09,2.6,152.81,75.56
2012-02-22,2012,2,22,53,-67.5,-26.5,63.71,8.21,16.23,0.44,2.05,231.69,65.94
2012-02-23,2012,2,23,54,-67.5,-26.5,63.7,8.9,17.08,2.53,1.77,193.62,61.69
2012-02-24,2012,2,24,55,-67.5,-26.5,63.74,8.58,17.96,0.41,2.73,279,51.06
2012-02-25,2012,2,25,56,-67.5,-26.5,63.77,8.82,18.46,-0.56,2.18,207.19,49.88
2012-02-26,2012,2,26,57,-67.5,-26.5,63.9,9.85,19.11,1.66,1.45,96.31,59.12
2012-02-27,2012,2,27,58,-67.5,-26.5,63.77,11.15,20.23,2.7,1.78,224.06,55.5
2012-02-28,2012,2,28,59,-67.5,-26.5,63.68,10.51,19.27,1.23,1.56,193.12,51.44
2012-02-29,2012,2,29,60,-67.5,-26.5,63.72,11.14,20.19,2.57,1.96,250.38,56.62
2012-03-01,2012,3,1,61,-67.5,-26.5,64,10.1,18.08,4.56,2.4,116.06,58.75
2012-03-02,2012,3,2,62,-67.5,-26.5,63.96,10.23,19.58,1.71,1.51,246.19,56.69
2012-03-03,2012,3,3,63,-67.5,-26.5,63.96,9.95,18.64,3.29,1.91,191.56,59.62
2012-03-04,2012,3,4,64,-67.5,-26.5,63.83,10.26,17.96,3.36,1.38,274.81,63.06
2012-03-05,2012,3,5,65,-67.5,-26.5,63.81,10.28,19.06,1.6,1.59,234.19,51.75
2012-03-06,2012,3,6,66,-67.5,-26.5,63.91,9.98,16.8,4.44,2.16,108.25,68.12
2012-03-07,2012,3,7,67,-67.5,-26.5,64.01,9.76,16.15,4.95,1.39,104.69,71.62
2012-03-08,2012,3,8,68,-67.5,-26.5,64.11,10.23,17.23,4.08,1.62,112.5,68.44
2012-03-09,2012,3,9,69,-67.5,-26.5,63.99,11.47,18.49,5.86,1.48,168.25,63.56
2012-03-10,2012,3,10,70,-67.5,-26.5,63.95,10.96,17.17,5.58,1.77,179.44,60.88
2012-03-11,2012,3,11,71,-67.5,-26.5,63.86,11.2,20.63,2.52,1.86,264.62,54.81
2012-03-12,2012,3,12,72,-67.5,-26.5,63.82,10.69,19.49,2.23,1.38,247.81,50.5
2012-03-13,2012,3,13,73,-67.5,-26.5,63.87,9.42,17.31,4.08,1.7,194.69,59.44
2012-03-14,2012,3,14,74,-67.5,-26.5,64.04,7.11,13.09,3.6,2.35,135,75.31
2012-03-15,2012,3,15,75,-67.5,-26.5,64.09,8.2,15.28,2.29,1.34,109.75,68.69
2012-03-16,2012,3,16,76,-67.5,-26.5,64,9.9,18.96,2.39,1.27,259.62,59.75
2012-03-17,2012,3,17,77,-67.5,-26.5,63.93,9.97,20.39,-0.72,1.86,271.75,44.56
2012-03-18,2012,3,18,78,-67.5,-26.5,63.86,10.63,20.57,1.23,1.58,267.44,43.88
2012-03-19,2012,3,19,79,-67.5,-26.5,63.82,10.59,19.83,2.34,1.65,215.94,51.94
2012-03-20,2012,3,20,80,-67.5,-26.5,63.91,10.56,19.31,4,1.57,159.25,63.06
2012-03-21,2012,3,21,81,-67.5,-26.5,63.83,10.65,20.54,2.08,1.77,227.81,55.19
2012-03-22,2012,3,22,82,-67.5,-26.5,63.8,7.7,14.65,2.44,2.23,193,58
2012-03-23,2012,3,23,83,-67.5,-26.5,63.78,7.3,16.43,-0.13,2.58,200.12,65.5
2012-03-24,2012,3,24,84,-67.5,-26.5,63.77,8.44,18.03,0.14,1.73,219.94,60.62
2012-03-25,2012,3,25,85,-67.5,-26.5,63.74,8.02,18.19,-0.67,1.68,265.12,47.69
2012-03-26,2012,3,26,86,-67.5,-26.5,63.84,5.99,14.9,-1.55,1.96,243,54.62
2012-03-27,2012,3,27,87,-67.5,-26.5,64.01,4.09,12.53,-1.47,2.01,181.5,67.94
2012-03-28,2012,3,28,88,-67.5,-26.5,63.91,5.48,15.03,-3.17,1.4,257.25,55.62
2012-03-29,2012,3,29,89,-67.5,-26.5,64.04,6.27,15.3,-0.74,1.55,182.94,44.69
2012-03-30,2012,3,30,90,-67.5,-26.5,64.14,6.71,16.19,-2.02,1.36,213.62,58.62
2012-03-31,2012,3,31,91,-67.5,-26.5,64.03,7.62,17.73,-0.98,2.45,301.94,48.75
2012-04-01,2012,4,1,92,-67.5,-26.5,63.91,6,17.1,-4.66,2.37,276.44,35.12
2012-04-02,2012,4,2,93,-67.5,-26.5,63.95,7.07,16.2,-1.27,1.38,275.94,39.81
2012-04-03,2012,4,3,94,-67.5,-26.5,63.88,6.73,16.42,-1.62,2.39,293.5,44.06
2012-04-04,2012,4,4,95,-67.5,-26.5,63.81,6.51,17.86,-3.26,2.77,278.19,37.38
2012-04-05,2012,4,5,96,-67.5,-26.5,63.94,6.43,17.06,-1.35,1.77,281.31,39
2012-04-06,2012,4,6,97,-67.5,-26.5,64.01,6.73,17.11,-1.42,1.77,216.5,37.75
2012-04-07,2012,4,7,98,-67.5,-26.5,63.92,6.88,16.9,-1.79,1.71,235.12,36.06
2012-04-08,2012,4,8,99,-67.5,-26.5,63.79,5.92,15.28,-2.81,1.03,265.44,38.94
2012-04-09,2012,4,9,100,-67.5,-26.5,63.66,4.3,13.85,-4.13,2.91,298.12,46.25
2012-04-10,2012,4,10,101,-67.5,-26.5,63.74,3.58,11.86,-3.64,2.41,314.5,55.44
2012-04-11,2012,4,11,102,-67.5,-26.5,63.94,4.68,13.69,-3.35,2.27,275.06,53.94
2012-04-12,2012,4,12,103,-67.5,-26.5,63.97,4.98,8.61,1.26,1.27,234.38,73.44
2012-04-13,2012,4,13,104,-67.5,-26.5,63.84,2.9,10.51,-3.65,3.07,312,62.38
2012-04-14,2012,4,14,105,-67.5,-26.5,63.8,3.13,14.55,-6.02,2.06,293.69,54.31
2012-04-15,2012,4,15,106,-67.5,-26.5,63.84,3.86,14.98,-5.2,2.47,310.19,39.12
2012-04-16,2012,4,16,107,-67.5,-26.5,63.9,3.62,14.62,-5.49,2.07,300.25,34.25
2012-04-17,2012,4,17,108,-67.5,-26.5,63.96,4.97,15.57,-3.03,1.76,314.5,28.25
2012-04-18,2012,4,18,109,-67.5,-26.5,63.91,4.59,15.79,-4.8,2.42,309.5,28.88
2012-04-19,2012,4,19,110,-67.5,-26.5,63.9,4.65,14.73,-3.37,1.59,305.5,33.75
2012-04-20,2012,4,20,111,-67.5,-26.5,63.79,3.4,12.87,-4.04,3.04,285.94,35.56
2012-04-21,2012,4,21,112,-67.5,-26.5,63.99,3.4,13.12,-3.8,1.19,206.75,39.81
2012-04-22,2012,4,22,113,-67.5,-26.5,63.83,3.91,14.93,-4.2,3.13,297.75,35.06
2012-04-23,2012,4,23,114,-67.5,-26.5,63.73,2.79,12.87,-3.73,2.59,307.81,44.12
2012-04-24,2012,4,24,115,-67.5,-26.5,63.53,2.02,11.45,-4.13,5.16,312.25,48.06
2012-04-25,2012,4,25,116,-67.5,-26.5,63.39,-0.26,6.38,-5.85,4.85,315.06,62.12
2012-04-26,2012,4,26,117,-67.5,-26.5,63.45,-0.61,10.45,-8,3.62,311.44,48.88
2012-04-27,2012,4,27,118,-67.5,-26.5,63.19,-2.11,4.8,-6.68,6.82,317.12,52.19
2012-04-28,2012,4,28,119,-67.5,-26.5,63.4,-3.22,5.44,-9.37,5.27,291.38,42.62
2012-04-29,2012,4,29,120,-67.5,-26.5,63.67,-1.08,7.48,-6.8,2.51,248.56,50.06
2012-04-30,2012,4,30,121,-67.5,-26.5,63.97,1.69,10.8,-5.6,1.08,249.31,40.5
2012-05-01,2012,5,1,122,-67.5,-26.5,63.83,3.78,13.61,-3.24,1.45,298.06,32.19
2012-05-02,2012,5,2,123,-67.5,-26.5,63.89,3.47,14.06,-4.03,2.41,318.94,33.06
2012-05-03,2012,5,3,124,-67.5,-26.5,64.01,3.69,12.59,-3.32,1.98,310.69,33.62
2012-05-04,2012,5,4,125,-67.5,-26.5,64,3.55,12.46,-2.07,1.48,281.25,36.12
2012-05-05,2012,5,5,126,-67.5,-26.5,64.1,4.13,13.99,-2.6,1.19,216.94,43.69
2012-05-06,2012,5,6,127,-67.5,-26.5,64.02,5.58,16.28,-3,1.99,301.5,39.75
2012-05-07,2012,5,7,128,-67.5,-26.5,64.09,5.39,15.12,-1.04,1.73,195.69,47.81
2012-05-08,2012,5,8,129,-67.5,-26.5,63.95,4.19,14.9,-3.29,2.93,319.25,52.38
2012-05-09,2012,5,9,130,-67.5,-26.5,63.73,2.4,13.19,-3.99,3.55,309.12,36.12
2012-05-10,2012,5,10,131,-67.5,-26.5,63.58,1.15,10.49,-4.51,3.97,304.62,40.06
2012-05-11,2012,5,11,132,-67.5,-26.5,63.56,0.2,9.45,-5.17,3.58,300.75,43.06
2012-05-12,2012,5,12,133,-67.5,-26.5,63.62,-0.2,8.62,-5.31,3.13,310.44,46.81
2012-05-13,2012,5,13,134,-67.5,-26.5,63.54,-0.69,7.23,-5.67,2.59,301.38,53.94
2012-05-14,2012,5,14,135,-67.5,-26.5,63.7,-0.09,8.17,-5.54,1.08,270.31,48.12
2012-05-15,2012,5,15,136,-67.5,-26.5,63.72,0.17,9.71,-5.39,2.88,310.06,37.19
2012-05-16,2012,5,16,137,-67.5,-26.5,63.81,0.98,9.48,-5.5,1.37,235.12,37.25
2012-05-17,2012,5,17,138,-67.5,-26.5,63.72,1.06,11.15,-4.35,2.77,313.81,32.06
2012-05-18,2012,5,18,139,-67.5,-26.5,63.7,0.41,9.35,-5.27,1.87,301.81,37.25
2012-05-19,2012,5,19,140,-67.5,-26.5,63.71,1.3,12.17,-5.34,2.1,310.19,33.94
2012-05-20,2012,5,20,141,-67.5,-26.5,63.8,0.73,9.58,-5.31,1.52,207.94,35.81
2012-05-21,2012,5,21,142,-67.5,-26.5,63.85,1.26,10.54,-4.75,2.31,310.44,32.25
2012-05-22,2012,5,22,143,-67.5,-26.5,63.75,-0.01,9.55,-5.13,3.09,318.94,31.38
2012-05-23,2012,5,23,144,-67.5,-26.5,63.83,-0.31,6.71,-5.24,1.2,225.94,30
2012-05-24,2012,5,24,145,-67.5,-26.5,63.77,0.04,10.39,-6.42,3.21,315.5,34.5
2012-05-25,2012,5,25,146,-67.5,-26.5,63.69,1.08,9.4,-3.66,5.23,312.31,33.88
2012-05-26,2012,5,26,147,-67.5,-26.5,63.68,1.09,7.56,-2.88,7.59,307.75,38.38
2012-05-27,2012,5,27,148,-67.5,-26.5,63.85,4.16,13.99,-2.74,3.67,289.75,39
2012-05-28,2012,5,28,149,-67.5,-26.5,64.08,3.62,13.62,-4.53,1.22,258,34.5
2012-05-29,2012,5,29,150,-67.5,-26.5,64.15,5.4,13.38,0.12,1.08,237.38,23.56
2012-05-30,2012,5,30,151,-67.5,-26.5,64.01,5.23,15,-0.49,1.44,277.56,25.81
2012-05-31,2012,5,31,152,-67.5,-26.5,64.04,4.87,13.37,-1.95,1.23,241.62,25.94
2012-06-01,2012,6,1,153,-67.5,-26.5,64.07,5.19,14.32,-1.74,1.16,292.31,28.62
2012-06-02,2012,6,2,154,-67.5,-26.5,64.09,4.52,12.67,-1.24,1.35,267.19,30
2012-06-03,2012,6,3,155,-67.5,-26.5,63.71,1.74,12.76,-4.64,2.61,287.44,29
2012-06-04,2012,6,4,156,-67.5,-26.5,63.34,-0.27,8.89,-5.81,4.73,286.44,35.81
2012-06-05,2012,6,5,157,-67.5,-26.5,63.41,-1.88,6.74,-6.17,3.59,285.38,36.94
2012-06-06,2012,6,6,158,-67.5,-26.5,63.68,-1.74,7.37,-6.54,1.69,250.69,37.19
2012-06-07,2012,6,7,159,-67.5,-26.5,63.68,-0.25,9.58,-7.19,2.33,306.75,32.38
2012-06-08,2012,6,8,160,-67.5,-26.5,63.67,0.04,8.87,-5.35,2.16,310.12,34.25
2012-06-09,2012,6,9,161,-67.5,-26.5,63.57,-0.63,6.99,-4.43,4.58,311,50.69
2012-06-10,2012,6,10,162,-67.5,-26.5,63.71,-0.32,9.16,-5.89,3.33,309.38,46.75
2012-06-11,2012,6,11,163,-67.5,-26.5,63.72,0.27,9.83,-5.11,3.94,320,33.69
2012-06-12,2012,6,12,164,-67.5,-26.5,63.68,0.51,8.74,-3.76,5.99,320.12,30.88
2012-06-13,2012,6,13,165,-67.5,-26.5,63.84,-0.29,7.22,-4.18,4.8,326.69,40.38
2012-06-14,2012,6,14,166,-67.5,-26.5,63.87,-0.49,8.5,-5.52,3.84,312.06,39.44
2012-06-15,2012,6,15,167,-67.5,-26.5,63.93,-0.61,7.02,-5.07,4.31,310.5,46.06
2012-06-16,2012,6,16,168,-67.5,-26.5,63.62,-0.6,7.28,-5.52,5.12,313.81,52.31
2012-06-17,2012,6,17,169,-67.5,-26.5,63.33,-1.42,3.92,-4.46,8.73,308.25,50.06
2012-06-18,2012,6,18,170,-67.5,-26.5,63.3,-2.01,5.56,-6.91,6.91,310.25,45.81
2012-06-19,2012,6,19,171,-67.5,-26.5,63.32,-3.31,2.32,-7.18,5.77,303.88,47.5
2012-06-20,2012,6,20,172,-67.5,-26.5,63.43,-4.07,4.08,-10.32,4.87,300.75,56.06
2012-06-21,2012,6,21,173,-67.5,-26.5,63.67,-2.94,6.08,-10.74,2.66,270,35
2012-06-22,2012,6,22,174,-67.5,-26.5,63.91,-0.46,8.51,-7.62,1.44,289.75,29.12
2012-06-23,2012,6,23,175,-67.5,-26.5,64.03,1.39,8.87,-3.95,1.26,230.94,25.06
2012-06-24,2012,6,24,176,-67.5,-26.5,64.08,0.18,8.54,-4.17,1.97,240.69,30.31
2012-06-25,2012,6,25,177,-67.5,-26.5,64.03,0.05,8.43,-6.45,1.49,312.75,29.56
2012-06-26,2012,6,26,178,-67.5,-26.5,63.93,0.48,9.4,-6.56,2.17,290.81,27.56
2012-06-27,2012,6,27,179,-67.5,-26.5,63.92,0.56,10.21,-4.78,3.12,312.44,28.62
2012-06-28,2012,6,28,180,-67.5,-26.5,63.84,1.46,12.15,-3.35,3.79,313.62,27.75
2012-06-29,2012,6,29,181,-67.5,-26.5,63.82,1.87,11.65,-3.46,3.68,309.5,27.06
2012-06-30,2012,6,30,182,-67.5,-26.5,63.79,1.48,12.77,-4.31,3.3,315.25,25.19
2012-07-01,2012,7,1,183,-67.5,-26.5,63.81,1.69,12.97,-4.28,3.5,324.12,22.56
2012-07-02,2012,7,2,184,-67.5,-26.5,63.76,1.08,10.76,-3.81,4.17,322.38,25.75
2012-07-03,2012,7,3,185,-67.5,-26.5,63.52,0.73,9.42,-3.53,5.16,312.31,28.94
2012-07-04,2012,7,4,186,-67.5,-26.5,63.23,-1.65,4.51,-6.74,6.48,308.62,30.5
2012-07-05,2012,7,5,187,-67.5,-26.5,63.2,-4.18,3.82,-10.3,5.69,314,36
2012-07-06,2012,7,6,188,-67.5,-26.5,63.27,-4.37,3.89,-11.02,5.79,297.62,33.25
2012-07-07,2012,7,7,189,-67.5,-26.5,63.72,-3.83,4.36,-11.24,1.77,283.88,32.62
2012-07-08,2012,7,8,190,-67.5,-26.5,63.57,-2.58,6.97,-9.88,4.09,315.38,23.5
2012-07-09,2012,7,9,191,-67.5,-26.5,63.56,-1.82,6.19,-8.67,4.98,315.56,34.31
2012-07-10,2012,7,10,192,-67.5,-26.5,63.69,-0.6,6.55,-5.02,5.04,304.06,54.62
2012-07-11,2012,7,11,193,-67.5,-26.5,63.53,-1.28,5.05,-6.23,6.5,293.56,44.69
2012-07-12,2012,7,12,194,-67.5,-26.5,63.69,-1.18,9.12,-10.6,2.07,285.12,28.12
2012-07-13,2012,7,13,195,-67.5,-26.5,63.75,1.01,10.83,-4.26,2.13,306.81,27.06
2012-07-14,2012,7,14,196,-67.5,-26.5,63.72,0.34,9.72,-4.52,3.93,316.38,33.38
2012-07-15,2012,7,15,197,-67.5,-26.5,63.73,-1.68,6.38,-6.17,2.87,266.44,38
2012-07-16,2012,7,16,198,-67.5,-26.5,64,-3.91,2.27,-8.21,1.75,210.62,39.25
2012-07-17,2012,7,17,199,-67.5,-26.5,64.13,-2.64,6.13,-9.63,1.98,247,25.69
2012-07-18,2012,7,18,200,-67.5,-26.5,64.22,0.55,8.51,-5.85,1.92,230.12,22.19
2012-07-19,2012,7,19,201,-67.5,-26.5,64.1,2.99,12.26,-4.27,1.46,279.31,22.88
2012-07-20,2012,7,20,202,-67.5,-26.5,63.88,2.48,13.35,-3.67,2.77,312.19,21.56
2012-07-21,2012,7,21,203,-67.5,-26.5,63.77,0.94,12.36,-4.34,3.8,305.94,20
2012-07-22,2012,7,22,204,-67.5,-26.5,63.85,1.91,12.52,-5.26,2.38,314.75,20
2012-07-23,2012,7,23,205,-67.5,-26.5,63.84,0.95,11.51,-4.24,3.43,319.25,20.38
2012-07-24,2012,7,24,206,-67.5,-26.5,63.78,0.05,10.49,-5.37,3.71,310.81,22.69
2012-07-25,2012,7,25,207,-67.5,-26.5,63.62,-0.2,10.02,-5.83,4.06,303.94,25.06
2012-07-26,2012,7,26,208,-67.5,-26.5,63.57,-0.59,7.16,-5.41,4.31,296.12,26.38
2012-07-27,2012,7,27,209,-67.5,-26.5,63.63,-0.66,8.87,-7.66,3.34,318.5,27.06
2012-07-28,2012,7,28,210,-67.5,-26.5,63.5,-1.61,5.66,-6.58,5.86,313.56,24.88
2012-07-29,2012,7,29,211,-67.5,-26.5,63.57,-2.56,5.7,-8.21,2.99,304.69,32.06
2012-07-30,2012,7,30,212,-67.5,-26.5,63.56,-1.49,7.43,-8.02,5.16,321.62,32.25
2012-07-31,2012,7,31,213,-67.5,-26.5,63.65,-0.85,6.76,-5.97,6.13,323.06,28.19
2012-08-01,2012,8,1,214,-67.5,-26.5,63.58,0.27,8.46,-4.81,6.91,327.75,27.44
2012-08-02,2012,8,2,215,-67.5,-26.5,63.34,0.76,7.98,-3.24,10.11,329.25,32
2012-08-03,2012,8,3,216,-67.5,-26.5,63.36,1.14,8.9,-3.52,10.27,329.56,28.06
2012-08-04,2012,8,4,217,-67.5,-26.5,63.74,1.31,11.44,-3.78,6.43,332.56,27.12
2012-08-05,2012,8,5,218,-67.5,-26.5,63.94,3.33,13.8,-2.95,4.92,329.88,30.81
2012-08-06,2012,8,6,219,-67.5,-26.5,63.55,3.11,11.91,-2.26,9.27,332.69,32.44
2012-08-07,2012,8,7,220,-67.5,-26.5,63.48,1.77,11.11,-4.33,9.05,312.44,22
2012-08-08,2012,8,8,221,-67.5,-26.5,63.89,2.86,13.59,-4.79,3.35,287.44,17.31
2012-08-09,2012,8,9,222,-67.5,-26.5,64.01,3.3,13.58,-3.12,3.29,310,28.31
2012-08-10,2012,8,10,223,-67.5,-26.5,63.9,3.06,13.42,-3,3.34,319.5,29.81
2012-08-11,2012,8,11,224,-67.5,-26.5,63.66,1.37,10.74,-4.24,5.75,317.38,30.56
2012-08-12,2012,8,12,225,-67.5,-26.5,63.76,0.83,10.19,-6.1,3.68,279.38,23.75
2012-08-13,2012,8,13,226,-67.5,-26.5,63.82,1.33,11.9,-4.74,3.76,318.38,20.56
2012-08-14,2012,8,14,227,-67.5,-26.5,63.57,0.27,8.21,-5.06,4.81,305.88,36.31
2012-08-15,2012,8,15,228,-67.5,-26.5,63.52,0.15,10.13,-5.69,4.4,312.06,42.38
2012-08-16,2012,8,16,229,-67.5,-26.5,63.5,-0.21,7.47,-4.91,5.6,336.38,37.88
2012-08-17,2012,8,17,230,-67.5,-26.5,63.44,-2.63,2.98,-6.2,6.61,331.12,33.06
2012-08-18,2012,8,18,231,-67.5,-26.5,63.67,-0.91,8.32,-7.44,5.66,311.25,20.88
2012-08-19,2012,8,19,232,-67.5,-26.5,63.8,-0.1,9.92,-5.58,4.27,304.56,22.06
2012-08-20,2012,8,20,233,-67.5,-26.5,63.96,0.21,8.98,-5.76,1.9,289.06,25.25
2012-08-21,2012,8,21,234,-67.5,-26.5,63.83,1.43,12.17,-4.8,3.73,313.56,21
2012-08-22,2012,8,22,235,-67.5,-26.5,63.69,1.65,12.12,-4.13,5.39,332.19,18.69
2012-08-23,2012,8,23,236,-67.5,-26.5,63.56,0.8,9.58,-4.94,8.14,336.81,16.06
2012-08-24,2012,8,24,237,-67.5,-26.5,63.67,-0.07,9.18,-5.63,5.2,316.38,16.56
2012-08-25,2012,8,25,238,-67.5,-26.5,63.69,0.62,11.78,-6.17,3.5,308.88,18.19
2012-08-26,2012,8,26,239,-67.5,-26.5,63.84,1.33,10.98,-4.61,3.02,286.69,19.94
2012-08-27,2012,8,27,240,-67.5,-26.5,63.98,0.77,9.77,-4.99,1.99,237.88,23.44
2012-08-28,2012,8,28,241,-67.5,-26.5,64.07,3.34,12.15,-3.87,1.02,240.31,22.12
2012-08-29,2012,8,29,242,-67.5,-26.5,63.92,5.47,15.48,-1.39,1.34,276.5,18.62
2012-08-30,2012,8,30,243,-67.5,-26.5,64,5.06,16.55,-3.99,2.56,290.75,19.88
2012-08-31,2012,8,31,244,-67.5,-26.5,64.08,5.94,16.5,-2.02,1.91,267.75,26.62
2012-09-01,2012,9,1,245,-67.5,-26.5,64.09,5.44,15.18,-0.87,1.36,244.88,42.94
2012-09-02,2012,9,2,246,-67.5,-26.5,64.07,4.62,13.69,-0.63,1.41,149.56,56.44
2012-09-03,2012,9,3,247,-67.5,-26.5,64,4.32,15.62,-3.7,4.78,299.56,41.12
2012-09-04,2012,9,4,248,-67.5,-26.5,64.01,5.02,16.01,-4.1,4.21,313.88,30.75
2012-09-05,2012,9,5,249,-67.5,-26.5,63.83,5.15,15.6,-2.74,5.41,324,33.56
2012-09-06,2012,9,6,250,-67.5,-26.5,63.34,4.79,13.94,-0.97,11.03,308.88,20.81
2012-09-07,2012,9,7,251,-67.5,-26.5,63.66,5.75,18.26,-2.53,5.91,302.19,15.25
2012-09-08,2012,9,8,252,-67.5,-26.5,63.88,5.37,17.33,-4.01,3.79,308.19,21.69
2012-09-09,2012,9,9,253,-67.5,-26.5,63.84,4.59,15.94,-3.9,4.8,309,23.38
2012-09-10,2012,9,10,254,-67.5,-26.5,63.97,5.08,16.43,-5.77,1.63,263.69,21.88
2012-09-11,2012,9,11,255,-67.5,-26.5,63.89,6.12,18.98,-4.44,2.85,295.12,17.75
2012-09-12,2012,9,12,256,-67.5,-26.5,63.96,5.75,17.62,-2.88,1.94,237.62,29.94
2012-09-13,2012,9,13,257,-67.5,-26.5,63.92,6.76,18.63,-2.95,3.24,299.25,29.94
2012-09-14,2012,9,14,258,-67.5,-26.5,63.97,6.3,17.91,-3.58,3.3,300.94,19.88
2012-09-15,2012,9,15,259,-67.5,-26.5,63.99,6.61,16.75,-2.6,3.25,291.25,22.81
2012-09-16,2012,9,16,260,-67.5,-26.5,63.93,5.4,16.43,-3.81,3.19,296.25,24.12
2012-09-17,2012,9,17,261,-67.5,-26.5,63.8,3.55,13.4,-4.07,4.42,311.12,31.06
2012-09-18,2012,9,18,262,-67.5,-26.5,63.26,-0.03,6.09,-7.33,10.57,300.12,33.12
2012-09-19,2012,9,19,263,-67.5,-26.5,63.52,1.67,12.01,-7.13,5.31,277.25,16.94
2012-09-20,2012,9,20,264,-67.5,-26.5,63.48,2.25,11.62,-3.65,6.48,278,20
2012-09-21,2012,9,21,265,-67.5,-26.5,63.71,2.76,14.05,-6.75,2.8,277.44,21.88
2012-09-22,2012,9,22,266,-67.5,-26.5,63.72,4.32,15.16,-4.11,2.75,286.94,21.69
2012-09-23,2012,9,23,267,-67.5,-26.5,63.69,3.55,14.51,-5.52,4.06,290.12,21.31
2012-09-24,2012,9,24,268,-67.5,-26.5,63.83,3.8,15.83,-5.38,2.96,256.75,27
2012-09-25,2012,9,25,269,-67.5,-26.5,64.02,3.7,15.62,-4.52,2.73,235.5,43.62
2012-09-26,2012,9,26,270,-67.5,-26.5,63.93,5.06,17.62,-5.38,1.95,292.75,43.19
2012-09-27,2012,9,27,271,-67.5,-26.5,63.69,4.76,15.37,-3.83,6.27,320,18.5
2012-09-28,2012,9,28,272,-67.5,-26.5,63.65,3.49,13.52,-3.96,6.27,295.44,23.06
2012-09-29,2012,9,29,273,-67.5,-26.5,63.79,4.78,17.43,-5.76,3.54,288.06,21.31
2012-09-30,2012,9,30,274,-67.5,-26.5,63.75,3.98,14.79,-4.71,5.44,303.88,19.62
2012-10-01,2012,10,1,275,-67.5,-26.5,63.62,4.51,16.06,-4.69,5.4,309.19,21.56
2012-10-02,2012,10,2,276,-67.5,-26.5,63.66,3.29,14.41,-5.35,5.76,313.44,21.19
2012-10-03,2012,10,3,277,-67.5,-26.5,63.84,4.7,16.19,-5.42,3.69,282.25,20.69
2012-10-04,2012,10,4,278,-67.5,-26.5,63.76,3.83,14.43,-5.1,4.04,308.06,18.62
2012-10-05,2012,10,5,279,-67.5,-26.5,63.53,3.82,15.81,-5.25,4.3,309.06,20.69
2012-10-06,2012,10,6,280,-67.5,-26.5,63.45,3.8,15.85,-5.17,6.08,322.06,18.88
2012-10-07,2012,10,7,281,-67.5,-26.5,63.6,2.76,14.08,-6.77,5.81,324.44,20.62
2012-10-08,2012,10,8,282,-67.5,-26.5,63.76,3.14,14.61,-5.95,5.78,323.62,22.5
2012-10-09,2012,10,9,283,-67.5,-26.5,63.75,2.7,12.15,-5.16,5.12,292.62,25
2012-10-10,2012,10,10,284,-67.5,-26.5,63.7,3.4,15.39,-4.93,2.06,262.12,31.44
2012-10-11,2012,10,11,285,-67.5,-26.5,63.7,3.4,13.86,-4.92,1.65,267.5,35.38
2012-10-12,2012,10,12,286,-67.5,-26.5,63.8,5.18,16.26,-5.14,2.24,293.56,29.38
2012-10-13,2012,10,13,287,-67.5,-26.5,63.78,5.8,17.68,-5.09,3.9,312.25,19.5
2012-10-14,2012,10,14,288,-67.5,-26.5,63.74,4.72,15.62,-4.75,5.63,321.44,23.25
2012-10-15,2012,10,15,289,-67.5,-26.5,63.74,4.89,15.88,-3.52,5.62,289.75,18.38
2012-10-16,2012,10,16,290,-67.5,-26.5,63.86,5.72,17.69,-5.2,3.7,276.56,15.38
2012-10-17,2012,10,17,291,-67.5,-26.5,63.85,6,17.12,-4.41,4.09,288.56,14.25
2012-10-18,2012,10,18,292,-67.5,-26.5,63.78,5.67,17.6,-5.5,4.21,297.38,14.75
2012-10-19,2012,10,19,293,-67.5,-26.5,63.7,5.97,17.83,-4.6,4.27,307,18.06
2012-10-20,2012,10,20,294,-67.5,-26.5,63.67,5.81,17.51,-5.14,4.45,310.06,16.56
2012-10-21,2012,10,21,295,-67.5,-26.5,63.45,4.13,14.73,-5.51,6.68,318.44,19.25
2012-10-22,2012,10,22,296,-67.5,-26.5,63.33,1.48,10.66,-5.85,6.95,300.12,21.81
2012-10-23,2012,10,23,297,-67.5,-26.5,63.45,3.15,13.99,-6.63,6.15,303.56,23.19
2012-10-24,2012,10,24,298,-67.5,-26.5,63.56,4.58,15.72,-5.04,5.65,301.56,18.88
2012-10-25,2012,10,25,299,-67.5,-26.5,63.65,5.38,17.49,-5.36,5.39,311,18
2012-10-26,2012,10,26,300,-67.5,-26.5,63.77,7.12,19.26,-4.69,4.64,304.12,15.25
2012-10-27,2012,10,27,301,-67.5,-26.5,63.99,8.67,18.25,-0.58,2.01,302.06,29.88
2012-10-28,2012,10,28,302,-67.5,-26.5,63.92,9.28,19.33,0.19,3.22,303.31,47.19
2012-10-29,2012,10,29,303,-67.5,-26.5,63.92,9.5,20.07,-1.25,3.14,280.5,38.19
2012-10-30,2012,10,30,304,-67.5,-26.5,63.85,9.26,19.3,0.95,3.7,283.94,32.5
2012-10-31,2012,10,31,305,-67.5,-26.5,63.84,7.66,19.36,-4.15,2.39,274.5,25
2012-11-01,2012,11,1,306,-67.5,-26.5,63.79,8.26,18.85,-1.31,2.16,263.31,32.19
2012-11-02,2012,11,2,307,-67.5,-26.5,63.8,7.61,17.83,-3.46,1.69,257.56,37.38
2012-11-03,2012,11,3,308,-67.5,-26.5,63.81,8.54,19.45,-3.26,1.84,251.62,34.44
2012-11-04,2012,11,4,309,-67.5,-26.5,63.82,9.77,20.05,1.21,1.98,252.06,42.56
2012-11-05,2012,11,5,310,-67.5,-26.5,63.82,9.4,18.76,1.67,1.89,216,50.31
2012-11-06,2012,11,6,311,-67.5,-26.5,63.77,9.27,18.22,2.85,1.8,204.44,55.69
2012-11-07,2012,11,7,312,-67.5,-26.5,63.74,8.76,17.23,0.72,1.66,202,47.69
2012-11-08,2012,11,8,313,-67.5,-26.5,63.58,8.96,21.16,-1.77,3.98,307.38,25.62
2012-11-09,2012,11,9,314,-67.5,-26.5,63.58,6.98,18.37,-3.92,5.46,309.06,23.62
2012-11-10,2012,11,10,315,-67.5,-26.5,63.7,6.81,18,-4.63,4.7,300.69,22.5
2012-11-11,2012,11,11,316,-67.5,-26.5,63.87,8.22,21.3,-4.31,3.05,259.75,29.12
2012-11-12,2012,11,12,317,-67.5,-26.5,63.92,9.68,21.27,0.26,2.38,243,37.44
2012-11-13,2012,11,13,318,-67.5,-26.5,63.85,9.73,20.64,-1.1,3.49,266.38,27.75
2012-11-14,2012,11,14,319,-67.5,-26.5,63.86,8.72,19.11,-1.37,2.44,239.88,29.19
2012-11-15,2012,11,15,320,-67.5,-26.5,63.77,8.87,18.9,-0.06,2.02,245.44,25.94
2012-11-16,2012,11,16,321,-67.5,-26.5,63.78,7.93,18.89,-3.5,3.75,293.19,23.94
2012-11-17,2012,11,17,322,-67.5,-26.5,63.9,8.38,18.75,-2.7,2.95,276.5,26.5
2012-11-18,2012,11,18,323,-67.5,-26.5,63.92,9.53,18.61,0.75,2.06,200.69,41.88
2012-11-19,2012,11,19,324,-67.5,-26.5,63.88,9.88,18.69,3.19,1.88,172.38,58.25
2012-11-20,2012,11,20,325,-67.5,-26.5,63.79,11.21,20.62,2.16,1.26,246.44,48.12
2012-11-21,2012,11,21,326,-67.5,-26.5,63.72,11.08,21.51,1.51,3.92,304,26.38
2012-11-22,2012,11,22,327,-67.5,-26.5,63.72,9.04,20.36,-1.65,3.05,289.31,26.19
2012-11-23,2012,11,23,328,-67.5,-26.5,63.75,7.61,17.94,-3.63,4.16,292.88,29.12
2012-11-24,2012,11,24,329,-67.5,-26.5,63.77,8.04,19.46,-3.19,3.1,256.25,32.38
2012-11-25,2012,11,25,330,-67.5,-26.5,63.74,8.51,19.19,-2.67,3.4,279.31,32.19
2012-11-26,2012,11,26,331,-67.5,-26.5,63.83,8.19,18.81,-3.4,3.88,290.88,23.88
2012-11-27,2012,11,27,332,-67.5,-26.5,63.71,9.41,21.75,-2.67,3.27,283.69,17.75
2012-11-28,2012,11,28,333,-67.5,-26.5,63.66,8.27,18.58,-2.95,4.77,301.56,21.88
2012-11-29,2012,11,29,334,-67.5,-26.5,63.77,7.37,17.8,-2.87,5.25,311.56,21.19
2012-11-30,2012,11,30,335,-67.5,-26.5,63.84,8.19,19.85,-4.45,3.55,295.81,24.56
2012-12-01,2012,12,1,336,-67.5,-26.5,63.89,10.32,20.8,-1.1,1.56,223.88,36.38
2012-12-02,2012,12,2,337,-67.5,-26.5,63.85,12.26,21.53,2.44,1.42,276.88,39.88
2012-12-03,2012,12,3,338,-67.5,-26.5,63.8,12.84,22.49,2.01,2.38,277.81,36.19
2012-12-04,2012,12,4,339,-67.5,-26.5,63.84,12.94,21.49,5.26,1.45,240.62,45.69
2012-12-05,2012,12,5,340,-67.5,-26.5,63.71,12.86,23.49,1.48,2.48,277.5,38.25
2012-12-06,2012,12,6,341,-67.5,-26.5,63.6,12.45,22.65,1.54,3.79,288.19,36.06
2012-12-07,2012,12,7,342,-67.5,-26.5,63.7,12.62,23.4,5.53,2.29,221.56,50.38
2012-12-08,2012,12,8,343,-67.5,-26.5,63.97,12.47,22.43,3.42,2.9,183.94,52.44
2012-12-09,2012,12,9,344,-67.5,-26.5,63.99,13.11,24.48,4.98,1.56,228.44,54.56
2012-12-10,2012,12,10,345,-67.5,-26.5,63.71,14.15,24.31,6.39,2.64,240.12,42.75
2012-12-11,2012,12,11,346,-67.5,-26.5,63.63,14.26,24.37,6.19,2.41,231.94,45
2012-12-12,2012,12,12,347,-67.5,-26.5,63.69,12.44,22.94,1.3,2.57,237.75,29.06
2012-12-13,2012,12,13,348,-67.5,-26.5,63.84,10.84,19.19,2.49,2.05,131.06,48.12
2012-12-14,2012,12,14,349,-67.5,-26.5,63.74,12.58,22.05,2.98,2.04,225.81,46.5
2012-12-15,2012,12,15,350,-67.5,-26.5,63.76,12.71,21.64,6.06,1.89,180.62,50.06
2012-12-16,2012,12,16,351,-67.5,-26.5,63.78,12.17,21.04,2.58,2.71,189.94,35.19
2012-12-17,2012,12,17,352,-67.5,-26.5,63.64,13.1,22.51,4.76,1.68,255.44,41.5
2012-12-18,2012,12,18,353,-67.5,-26.5,63.48,11.45,22.14,0.55,2.81,294.62,29.81
2012-12-19,2012,12,19,354,-67.5,-26.5,63.55,8.75,19.41,-2.17,4.59,306.38,29.31
2012-12-20,2012,12,20,355,-67.5,-26.5,63.63,8.05,19.13,-2.65,4.26,301.62,38.56
2012-12-21,2012,12,21,356,-67.5,-26.5,63.81,9.44,20.67,-2.2,2.3,248.06,41.31
2012-12-22,2012,12,22,357,-67.5,-26.5,63.83,13.26,23.5,2.1,2.3,236.56,44.38
2012-12-23,2012,12,23,358,-67.5,-26.5,63.76,13.68,23.37,3.19,2.01,268.62,37.38
2012-12-24,2012,12,24,359,-67.5,-26.5,63.67,14.26,24.54,3.92,2.91,284.38,31.38
2012-12-25,2012,12,25,360,-67.5,-26.5,63.65,12.73,24.12,1.69,2.51,269.56,30.69
2012-12-26,2012,12,26,361,-67.5,-26.5,63.67,11.09,22.36,2.32,2.09,240.75,42.06
2012-12-27,2012,12,27,362,-67.5,-26.5,63.62,9.3,20.06,-1.95,3.1,254.19,33
2012-12-28,2012,12,28,363,-67.5,-26.5,63.59,9.4,20.05,-1.1,2.01,264,35.81
2012-12-29,2012,12,29,364,-67.5,-26.5,63.68,9.69,19.13,0.67,2.3,214.81,40.81
2012-12-30,2012,12,30,365,-67.5,-26.5,63.77,10.55,20.72,2.33,2.73,274.44,36.44
2012-12-31,2012,12,31,366,-67.5,-26.5,63.88,9.45,20.05,-2.92,3.38,265.75,27.12
2013-01-01,2013,1,1,1,-67.5,-26.5,63.91,8.74,18.07,1.22,1.98,205.19,56.94
2013-01-02,2013,1,2,2,-67.5,-26.5,63.8,10.07,20.52,0.44,2.75,275.31,40.56
2013-01-03,2013,1,3,3,-67.5,-26.5,63.91,9.48,20.47,-1.99,4.25,297.94,20.31
2013-01-04,2013,1,4,4,-67.5,-26.5,63.96,9.83,21.04,-2.02,4.73,303.88,18.12
2013-01-05,2013,1,5,5,-67.5,-26.5,63.85,10.87,22.01,-1.32,4.05,299.06,19.69
2013-01-06,2013,1,6,6,-67.5,-26.5,63.67,10.24,20.35,1.69,3.77,309.88,23.62
2013-01-07,2013,1,7,7,-67.5,-26.5,63.74,9.04,18.78,-2.39,2.28,197.25,38.69
2013-01-08,2013,1,8,8,-67.5,-26.5,63.86,11.8,21.62,1.49,2.11,216.06,50.06
2013-01-09,2013,1,9,9,-67.5,-26.5,64.08,12.38,20.49,5.29,2.69,133.31,61.06
2013-01-10,2013,1,10,10,-67.5,-26.5,64.2,10.51,18.92,4.86,2.06,141.75,64.06
2013-01-11,2013,1,11,11,-67.5,-26.5,63.97,9.55,15.87,5.58,0.96,119.56,72.19
2013-01-12,2013,1,12,12,-67.5,-26.5,63.85,10.18,18.29,3.54,2.77,152.44,67.12
2013-01-13,2013,1,13,13,-67.5,-26.5,64.01,8.52,14.76,3.55,3.05,143.31,73.31
2013-01-14,2013,1,14,14,-67.5,-26.5,64.02,10.33,17.53,4.53,3.34,142.25,65.56
2013-01-15,2013,1,15,15,-67.5,-26.5,63.8,11,18.65,4.55,2.19,143.5,63.31
2013-01-16,2013,1,16,16,-67.5,-26.5,63.73,9.34,16.65,3.01,3.68,153.31,70.75
2013-01-17,2013,1,17,17,-67.5,-26.5,63.95,7.55,16.37,2.03,2.45,151.44,74.81
2013-01-18,2013,1,18,18,-67.5,-26.5,64.03,7.44,15.77,2.08,2.34,151.88,74
2013-01-19,2013,1,19,19,-67.5,-26.5,64.02,6.15,14.48,1.2,2.91,142.19,76.31
2013-01-20,2013,1,20,20,-67.5,-26.5,63.97,5.19,11.33,1.69,1.62,108.12,76.69
2013-01-21,2013,1,21,21,-67.5,-26.5,63.82,8.8,17.17,1.9,1.55,199.69,60.69
2013-01-22,2013,1,22,22,-67.5,-26.5,63.94,10.06,19.4,1.74,1.8,259,53
2013-01-23,2013,1,23,23,-67.5,-26.5,64,10.8,19.62,4.59,1.76,216.06,54.69
2013-01-24,2013,1,24,24,-67.5,-26.5,63.92,9.79,19.32,-0,2.57,269.5,41.19
2013-01-25,2013,1,25,25,-67.5,-26.5,63.94,9.19,17.87,0.78,2.02,254,45.19
2013-01-26,2013,1,26,26,-67.5,-26.5,63.9,10.06,18.87,3.19,2.02,255.12,51.12
2013-01-27,2013,1,27,27,-67.5,-26.5,63.97,9.86,19.34,-0.1,3.12,290.75,36.5
2013-01-28,2013,1,28,28,-67.5,-26.5,64.05,9.34,19.68,-1.74,3.53,293.75,33.38
2013-01-29,2013,1,29,29,-67.5,-26.5,64.07,9.91,18.72,0.5,2.34,277.25,37.88
2013-01-30,2013,1,30,30,-67.5,-26.5,63.91,10.65,18.23,3.64,1.63,196.94,53.12
2013-01-31,2013,1,31,31,-67.5,-26.5,63.8,10.87,19.86,1.88,1.43,241.69,40.31
2013-02-01,2013,2,1,32,-67.5,-26.5,63.96,12.21,21.15,4.59,2.02,249.19,44.69
2013-02-02,2013,2,2,33,-67.5,-26.5,64.21,11.38,19.12,4.56,2.17,131.75,62.5
2013-02-03,2013,2,3,34,-67.5,-26.5,64.18,11.33,17.98,5.53,2.84,157.5,66.94
2013-02-04,2013,2,4,35,-67.5,-26.5,63.99,12.22,21.52,3.89,2.82,192.5,57.5
2013-02-05,2013,2,5,36,-67.5,-26.5,64.04,10.97,19.42,5.37,2.89,152.19,62.12
2013-02-06,2013,2,6,37,-67.5,-26.5,64.09,9.49,17.15,3.19,3.39,147.44,62.38
2013-02-07,2013,2,7,38,-67.5,-26.5,63.99,8.66,15.43,2.74,3.39,144.62,64.56
2013-02-08,2013,2,8,39,-67.5,-26.5,63.82,10.08,19.19,2.09,1.75,144.75,57.81
2013-02-09,2013,2,9,40,-67.5,-26.5,63.72,10.6,18.79,4.33,1.62,199.25,56.5
2013-02-10,2013,2,10,41,-67.5,-26.5,63.73,9.35,17.52,1.66,1.89,213.19,46.81
2013-02-11,2013,2,11,42,-67.5,-26.5,63.76,7.55,13.76,2.51,2.03,184.69,65.12
2013-02-12,2013,2,12,43,-67.5,-26.5,63.75,9.91,18.83,1.57,2.39,195.44,52.94
2013-02-13,2013,2,13,44,-67.5,-26.5,63.82,9.39,17.89,3.51,1.78,181.12,58.69
2013-02-14,2013,2,14,45,-67.5,-26.5,63.9,8.82,16.08,3.94,1.62,169.25,67.19
2013-02-15,2013,2,15,46,-67.5,-26.5,63.82,10.34,18.34,4.01,1.52,183.69,60.94
2013-02-16,2013,2,16,47,-67.5,-26.5,63.71,11.2,20.69,1.66,1.58,256,44.12
2013-02-17,2013,2,17,48,-67.5,-26.5,63.75,11.49,20.76,2.75,1.37,240.25,46.38
2013-02-18,2013,2,18,49,-67.5,-26.5,63.77,9.64,18.94,2.61,2.65,254.12,46
2013-02-19,2013,2,19,50,-67.5,-26.5,63.71,8.53,20.3,-2.91,2.9,293.88,37
2013-02-20,2013,2,20,51,-67.5,-26.5,63.76,8.4,19.85,-2.7,3.03,260.06,43.81
2013-02-21,2013,2,21,52,-67.5,-26.5,63.94,9.7,20.12,-0.21,1.98,222.88,59.88
2013-02-22,2013,2,22,53,-67.5,-26.5,64.03,11.67,21.28,3.28,1.69,183.81,59.75
2013-02-23,2013,2,23,54,-67.5,-26.5,63.91,13.58,23.79,3.55,1.91,272,55
2013-02-24,2013,2,24,55,-67.5,-26.5,63.88,12.69,21.23,5.5,1.59,219.75,55.31
2013-02-25,2013,2,25,56,-67.5,-26.5,63.82,10.68,19.99,5.04,2.41,177.56,65.12
2013-02-26,2013,2,26,57,-67.5,-26.5,63.87,10.01,20.22,3.03,1.88,233.81,58.06
2013-02-27,2013,2,27,58,-67.5,-26.5,64.01,9.51,18.4,1.61,1.59,203,52.12
2013-02-28,2013,2,28,59,-67.5,-26.5,63.9,10.83,20.49,1.2,1.43,302.12,52
2013-03-01,2013,3,1,60,-67.5,-26.5,63.78,10.72,23.07,-0.88,3.48,297.19,31.62
2013-03-02,2013,3,2,61,-67.5,-26.5,63.86,9.91,22.08,-1.76,2.74,269.62,32.69
2013-03-03,2013,3,3,62,-67.5,-26.5,63.99,10.14,21.21,0.85,2.77,285.62,37.19
2013-03-04,2013,3,4,63,-67.5,-26.5,63.92,9.75,20.38,0.3,3.14,284.56,40.62
2013-03-05,2013,3,5,64,-67.5,-26.5,63.87,8.76,20.02,-1.39,2.66,289.56,36
2013-03-06,2013,3,6,65,-67.5,-26.5,63.82,9.29,21.32,-2.47,2.8,280.44,33.81
2013-03-07,2013,3,7,66,-67.5,-26.5,63.93,9.87,19.84,-0.03,2.41,296.81,36.12
2013-03-08,2013,3,8,67,-67.5,-26.5,64.06,10.39,18.51,2.44,1.68,268.44,46.88
2013-03-09,2013,3,9,68,-67.5,-26.5,64.01,10.78,20.28,1.57,1.67,243.31,45.12
2013-03-10,2013,3,10,69,-67.5,-26.5,63.89,10.19,18.78,3.55,1.39,229.06,56.12
2013-03-11,2013,3,11,70,-67.5,-26.5,63.67,7.3,19.04,-2.77,3.69,301.25,33.38
2013-03-12,2013,3,12,71,-67.5,-26.5,63.7,4.75,16.19,-4.97,3.8,307.44,31.44
2013-03-13,2013,3,13,72,-67.5,-26.5,63.68,5.1,16.73,-5.71,3.16,273.81,36.06
2013-03-14,2013,3,14,73,-67.5,-26.5,63.72,4.65,15.27,-6.12,3.02,284.19,44.62
2013-03-15,2013,3,15,74,-67.5,-26.5,63.81,4.58,14.8,-4.46,2.38,265.75,43.75
2013-03-16,2013,3,16,75,-67.5,-26.5,63.92,6.95,19.19,-3.57,1.81,286.19,37.12
2013-03-17,2013,3,17,76,-67.5,-26.5,63.88,7.21,19.37,-3.85,2.6,271.94,34
2013-03-18,2013,3,18,77,-67.5,-26.5,63.76,6.06,17.37,-4.1,2.8,294.69,35.06
2013-03-19,2013,3,19,78,-67.5,-26.5,63.59,3.52,12.84,-4.85,2.66,279.56,40.44
2013-03-20,2013,3,20,79,-67.5,-26.5,63.64,4.69,16.5,-6.09,1.73,266.38,38.25
2013-03-21,2013,3,21,80,-67.5,-26.5,63.8,5.26,14.37,-3.43,1.62,208.44,41.75
2013-03-22,2013,3,22,81,-67.5,-26.5,63.83,5.8,15.93,-3,2.48,277.62,48.75
2013-03-23,2013,3,23,82,-67.5,-26.5,63.89,4.4,13.44,-5.29,1.65,231.69,47.5
2013-03-24,2013,3,24,83,-67.5,-26.5,63.68,4.78,15.08,-5.64,2.57,279.38,39.31
2013-03-25,2013,3,25,84,-67.5,-26.5,63.87,3.8,12.5,-3.7,1.76,189.56,48.69
2013-03-26,2013,3,26,85,-67.5,-26.5,64.04,5.65,15.06,-3.27,1.92,214.56,62.69
2013-03-27,2013,3,27,86,-67.5,-26.5,64.01,6.45,14.87,-0.34,1.8,177.69,63.25
2013-03-28,2013,3,28,87,-67.5,-26.5,63.95,5.79,13.62,0.11,1.28,221.19,62
2013-03-29,2013,3,29,88,-67.5,-26.5,63.89,5.32,14.33,-3.59,1.57,232.81,48.62
2013-03-30,2013,3,30,89,-67.5,-26.5,63.83,5.66,16.38,-4.08,2.15,299.75,33.5
2013-03-31,2013,3,31,90,-67.5,-26.5,63.73,3.93,15.08,-5.11,3.92,315.19,27
2013-04-01,2013,4,1,91,-67.5,-26.5,63.72,3.08,14.58,-5.38,4.88,319.69,26.69
2013-04-02,2013,4,2,92,-67.5,-26.5,63.72,2.52,13.35,-6.45,4.17,306.31,31.06
2013-04-03,2013,4,3,93,-67.5,-26.5,63.62,1.27,11.55,-6.72,3.88,310.25,38.44
2013-04-04,2013,4,4,94,-67.5,-26.5,63.67,2.06,13.05,-5.95,3.63,291.56,32.69
2013-04-05,2013,4,5,95,-67.5,-26.5,63.78,2.72,15.44,-6.34,3.77,306.5,28.62
2013-04-06,2013,4,6,96,-67.5,-26.5,63.83,4.01,15.51,-4.83,2.75,287.44,34.12
2013-04-07,2013,4,7,97,-67.5,-26.5,63.82,4.2,15.22,-5.35,2.06,285,34.44
2013-04-08,2013,4,8,98,-67.5,-26.5,63.85,4.62,14.94,-3.81,1.38,277.69,34.69
2013-04-09,2013,4,9,99,-67.5,-26.5,63.8,4.11,15.43,-5.03,2.91,301.81,30
2013-04-10,2013,4,10,100,-67.5,-26.5,63.64,3.49,14.55,-4.46,4.44,310.5,30.38
2013-04-11,2013,4,11,101,-67.5,-26.5,63.56,2.55,12.33,-3.8,4.77,305,39.44
2013-04-12,2013,4,12,102,-67.5,-26.5,63.66,1.29,10.8,-5.79,3.66,296.5,40.31
2013-04-13,2013,4,13,103,-67.5,-26.5,63.84,3.39,15.08,-6.33,1.78,285.12,34.31
2013-04-14,2013,4,14,104,-67.5,-26.5,63.95,4.51,15,-3.13,1.89,243.5,38.88
2013-04-15,2013,4,15,105,-67.5,-26.5,64.15,4.92,13.92,-1.59,0.87,197.75,43.5
2013-04-16,2013,4,16,106,-67.5,-26.5,64.19,5.03,14.61,-1.78,1.6,209.31,41.31
2013-04-17,2013,4,17,107,-67.5,-26.5,64.15,4.77,14.7,-3.06,1.52,197.25,38.38
2013-04-18,2013,4,18,108,-67.5,-26.5,64.01,5.23,15.18,-2.17,1.2,212.75,38.94
2013-04-19,2013,4,19,109,-67.5,-26.5,64.01,5.87,15.68,-1.53,1.16,206.44,43
2013-04-20,2013,4,20,110,-67.5,-26.5,64.09,6.11,16.24,-2.86,1.52,279.69,39.12
2013-04-21,2013,4,21,111,-67.5,-26.5,64.2,6.23,15.2,-0.1,1.44,182.5,43.62
2013-04-22,2013,4,22,112,-67.5,-26.5,64.2,6.14,16.3,-1.8,1.66,211.19,45.94
2013-04-23,2013,4,23,113,-67.5,-26.5,64.18,6.14,16.45,-1.53,1.12,198,46.44
2013-04-24,2013,4,24,114,-67.5,-26.5,64.05,6.73,17.75,-2.52,1.66,273.06,42.94
2013-04-25,2013,4,25,115,-67.5,-26.5,63.98,6.26,17.44,-3.13,2.34,311.88,27.75
2013-04-26,2013,4,26,116,-67.5,-26.5,63.79,4.74,15.68,-3.2,5.72,316.88,26.12
2013-04-27,2013,4,27,117,-67.5,-26.5,63.69,3.7,15.45,-4.21,4.81,309.69,25.19
2013-04-28,2013,4,28,118,-67.5,-26.5,63.79,2.41,12.58,-4.65,3.76,315.81,29.81
2013-04-29,2013,4,29,119,-67.5,-26.5,63.83,2.88,14.68,-4.79,3.07,317.56,33.62
2013-04-30,2013,4,30,120,-67.5,-26.5,63.87,2.88,14.44,-4.72,3.96,313.12,26.81
2013-05-01,2013,5,1,121,-67.5,-26.5,63.91,2.93,13.43,-3.85,4.59,319.38,28.44
2013-05-02,2013,5,2,122,-67.5,-26.5,63.86,2.59,12.89,-3.57,5.88,317.44,31.06
2013-05-03,2013,5,3,123,-67.5,-26.5,63.82,2.44,13.6,-4.24,4.46,306.81,26.94
2013-05-04,2013,5,4,124,-67.5,-26.5,63.87,2.68,13.3,-4.75,3.27,294.19,25.81
2013-05-05,2013,5,5,125,-67.5,-26.5,64.21,3.36,11.7,-2.76,1.3,223.88,20.62
2013-05-06,2013,5,6,126,-67.5,-26.5,64.21,2.87,14.02,-3.86,2.16,247.19,30
2013-05-07,2013,5,7,127,-67.5,-26.5,64.18,3.79,15.18,-5.32,1.79,298.12,34.94
2013-05-08,2013,5,8,128,-67.5,-26.5,64.05,3.49,15.48,-4.84,2.35,308.69,29
2013-05-09,2013,5,9,129,-67.5,-26.5,63.98,2.82,14.68,-4.16,3.29,317.56,25.94
2013-05-10,2013,5,10,130,-67.5,-26.5,63.84,2.57,13.03,-3.49,4.69,318.38,33.25
2013-05-11,2013,5,11,131,-67.5,-26.5,63.81,1.52,11.65,-4.34,2.87,308.69,36.94
2013-05-12,2013,5,12,132,-67.5,-26.5,63.73,1.02,10.95,-5.82,1.89,306.94,36.19
2013-05-13,2013,5,13,133,-67.5,-26.5,63.66,0.34,9.95,-4.99,4.42,309.25,38.62
2013-05-14,2013,5,14,134,-67.5,-26.5,63.66,0.41,10.98,-5.25,4.59,309.5,31.94
2013-05-15,2013,5,15,135,-67.5,-26.5,63.7,0.76,10.88,-4.97,4.43,317,30
2013-05-16,2013,5,16,136,-67.5,-26.5,63.82,0.56,8.9,-4.98,3.59,316.44,40.19
2013-05-17,2013,5,17,137,-67.5,-26.5,63.74,0.7,5.69,-2.81,1.98,339.69,70.06
2013-05-18,2013,5,18,138,-67.5,-26.5,63.73,0.72,8.5,-4.58,5.23,325.06,62.19
2013-05-19,2013,5,19,139,-67.5,-26.5,63.9,0.4,9.73,-4.67,4.47,313.31,50.75
2013-05-20,2013,5,20,140,-67.5,-26.5,63.82,0.52,10.31,-4.7,4.23,319.06,40.56
2013-05-21,2013,5,21,141,-67.5,-26.5,63.73,0.32,9.21,-4.24,4.3,317.31,51.5
2013-05-22,2013,5,22,142,-67.5,-26.5,63.69,0.18,8.66,-4.63,3.47,308.44,46.25
2013-05-23,2013,5,23,143,-67.5,-26.5,63.78,0.64,8.95,-4.89,2.16,264.56,40.25
2013-05-24,2013,5,24,144,-67.5,-26.5,63.93,0.94,8.88,-3.24,0.84,213.94,31.81
2013-05-25,2013,5,25,145,-67.5,-26.5,63.64,0.19,9.33,-4.97,3.84,316.56,32.94
2013-05-26,2013,5,26,146,-67.5,-26.5,63.62,-0.77,8.53,-5.35,4.8,305,28.06
2013-05-27,2013,5,27,147,-67.5,-26.5,63.53,-0.37,9.04,-6.09,6.77,306.75,22.94
2013-05-28,2013,5,28,148,-67.5,-26.5,63.37,0.06,7.76,-3.66,8.11,302.56,23.38
2013-05-29,2013,5,29,149,-67.5,-26.5,63.62,0.63,10.3,-6.33,3.01,280.56,29.69
2013-05-30,2013,5,30,150,-67.5,-26.5,63.7,0.45,10.58,-5.25,2.08,309.5,32.94
2013-05-31,2013,5,31,151,-67.5,-26.5,63.61,-0.31,8.37,-4.26,5.7,307.62,26.94
2013-06-01,2013,6,1,152,-67.5,-26.5,63.75,0.28,9.36,-6.19,2.78,245.25,29.56
2013-06-02,2013,6,2,153,-67.5,-26.5,64.04,1.52,10.17,-4.93,1.58,252.38,29.12
2013-06-03,2013,6,3,154,-67.5,-26.5,64.04,3.05,12.6,-3.29,1.57,303.94,24.56
2013-06-04,2013,6,4,155,-67.5,-26.5,64,1.31,9.86,-4.04,1.47,231.75,24.31
2013-06-05,2013,6,5,156,-67.5,-26.5,64,1.5,10.94,-4.65,1.75,240.12,25.44
2013-06-06,2013,6,6,157,-67.5,-26.5,64.04,2.82,11.77,-3.77,1.2,269.69,24.44
2013-06-07,2013,6,7,158,-67.5,-26.5,64.07,2.6,12.35,-3.42,2.19,270.56,30.5
2013-06-08,2013,6,8,159,-67.5,-26.5,63.99,1.34,9.91,-3.54,2.78,310.81,41.75
2013-06-09,2013,6,9,160,-67.5,-26.5,63.92,0.83,9.15,-4.58,2.12,295.44,47.5
2013-06-10,2013,6,10,161,-67.5,-26.5,63.91,0.83,8.03,-3.2,1.79,299.25,47.69
2013-06-11,2013,6,11,162,-67.5,-26.5,63.93,1.07,9.31,-4.28,1.93,300.5,40.31
2013-06-12,2013,6,12,163,-67.5,-26.5,64.05,1.75,9.05,-3.55,1.2,276,36.94
2013-06-13,2013,6,13,164,-67.5,-26.5,63.92,1.98,9.3,-2.51,1.41,245.44,50.25
2013-06-14,2013,6,14,165,-67.5,-26.5,63.79,0.19,7.48,-4.37,1.86,214.38,55.12
2013-06-15,2013,6,15,166,-67.5,-26.5,63.69,-1.04,5.47,-5.81,1.84,260.25,43.12
2013-06-16,2013,6,16,167,-67.5,-26.5,63.69,0.01,10.26,-5.5,1.95,296.94,34.88
2013-06-17,2013,6,17,168,-67.5,-26.5,63.52,-1.17,8.37,-6.33,4.17,315.69,30.44
2013-06-18,2013,6,18,169,-67.5,-26.5,63.45,-2.2,5.83,-6.9,4.34,322.19,33.19
2013-06-19,2013,6,19,170,-67.5,-26.5,63.2,-5.09,2.01,-9.91,5.27,328.31,49
2013-06-20,2013,6,20,171,-67.5,-26.5,63.1,-7.71,-0.11,-12.63,5.18,313.31,52.31
2013-06-21,2013,6,21,172,-67.5,-26.5,63.44,-7.33,4.48,-16,2.51,293.06,38.38
2013-06-22,2013,6,22,173,-67.5,-26.5,63.47,-4.4,6.21,-12.03,3.48,314.5,31.19
2013-06-23,2013,6,23,174,-67.5,-26.5,63.45,-4.06,4.55,-10.15,4.98,324.19,35.12
2013-06-24,2013,6,24,175,-67.5,-26.5,63.47,-4.23,4.25,-10.64,4.8,314.06,33.06
2013-06-25,2013,6,25,176,-67.5,-26.5,63.51,-4.6,3.14,-10.36,4.41,308,41.5
2013-06-26,2013,6,26,177,-67.5,-26.5,63.63,-4.31,6.26,-12.69,3.53,298.56,39.19
2013-06-27,2013,6,27,178,-67.5,-26.5,63.8,-1.41,6.54,-7.07,5.41,305.25,52.75
2013-06-28,2013,6,28,179,-67.5,-26.5,63.8,-0.75,6.79,-4.76,6.23,303.62,43.62
2013-06-29,2013,6,29,180,-67.5,-26.5,63.65,-1.69,6.91,-7.38,5.18,310.88,33.69
2013-06-30,2013,6,30,181,-67.5,-26.5,63.69,-2.6,6.28,-8.86,3.33,303.56,32.12
2013-07-01,2013,7,1,182,-67.5,-26.5,63.93,-1.49,8.51,-9.76,2.06,317.88,24.81
2013-07-02,2013,7,2,183,-67.5,-26.5,63.76,-0.02,10.48,-8.13,2.23,318.88,24.19
2013-07-03,2013,7,3,184,-67.5,-26.5,63.58,-0.89,9.23,-6.85,2.3,311.06,25.19
2013-07-04,2013,7,4,185,-67.5,-26.5,63.58,-1.67,7.66,-8.56,4.63,328.44,26.69
2013-07-05,2013,7,5,186,-67.5,-26.5,63.61,-0.07,7.62,-4.48,7.52,327.88,38.44
2013-07-06,2013,7,6,187,-67.5,-26.5,63.79,0.99,10.69,-4.66,4.9,320.12,22.5
2013-07-07,2013,7,7,188,-67.5,-26.5,63.85,0.51,10.1,-5.62,3.66,324.31,29.12
2013-07-08,2013,7,8,189,-67.5,-26.5,63.88,1.1,9.76,-3.94,3.89,330.5,49.12
2013-07-09,2013,7,9,190,-67.5,-26.5,63.8,0.83,8.83,-3.1,5.71,320.38,52.75
2013-07-10,2013,7,10,191,-67.5,-26.5,63.86,1.44,11.69,-3.28,4.64,320.25,38.62
2013-07-11,2013,7,11,192,-67.5,-26.5,63.86,2,11.45,-3.87,3.38,310.88,28.44
2013-07-12,2013,7,12,193,-67.5,-26.5,63.82,0.76,9.6,-4.38,2.67,307.94,27.19
2013-07-13,2013,7,13,194,-67.5,-26.5,63.93,0.63,8.87,-6.02,1.28,231.44,24.69
2013-07-14,2013,7,14,195,-67.5,-26.5,63.99,2.54,11.59,-3.75,1.57,268.94,21.31
2013-07-15,2013,7,15,196,-67.5,-26.5,64.02,3.44,11.74,-2.34,1.25,258.12,22.62
2013-07-16,2013,7,16,197,-67.5,-26.5,64,3.17,11.69,-2.59,1.41,250.25,22.88
2013-07-17,2013,7,17,198,-67.5,-26.5,63.96,1.48,11.32,-3.72,2.7,289.12,27.62
2013-07-18,2013,7,18,199,-67.5,-26.5,63.78,-0.01,9.77,-4.99,3.32,294.25,29.69
2013-07-19,2013,7,19,200,-67.5,-26.5,63.4,-1.25,4.05,-4.38,7.3,304.56,34.38
2013-07-20,2013,7,20,201,-67.5,-26.5,62.96,-1.96,5.01,-6.81,10.3,297.5,39.12
2013-07-21,2013,7,21,202,-67.5,-26.5,62.97,-4.76,2.28,-9.17,8.16,302.06,33.56
2013-07-22,2013,7,22,203,-67.5,-26.5,63.19,-6.27,1.54,-11.34,5.23,265.38,30.5
2013-07-23,2013,7,23,204,-67.5,-26.5,63.48,-3.48,8.88,-13.16,2.4,267.25,26.81
2013-07-24,2013,7,24,205,-67.5,-26.5,63.83,-1.09,7.86,-8.7,1.57,228.81,24.56
2013-07-25,2013,7,25,206,-67.5,-26.5,63.87,1.09,10.59,-5.94,2.7,323.94,22.44
2013-07-26,2013,7,26,207,-67.5,-26.5,63.86,1.27,7.56,-2.85,4.75,330.38,50.44
2013-07-27,2013,7,27,208,-67.5,-26.5,63.98,1.4,10.99,-3.6,4.1,320.56,53.5
2013-07-28,2013,7,28,209,-67.5,-26.5,64.06,2.7,12.55,-3.02,4.6,316.81,31.44
2013-07-29,2013,7,29,210,-67.5,-26.5,64.1,4.4,13.74,-2.02,2.7,329.12,36.31
2013-07-30,2013,7,30,211,-67.5,-26.5,63.94,2.93,12.16,-2.56,5.04,330.38,43.31
2013-07-31,2013,7,31,212,-67.5,-26.5,63.75,1.75,11.61,-3.75,5.54,329.88,45.44
2013-08-01,2013,8,1,213,-67.5,-26.5,63.51,0.08,8.33,-5.55,6.63,320.75,35.5
2013-08-02,2013,8,2,214,-67.5,-26.5,63.65,-0.28,10.08,-5.95,4.82,311.38,25.94
2013-08-03,2013,8,3,215,-67.5,-26.5,63.66,-1.66,5.63,-5.6,5.98,297.31,25.12
2013-08-04,2013,8,4,216,-67.5,-26.5,63.89,1.33,13.08,-5.61,3.05,302.75,28.12
2013-08-05,2013,8,5,217,-67.5,-26.5,63.91,2.8,13.13,-3.53,2.55,293.69,28.62
2013-08-06,2013,8,6,218,-67.5,-26.5,63.87,1.8,12.28,-4.09,3.43,308.38,26.75
2013-08-07,2013,8,7,219,-67.5,-26.5,63.57,0.98,10.71,-4.62,6.3,304.31,25.06
2013-08-08,2013,8,8,220,-67.5,-26.5,63.39,0.44,8.08,-3.92,7.74,305.19,36.81
2013-08-09,2013,8,9,221,-67.5,-26.5,63.37,-3.23,1.8,-9.02,6.02,265.94,36.94
2013-08-10,2013,8,10,222,-67.5,-26.5,63.85,0.8,10.42,-7.01,2.06,243.81,20.81
2013-08-11,2013,8,11,223,-67.5,-26.5,63.79,1.46,12.03,-4.58,2.75,281.94,22.25
2013-08-12,2013,8,12,224,-67.5,-26.5,63.54,0.89,11.33,-5.02,5.03,303.88,23.81
2013-08-13,2013,8,13,225,-67.5,-26.5,63.61,-0.27,9.87,-5.7,3.94,257.56,29.94
2013-08-14,2013,8,14,226,-67.5,-26.5,63.95,0.94,11.05,-5.85,1.58,254.25,26.12
2013-08-15,2013,8,15,227,-67.5,-26.5,63.87,1.97,12.04,-4.26,2.06,303.12,17.44
2013-08-16,2013,8,16,228,-67.5,-26.5,63.95,1.85,10.58,-3.06,1.03,243.44,17.69
2013-08-17,2013,8,17,229,-67.5,-26.5,63.85,2.96,14.62,-4.31,1.95,299.06,16.69
2013-08-18,2013,8,18,230,-67.5,-26.5,63.84,3,15.19,-4.8,2.09,304.25,16.31
2013-08-19,2013,8,19,231,-67.5,-26.5,63.86,4.08,15.5,-4.24,2.95,299.5,18.69
2013-08-20,2013,8,20,232,-67.5,-26.5,63.76,3.58,13.84,-2.9,4.02,312.75,23.69
2013-08-21,2013,8,21,233,-67.5,-26.5,63.72,1.89,12.8,-4.71,3.69,306.62,26.44
2013-08-22,2013,8,22,234,-67.5,-26.5,63.58,1,11.15,-5.29,4.13,308.56,24.75
2013-08-23,2013,8,23,235,-67.5,-26.5,63.31,0.28,10.41,-5.47,4.51,323,26.44
2013-08-24,2013,8,24,236,-67.5,-26.5,63.28,-0.98,5.46,-5.42,4.73,314.62,42.56
2013-08-25,2013,8,25,237,-67.5,-26.5,63.43,-2.85,2.59,-6.67,2.7,281.25,41.75
2013-08-26,2013,8,26,238,-67.5,-26.5,63.78,-3.49,2.99,-8.27,3.05,230.94,33.62
2013-08-27,2013,8,27,239,-67.5,-26.5,64.07,0.69,10.05,-6.11,1.32,220.25,24.31
2013-08-28,2013,8,28,240,-67.5,-26.5,64.19,2.27,11.35,-3.25,1.55,196.69,24.94
2013-08-29,2013,8,29,241,-67.5,-26.5,64.01,3.33,13.07,-3.63,2.11,300.38,26.62
2013-08-30,2013,8,30,242,-67.5,-26.5,63.88,2.95,12.16,-4.06,2.93,297.75,28.12
2013-08-31,2013,8,31,243,-67.5,-26.5,63.85,1.68,12.23,-6.19,3.75,299.19,24.56
2013-09-01,2013,9,1,244,-67.5,-26.5,63.88,1.74,11.58,-4.74,2.59,296.88,21.69
2013-09-02,2013,9,2,245,-67.5,-26.5,63.85,2.62,13.47,-5.13,2.45,275.88,26.56
2013-09-03,2013,9,3,246,-67.5,-26.5,63.9,2.73,12.4,-4.85,2.14,229.75,34.75
2013-09-04,2013,9,4,247,-67.5,-26.5,63.97,3.98,14.6,-3.7,2.79,290,27.31
2013-09-05,2013,9,5,248,-67.5,-26.5,64.01,3.51,13.41,-4.74,3.55,291.88,24.06
2013-09-06,2013,9,6,249,-67.5,-26.5,64.05,5.3,15.78,-3.98,2.73,246.56,38.31
2013-09-07,2013,9,7,250,-67.5,-26.5,64.11,6.13,16.01,-2.05,2.91,263.81,34.62
2013-09-08,2013,9,8,251,-67.5,-26.5,64.25,6.15,15.78,-1.38,1.57,196.94,37.75
2013-09-09,2013,9,9,252,-67.5,-26.5,64.22,6.95,17.74,-3.42,1.68,166.56,43.88
2013-09-10,2013,9,10,253,-67.5,-26.5,64.03,8.01,18.96,-1.4,1.41,192.94,26.5
2013-09-11,2013,9,11,254,-67.5,-26.5,63.83,8.28,18.67,1.31,1.85,255.75,25.81
2013-09-12,2013,9,12,255,-67.5,-26.5,63.68,5.35,17.15,-5.15,3.07,286.81,24.38
2013-09-13,2013,9,13,256,-67.5,-26.5,63.52,3.62,14.73,-4.56,3.92,311.5,23.25
2013-09-14,2013,9,14,257,-67.5,-26.5,63.37,0.68,10.11,-5.93,6.2,321.94,26.19
2013-09-15,2013,9,15,258,-67.5,-26.5,63.26,-0.38,6.82,-5.2,8.2,311.62,24.81
2013-09-16,2013,9,16,259,-67.5,-26.5,63.1,-2.79,4.19,-8.48,9.56,299.25,20.75
2013-09-17,2013,9,17,260,-67.5,-26.5,63.28,-2.09,7.19,-8.93,6.46,292.81,18.31
2013-09-18,2013,9,18,261,-67.5,-26.5,63.5,-0.15,8.56,-5.57,5.91,298,22
2013-09-19,2013,9,19,262,-67.5,-26.5,63.55,0.62,10.17,-5.81,5.97,324.06,23.31
2013-09-20,2013,9,20,263,-67.5,-26.5,63.36,-0.54,7.45,-6.26,7.38,308.06,30.06
2013-09-21,2013,9,21,264,-67.5,-26.5,63.26,-1.3,6.86,-6.42,6.06,305.44,40.06
2013-09-22,2013,9,22,265,-67.5,-26.5,63.43,-0.56,8.76,-7.16,5.59,287.19,25.12
2013-09-23,2013,9,23,266,-67.5,-26.5,63.61,0.44,11.06,-6.43,3.75,278.31,24.25
2013-09-24,2013,9,24,267,-67.5,-26.5,63.68,2.44,13.56,-4.89,4.22,293.88,19.81
2013-09-25,2013,9,25,268,-67.5,-26.5,63.69,3.3,13.71,-4.43,4.68,303.19,27.19
2013-09-26,2013,9,26,269,-67.5,-26.5,63.62,3.76,13.73,-3.68,5.45,317,34.19
2013-09-27,2013,9,27,270,-67.5,-26.5,63.53,1.61,9.64,-4.67,6.19,312.06,44.5
2013-09-28,2013,9,28,271,-67.5,-26.5,63.61,1.09,10.64,-6.75,6.09,304.06,24.06
2013-09-29,2013,9,29,272,-67.5,-26.5,63.6,1.48,10.99,-5.35,6.44,304,23.56
2013-09-30,2013,9,30,273,-67.5,-26.5,63.52,1.41,11.9,-5.47,5.83,299.44,23.62
2013-10-01,2013,10,1,274,-67.5,-26.5,63.43,0.61,10.15,-6.1,5.05,306.88,25.69
2013-10-02,2013,10,2,275,-67.5,-26.5,63.48,0.66,10.27,-6.04,5.84,314.69,30.44
2013-10-03,2013,10,3,276,-67.5,-26.5,63.72,0.43,9.62,-6.52,4.45,287.94,25.31
2013-10-04,2013,10,4,277,-67.5,-26.5,63.77,2.22,12.81,-5.88,1.98,256.88,25.25
2013-10-05,2013,10,5,278,-67.5,-26.5,63.76,2.94,13.39,-5.18,2.07,265.38,29.12
2013-10-06,2013,10,6,279,-67.5,-26.5,63.79,2.19,11.82,-4.74,1.92,255.5,42.5
2013-10-07,2013,10,7,280,-67.5,-26.5,63.84,3.9,14.38,-5.67,1.69,262.81,27.38
2013-10-08,2013,10,8,281,-67.5,-26.5,63.8,5.79,17.39,-4.77,3.3,302.25,16.56
2013-10-09,2013,10,9,282,-67.5,-26.5,63.87,5.31,15.79,-4.72,3.28,275.81,23.31
2013-10-10,2013,10,10,283,-67.5,-26.5,63.83,5.76,15.71,-3.49,3.62,295.75,23.31
2013-10-11,2013,10,11,284,-67.5,-26.5,63.71,4.76,14.6,-3.77,3.73,305,18.69
2013-10-12,2013,10,12,285,-67.5,-26.5,63.66,3.19,13.55,-5.08,3.83,312.44,24.44
2013-10-13,2013,10,13,286,-67.5,-26.5,63.79,4.1,14.55,-5.36,4.11,300.75,23.69
2013-10-14,2013,10,14,287,-67.5,-26.5,63.85,5.21,14.6,-2.68,2.84,296.25,27.19
2013-10-15,2013,10,15,288,-67.5,-26.5,63.89,3.7,12.19,-4.41,2.45,301.12,32.19
2013-10-16,2013,10,16,289,-67.5,-26.5,63.83,3.48,13.87,-5.96,2.8,281.25,31
2013-10-17,2013,10,17,290,-67.5,-26.5,63.86,4.23,13.94,-5.14,2.3,263.69,35.44
2013-10-18,2013,10,18,291,-67.5,-26.5,63.85,6.8,16.51,-2.86,1.18,223.06,44.56
2013-10-19,2013,10,19,292,-67.5,-26.5,63.68,7.55,19.77,-3.2,3.34,302.31,25.94
2013-10-20,2013,10,20,293,-67.5,-26.5,63.58,5.8,17.61,-4.4,5.54,308.19,20.12
2013-10-21,2013,10,21,294,-67.5,-26.5,63.68,6.32,18.73,-5.76,3.77,302.88,20.25
2013-10-22,2013,10,22,295,-67.5,-26.5,63.59,6.23,18.01,-3.77,5.25,310.69,20.31
2013-10-23,2013,10,23,296,-67.5,-26.5,63.7,6.58,18.4,-4.29,4.74,285.44,21.56
2013-10-24,2013,10,24,297,-67.5,-26.5,63.78,8.05,19.49,-3.33,3.78,285.88,29.69
2013-10-25,2013,10,25,298,-67.5,-26.5,63.8,6.77,17.57,-2.59,5.45,319.12,24.56
2013-10-26,2013,10,26,299,-67.5,-26.5,63.85,7.41,19.59,-4.17,3.84,276.62,24.94
2013-10-27,2013,10,27,300,-67.5,-26.5,63.84,8.81,20.56,-2.6,2.09,277.38,31.12
2013-10-28,2013,10,28,301,-67.5,-26.5,63.8,8.69,20.33,-2.3,3.69,295.12,23
2013-10-29,2013,10,29,302,-67.5,-26.5,63.85,8.1,19.76,-3.77,3.2,284.94,20.62
2013-10-30,2013,10,30,303,-67.5,-26.5,63.71,8.65,20.96,-3.04,3.61,304.75,18.19
2013-10-31,2013,10,31,304,-67.5,-26.5,63.6,7.62,19.55,-3.34,4.31,313.75,17.5
2013-11-01,2013,11,1,305,-67.5,-26.5,63.52,3.49,14.13,-5.99,5.68,327.25,33.81
2013-11-02,2013,11,2,306,-67.5,-26.5,63.7,1.62,12.9,-11.09,3.13,255.81,41.56
2013-11-03,2013,11,3,307,-67.5,-26.5,63.92,5.24,14.93,-4.2,1.77,192.25,47.25
2013-11-04,2013,11,4,308,-67.5,-26.5,63.89,7.65,17.71,-2.51,2.02,200.94,51.88
2013-11-05,2013,11,5,309,-67.5,-26.5,63.87,9.4,18.98,0.43,1.46,178.88,48
2013-11-06,2013,11,6,310,-67.5,-26.5,63.77,9.97,21.45,-0.49,3.13,296.19,37.25
2013-11-07,2013,11,7,311,-67.5,-26.5,63.81,9.14,21.29,-1.41,2.27,274.44,24.81
2013-11-08,2013,11,8,312,-67.5,-26.5,63.73,8.3,20.08,-3.56,4.15,294.5,18.06
2013-11-09,2013,11,9,313,-67.5,-26.5,63.47,6.69,19.01,-4.52,5.95,316.81,15.88
2013-11-10,2013,11,10,314,-67.5,-26.5,63.17,3.55,12.36,-4.01,8.59,323,21.31
2013-11-11,2013,11,11,315,-67.5,-26.5,63.61,3.33,13.54,-7.13,2.91,219.38,24.12
2013-11-12,2013,11,12,316,-67.5,-26.5,63.7,7.73,19.21,-4.19,1.4,235.69,22.94
2013-11-13,2013,11,13,317,-67.5,-26.5,63.77,10.14,21.03,-0.71,2.55,299.5,27.31
2013-11-14,2013,11,14,318,-67.5,-26.5,63.84,9.44,21.3,-2.91,3.48,294.38,22.75
2013-11-15,2013,11,15,319,-67.5,-26.5,63.96,9.37,21.19,1.49,2.16,221.44,25.81
2013-11-16,2013,11,16,320,-67.5,-26.5,63.85,9.26,21.58,-1.42,1.79,235.25,32.69
2013-11-17,2013,11,17,321,-67.5,-26.5,63.65,10.02,21.43,-1.43,1.95,273.56,24.69
2013-11-18,2013,11,18,322,-67.5,-26.5,63.47,8.23,19.64,-3.31,2.92,297.38,22.56
2013-11-19,2013,11,19,323,-67.5,-26.5,63.46,5.89,16.21,-3.69,3.72,329.12,26.25
2013-11-20,2013,11,20,324,-67.5,-26.5,63.76,4.43,14.57,-4.43,2.97,251.81,31.38
2013-11-21,2013,11,21,325,-67.5,-26.5,64.05,6.14,15.43,-3.1,2.88,174.38,49.94
2013-11-22,2013,11,22,326,-67.5,-26.5,63.82,8.16,17.57,-1.08,2.03,219.38,46.25
2013-11-23,2013,11,23,327,-67.5,-26.5,63.63,9.87,19.24,1.36,1.36,181.19,47.5
2013-11-24,2013,11,24,328,-67.5,-26.5,63.58,9.93,21.3,-3.01,2.84,289.25,27.81
2013-11-25,2013,11,25,329,-67.5,-26.5,63.72,10.2,21.3,-1.06,2.56,293.44,29.12
2013-11-26,2013,11,26,330,-67.5,-26.5,63.66,8.62,19.76,-2.33,4.35,304.81,24.75
2013-11-27,2013,11,27,331,-67.5,-26.5,63.6,8.84,21.44,-4.07,3.69,296.38,22.5
2013-11-28,2013,11,28,332,-67.5,-26.5,63.67,8.23,19.05,-3.32,4.64,291.75,21.75
2013-11-29,2013,11,29,333,-67.5,-26.5,63.72,8.42,19.73,-3.48,3.59,271.69,23.75
2013-11-30,2013,11,30,334,-67.5,-26.5,63.68,9.26,20.62,-3.01,3.39,285.25,26
2013-12-01,2013,12,1,335,-67.5,-26.5,63.84,9.68,21.53,-4.08,3.4,263.12,22.81
2013-12-02,2013,12,2,336,-67.5,-26.5,64.07,12.44,22.42,0.55,2.33,205.25,37.06
2013-12-03,2013,12,3,337,-67.5,-26.5,64.04,13.51,23.79,5.48,1.91,173.38,55.38
2013-12-04,2013,12,4,338,-67.5,-26.5,63.91,13.44,22.76,4.69,1.97,215.06,39.38
2013-12-05,2013,12,5,339,-67.5,-26.5,63.99,12.07,19.72,6.51,1.55,191.62,47.69
2013-12-06,2013,12,6,340,-67.5,-26.5,63.81,11.74,20.55,5.14,2.47,174,56
2013-12-07,2013,12,7,341,-67.5,-26.5,63.74,12.65,22.08,4.13,1.28,240.69,46.5
2013-12-08,2013,12,8,342,-67.5,-26.5,63.75,11.87,21.67,3,3.84,280.5,33.62
2013-12-09,2013,12,9,343,-67.5,-26.5,63.92,9.55,21.06,-1.6,2.68,248.12,39.56
2013-12-10,2013,12,10,344,-67.5,-26.5,64.02,9.64,18.48,2.29,2.23,116.12,59.88
2013-12-11,2013,12,11,345,-67.5,-26.5,63.82,11,20.22,3.51,2.29,194,52.38
2013-12-12,2013,12,12,346,-67.5,-26.5,63.65,10.72,20.04,3.83,2.08,236.75,46.12
2013-12-13,2013,12,13,347,-67.5,-26.5,63.61,9.48,18.65,-0.49,1.77,232.75,36.62
2013-12-14,2013,12,14,348,-67.5,-26.5,63.69,10.77,19.9,3.08,1.37,257.81,46.25
2013-12-15,2013,12,15,349,-67.5,-26.5,63.87,11.51,20.28,4.08,1.86,224.38,49.38
2013-12-16,2013,12,16,350,-67.5,-26.5,63.88,11.64,19.46,5.8,3.16,149.12,61
2013-12-17,2013,12,17,351,-67.5,-26.5,63.76,12.31,20.55,4.73,2.01,212.81,54.56
2013-12-18,2013,12,18,352,-67.5,-26.5,63.81,10.32,17.83,3.44,2.16,139.81,59.44
2013-12-19,2013,12,19,353,-67.5,-26.5,63.79,10.58,18.26,4.82,2.72,162.06,62.25
2013-12-20,2013,12,20,354,-67.5,-26.5,63.8,9.49,16.66,2.93,2.47,125,61.75
2013-12-21,2013,12,21,355,-67.5,-26.5,63.82,9.52,16.44,4.73,3.19,134.31,67.19
2013-12-22,2013,12,22,356,-67.5,-26.5,63.98,10.06,17.69,3.4,3.26,136.25,61.69
2013-12-23,2013,12,23,357,-67.5,-26.5,63.97,11.01,19.26,2.92,3.06,139.25,58.94
2013-12-24,2013,12,24,358,-67.5,-26.5,63.83,12.44,20.1,4.83,2.85,138.06,61.56
2013-12-25,2013,12,25,359,-67.5,-26.5,63.76,12.45,19.51,7.31,3.12,122,62.06
2013-12-26,2013,12,26,360,-67.5,-26.5,63.95,11.28,17.33,5.92,3.27,132.38,59.75
2013-12-27,2013,12,27,361,-67.5,-26.5,64.11,11.23,20.2,4.76,2.21,139.38,59.25
2013-12-28,2013,12,28,362,-67.5,-26.5,64.02,11.44,20.55,3.37,1.47,170.25,58.56
2013-12-29,2013,12,29,363,-67.5,-26.5,63.84,13.11,21.34,5.26,2.07,167.81,55.19
2013-12-30,2013,12,30,364,-67.5,-26.5,63.71,13.53,22.75,6.19,1.71,165.19,56
2013-12-31,2013,12,31,365,-67.5,-26.5,63.79,13.05,20.88,5.58,2.05,131.62,57.81
2014-01-01,2014,1,1,1,-67.5,-26.5,63.7,13.83,21.6,6.5,1.7,132,51.5
2014-01-02,2014,1,2,2,-67.5,-26.5,63.59,12.55,21.58,4.81,1.47,189.56,53.69
2014-01-03,2014,1,3,3,-67.5,-26.5,63.81,10.5,18.93,4.53,3.2,164.12,63
2014-01-04,2014,1,4,4,-67.5,-26.5,64.05,10.66,19.73,3.27,2.21,166.06,57.44
2014-01-05,2014,1,5,5,-67.5,-26.5,64.03,11.78,21.01,3.05,2.46,180.69,47.94
2014-01-06,2014,1,6,6,-67.5,-26.5,63.91,12.53,21.01,4.36,2.49,194.88,47.62
2014-01-07,2014,1,7,7,-67.5,-26.5,63.95,10.76,18.53,5.16,3.21,156.25,60.75
2014-01-08,2014,1,8,8,-67.5,-26.5,64.03,11.48,20.25,5.71,1.8,111.44,59.69
2014-01-09,2014,1,9,9,-67.5,-26.5,63.89,13.52,23.37,3.12,2.7,221.25,46.62
2014-01-10,2014,1,10,10,-67.5,-26.5,63.84,13.6,22.23,6.22,2.45,173.75,53
2014-01-11,2014,1,11,11,-67.5,-26.5,64.04,9.84,15.19,4.04,4.24,154.69,70
2014-01-12,2014,1,12,12,-67.5,-26.5,64.11,9.61,18.55,1.74,2.71,194.69,61.62
2014-01-13,2014,1,13,13,-67.5,-26.5,64.09,10.22,18.62,3.01,2.79,176.31,57.38
2014-01-14,2014,1,14,14,-67.5,-26.5,64.04,8.6,17.72,2.24,2.08,166,63.19
2014-01-15,2014,1,15,15,-67.5,-26.5,64,8.3,16.08,2.07,2.58,137.69,65.75
2014-01-16,2014,1,16,16,-67.5,-26.5,63.93,9.33,17.73,0.98,1.97,164.25,57.88
2014-01-17,2014,1,17,17,-67.5,-26.5,63.87,10.01,15.65,4.69,0.9,190.25,60.38
2014-01-18,2014,1,18,18,-67.5,-26.5,63.93,11.38,19.88,2.93,1.59,267.44,49.94
2014-01-19,2014,1,19,19,-67.5,-26.5,63.99,10.58,17.83,4.73,2.89,159.31,62.19
2014-01-20,2014,1,20,20,-67.5,-26.5,63.8,13.15,23.38,3.35,1.28,266.38,54.94
2014-01-21,2014,1,21,21,-67.5,-26.5,63.77,13.73,23.22,3.17,2.4,193.06,45.5
2014-01-22,2014,1,22,22,-67.5,-26.5,63.77,15.51,25.11,5.82,1.78,284.56,48.69
2014-01-23,2014,1,23,23,-67.5,-26.5,63.7,15.58,24.81,6.2,1.8,283.88,44.38
2014-01-24,2014,1,24,24,-67.5,-26.5,63.84,9.44,15.33,3.14,2.31,148.44,68.19
2014-01-25,2014,1,25,25,-67.5,-26.5,63.78,8.94,18.53,1.62,1.8,176,60.5
2014-01-26,2014,1,26,26,-67.5,-26.5,63.64,10.74,20.51,2.4,2.19,260.5,50
2014-01-27,2014,1,27,27,-67.5,-26.5,63.66,10.8,20.79,0.54,2.45,267.31,40.31
2014-01-28,2014,1,28,28,-67.5,-26.5,63.72,9.69,19.26,-0.64,2.2,191.94,44.12
2014-01-29,2014,1,29,29,-67.5,-26.5,63.81,6.49,13.02,1.17,2.72,144.31,75.19
2014-01-30,2014,1,30,30,-67.5,-26.5,63.84,8.87,16.96,1.3,2.29,200.81,61.12
2014-01-31,2014,1,31,31,-67.5,-26.5,63.9,9.64,18.57,1.34,2.22,175.75,48.56
2014-02-01,2014,2,1,32,-67.5,-26.5,63.78,11.01,19.98,1.97,1.62,174.81,44.69
2014-02-02,2014,2,2,33,-67.5,-26.5,63.63,11.96,18.94,4.87,1.64,187.06,58
2014-02-03,2014,2,3,34,-67.5,-26.5,63.63,11.81,19.83,4.19,2.19,177.44,57.19
2014-02-04,2014,2,4,35,-67.5,-26.5,63.64,11.74,20.36,3.65,1.52,172.12,56.19
2014-02-05,2014,2,5,36,-67.5,-26.5,63.7,12.79,21.9,4.37,2.56,181.25,46.81
2014-02-06,2014,2,6,37,-67.5,-26.5,63.79,8.54,13.85,5.15,1.12,109.56,74.06
2014-02-07,2014,2,7,38,-67.5,-26.5,63.75,10.83,19.75,2.85,2.8,216.19,63.25
2014-02-08,2014,2,8,39,-67.5,-26.5,63.7,11.65,20.3,4.98,2.41,186.38,63.38
2014-02-09,2014,2,9,40,-67.5,-26.5,63.77,9.82,15.75,5.03,2.12,144.31,69.06
2014-02-10,2014,2,10,41,-67.5,-26.5,63.85,10.23,17.56,3.6,1.91,141.25,63.69
2014-02-11,2014,2,11,42,-67.5,-26.5,63.85,11.06,19.12,3.67,2.47,162.94,61.25
2014-02-12,2014,2,12,43,-67.5,-26.5,63.82,10.08,16.45,4.97,2.6,139.56,65.62
2014-02-13,2014,2,13,44,-67.5,-26.5,63.83,9.11,16.84,2.48,1.98,126.88,63.12
2014-02-14,2014,2,14,45,-67.5,-26.5,63.82,9.19,18.97,1.84,1.84,172.38,54.75
2014-02-15,2014,2,15,46,-67.5,-26.5,63.75,7.8,18.39,-0.09,3.95,231.06,44.44
2014-02-16,2014,2,16,47,-67.5,-26.5,63.74,6.15,16.93,-5.76,2.47,278.69,43.81
2014-02-17,2014,2,17,48,-67.5,-26.5,63.77,8.24,17.17,0.3,1.78,296.75,48.94
2014-02-18,2014,2,18,49,-67.5,-26.5,63.76,6.95,16.37,-2.45,1.84,301.06,40.38
2014-02-19,2014,2,19,50,-67.5,-26.5,63.78,6.65,15.15,-1.02,1.27,235.75,46.19
2014-02-20,2014,2,20,51,-67.5,-26.5,63.7,8.06,18.42,-1.98,1.81,297.06,48.38
2014-02-21,2014,2,21,52,-67.5,-26.5,63.82,9.15,18.98,-1.36,1.77,273.88,42.06
2014-02-22,2014,2,22,53,-67.5,-26.5,63.89,9.51,17.93,2.62,1.19,207.25,52.69
2014-02-23,2014,2,23,54,-67.5,-26.5,63.79,9.67,20.21,-0.08,2.27,282.56,44.5
2014-02-24,2014,2,24,55,-67.5,-26.5,63.79,8.65,20.18,-2.81,3.55,304.06,30.81
2014-02-25,2014,2,25,56,-67.5,-26.5,63.79,6.79,17.93,-3.33,3.58,304.75,35.31
2014-02-26,2014,2,26,57,-67.5,-26.5,63.87,6.05,17.32,-5.46,2.95,257.12,42.69
2014-02-27,2014,2,27,58,-67.5,-26.5,63.98,7.08,17.88,-3.08,2.02,226.38,44.38
2014-02-28,2014,2,28,59,-67.5,-26.5,63.83,9.21,20.17,-1.37,2.3,267.5,39.5
2014-03-01,2014,3,1,60,-67.5,-26.5,63.69,6.86,17.38,-1.83,3.91,299,34.38
2014-03-02,2014,3,2,61,-67.5,-26.5,63.61,1.47,9.76,-6.35,3.58,302.31,57.75
2014-03-03,2014,3,3,62,-67.5,-26.5,63.65,2.28,11.8,-7.11,1.96,265.94,54.75
2014-03-04,2014,3,4,63,-67.5,-26.5,63.75,3.86,14.33,-5.87,2.16,243.5,51.31
2014-03-05,2014,3,5,64,-67.5,-26.5,64.01,6.06,15.38,-2.31,0.91,185.31,56.94
2014-03-06,2014,3,6,65,-67.5,-26.5,64.04,7.08,16.91,-1.72,2.26,217.62,54.44
2014-03-07,2014,3,7,66,-67.5,-26.5,64.1,7.87,16.82,-0.17,1.9,207.75,67.12
2014-03-08,2014,3,8,67,-67.5,-26.5,63.94,8.92,18.06,0.54,1.66,223.69,66.25
2014-03-09,2014,3,9,68,-67.5,-26.5,63.82,7.75,17.85,-1.06,3.07,250.5,48.38
2014-03-10,2014,3,10,69,-67.5,-26.5,63.82,6.53,16.11,-2.76,2.01,264.44,48.12
2014-03-11,2014,3,11,70,-67.5,-26.5,63.86,5.32,14.09,-3.83,1.36,219.75,48.38
2014-03-12,2014,3,12,71,-67.5,-26.5,63.8,7.25,15.94,-0.77,1.05,271.69,58.88
2014-03-13,2014,3,13,72,-67.5,-26.5,63.79,7.31,17.02,-1.67,1.95,303.69,43.88
2014-03-14,2014,3,14,73,-67.5,-26.5,63.65,5.58,16.12,-4.02,3.77,303.38,42.88
2014-03-15,2014,3,15,74,-67.5,-26.5,63.63,5.4,17.93,-5.1,3.78,314.12,39.88
2014-03-16,2014,3,16,75,-67.5,-26.5,63.61,7.12,18.73,-4.73,2.24,252.31,36.25
2014-03-17,2014,3,17,76,-67.5,-26.5,63.75,8.65,18.38,0.58,1.91,201.56,43.12
2014-03-18,2014,3,18,77,-67.5,-26.5,63.67,7.17,17.52,-0.49,3.29,291.38,57.06
2014-03-19,2014,3,19,78,-67.5,-26.5,63.63,4.52,15.76,-5.01,3.8,299.25,47.06
2014-03-20,2014,3,20,79,-67.5,-26.5,63.68,3.81,12.98,-5.56,2.1,249.75,46.25
2014-03-21,2014,3,21,80,-67.5,-26.5,63.91,6.22,17.42,-3.1,1.66,249.94,51.81
2014-03-22,2014,3,22,81,-67.5,-26.5,64.22,6.41,15.8,-1.22,1.77,207.31,70.06
2014-03-23,2014,3,23,82,-67.5,-26.5,64,7.55,17.16,-1.73,1.63,246.69,62.44
2014-03-24,2014,3,24,83,-67.5,-26.5,63.92,7.33,17.33,-1.91,1.93,250.75,53.06
2014-03-25,2014,3,25,84,-67.5,-26.5,64,6.67,15.19,1.49,1.33,179.62,65.12
2014-03-26,2014,3,26,85,-67.5,-26.5,63.95,6.19,15.91,-2.24,1.95,281.06,51.75
2014-03-27,2014,3,27,86,-67.5,-26.5,63.78,6.18,16.26,-3.7,2.11,268.56,42
2014-03-28,2014,3,28,87,-67.5,-26.5,63.66,6.44,14.58,-1.02,1.28,181.06,49.06
2014-03-29,2014,3,29,88,-67.5,-26.5,63.39,2.97,9.65,-3.37,2.5,251.25,62.94
2014-03-30,2014,3,30,89,-67.5,-26.5,63.52,2.25,12.64,-5.63,4.39,298.88,47.56
2014-03-31,2014,3,31,90,-67.5,-26.5,63.84,2.08,12.33,-7.4,3.49,316.19,39.06
2014-04-01,2014,4,1,91,-67.5,-26.5,64.06,4.22,14.8,-5.02,2.72,307.75,37.88
2014-04-02,2014,4,2,92,-67.5,-26.5,64.05,5.78,16.6,-3.2,2.95,313.12,33
2014-04-03,2014,4,3,93,-67.5,-26.5,64,6.16,17.16,-3.52,2.81,301.25,31.44
2014-04-04,2014,4,4,94,-67.5,-26.5,64.03,7.33,18.01,-2.12,2.81,311.75,37.88
2014-04-05,2014,4,5,95,-67.5,-26.5,64,8.47,17.98,-0.28,2.8,305.56,52.69
2014-04-06,2014,4,6,96,-67.5,-26.5,63.89,7.75,15.57,2.26,3.24,325.81,56.81
2014-04-07,2014,4,7,97,-67.5,-26.5,63.84,5.99,16.32,-1.3,4.9,316.38,51.12
2014-04-08,2014,4,8,98,-67.5,-26.5,63.9,6.06,18.55,-3.81,2.98,294.06,33.81
2014-04-09,2014,4,9,99,-67.5,-26.5,63.87,5.71,17.76,-2.9,2.44,304.81,31.25
2014-04-10,2014,4,10,100,-67.5,-26.5,63.69,4.08,15.32,-3.92,3.5,317.75,37.31
2014-04-11,2014,4,11,101,-67.5,-26.5,63.63,1.57,11.54,-6.03,3.79,303.62,45.69
2014-04-12,2014,4,12,102,-67.5,-26.5,63.87,3.51,15.15,-4.85,1.62,279.62,40.94
2014-04-13,2014,4,13,103,-67.5,-26.5,63.92,3.76,14.36,-3.6,1.64,249.81,43.06
2014-04-14,2014,4,14,104,-67.5,-26.5,63.94,3.7,13.4,-4.31,2.11,241.62,41.44
2014-04-15,2014,4,15,105,-67.5,-26.5,63.89,5.63,16.2,-2.82,1.17,272.31,37
2014-04-16,2014,4,16,106,-67.5,-26.5,63.77,4.46,15.62,-5.1,1.91,273.56,33.38
2014-04-17,2014,4,17,107,-67.5,-26.5,63.8,4.33,15.6,-4.95,1.61,289.06,33
2014-04-18,2014,4,18,108,-67.5,-26.5,63.76,3.66,14.87,-4.73,2.98,301.75,30.69
2014-04-19,2014,4,19,109,-67.5,-26.5,63.93,4.31,14.27,-3.63,1.37,279.88,31.56
2014-04-20,2014,4,20,110,-67.5,-26.5,63.97,4.71,15.79,-4.53,1.52,295.44,29.62
2014-04-21,2014,4,21,111,-67.5,-26.5,63.93,3.9,14.76,-4.37,2.18,237.25,42.38
2014-04-22,2014,4,22,112,-67.5,-26.5,63.94,4.05,14.23,-3.56,1.65,241.69,60.56
2014-04-23,2014,4,23,113,-67.5,-26.5,64.03,3.67,13.11,-4.27,1.31,230.88,60.25
2014-04-24,2014,4,24,114,-67.5,-26.5,64.02,4.66,13.95,-2.96,1.39,257.75,57.19
2014-04-25,2014,4,25,115,-67.5,-26.5,63.91,4.05,13.75,-3.66,1.98,299.25,49
2014-04-26,2014,4,26,116,-67.5,-26.5,63.8,2.3,13.62,-5.47,3.3,305.5,38.88
2014-04-27,2014,4,27,117,-67.5,-26.5,63.82,2.16,12.03,-5.17,4.02,302.88,38.56
2014-04-28,2014,4,28,118,-67.5,-26.5,63.75,2.04,12.09,-5.22,3.4,316,39.19
2014-04-29,2014,4,29,119,-67.5,-26.5,63.55,0.54,9.58,-5.06,4.32,320.12,42.44
2014-04-30,2014,4,30,120,-67.5,-26.5,63.5,-1.81,6.07,-6.24,4.23,297.38,48.31
2014-05-01,2014,5,1,121,-67.5,-26.5,63.59,0.19,10.61,-6.27,3.38,304.75,40.75
2014-05-02,2014,5,2,122,-67.5,-26.5,63.74,2.65,14.18,-4.31,3.14,317.88,33.44
2014-05-03,2014,5,3,123,-67.5,-26.5,63.9,3.33,14.23,-3.69,3.14,312.69,29.75
2014-05-04,2014,5,4,124,-67.5,-26.5,63.95,2.81,13.35,-3.95,3.41,311.19,33.12
2014-05-05,2014,5,5,125,-67.5,-26.5,63.9,2.42,11.74,-4.21,2.57,302.12,35.75
2014-05-06,2014,5,6,126,-67.5,-26.5,63.95,2.6,13.16,-5.76,1.96,298.19,38.19
2014-05-07,2014,5,7,127,-67.5,-26.5,64.14,2.98,12.93,-3.65,1.58,222.44,43.75
2014-05-08,2014,5,8,128,-67.5,-26.5,64.23,3.69,13.44,-3.42,1.1,264.06,56.75
2014-05-09,2014,5,9,129,-67.5,-26.5,64.01,4.65,14.23,-3,1.45,276.38,41.75
2014-05-10,2014,5,10,130,-67.5,-26.5,63.77,2.15,11.22,-4.49,2.54,318.69,42
2014-05-11,2014,5,11,131,-67.5,-26.5,63.66,-1.06,7.77,-6.98,3.47,320.44,47.44
2014-05-12,2014,5,12,132,-67.5,-26.5,63.69,-1.45,7.81,-7.08,3.97,306.62,42.12
2014-05-13,2014,5,13,133,-67.5,-26.5,63.76,-0.54,8.64,-6.74,2.48,304.25,47.75
2014-05-14,2014,5,14,134,-67.5,-26.5,63.72,-0.17,9.66,-5.95,3.27,306.19,42.75
2014-05-15,2014,5,15,135,-67.5,-26.5,63.88,0.69,10.36,-6.33,1.77,296.19,36.88
2014-05-16,2014,5,16,136,-67.5,-26.5,63.83,0.72,9.43,-5.84,1.66,277,31.94
2014-05-17,2014,5,17,137,-67.5,-26.5,63.9,0.9,10,-5.49,1.73,300.94,30.25
2014-05-18,2014,5,18,138,-67.5,-26.5,63.88,1.6,12.06,-5.14,1.89,300.12,30.31
2014-05-19,2014,5,19,139,-67.5,-26.5,63.83,1.51,12.62,-4.52,2.4,314.19,31.56
2014-05-20,2014,5,20,140,-67.5,-26.5,63.6,0.18,10.57,-4.94,4.05,314.38,28.38
2014-05-21,2014,5,21,141,-67.5,-26.5,63.3,-0.45,6.94,-4.32,7.78,316.38,29.81
2014-05-22,2014,5,22,142,-67.5,-26.5,63.18,-2.63,2.89,-5.83,5.47,277.38,50.81
2014-05-23,2014,5,23,143,-67.5,-26.5,63.37,-2.94,3.9,-7.35,3.1,187.25,59.12
2014-05-24,2014,5,24,144,-67.5,-26.5,63.27,-3.95,-0.63,-6.92,2.46,67.62,69
2014-05-25,2014,5,25,145,-67.5,-26.5,63.65,-2.87,3.98,-8.67,1.92,204.81,54.94
2014-05-26,2014,5,26,146,-67.5,-26.5,63.82,-0.39,10.55,-7.68,2.98,305.5,36.56
2014-05-27,2014,5,27,147,-67.5,-26.5,63.96,1.12,10.94,-4.6,2.45,304.62,31.81
2014-05-28,2014,5,28,148,-67.5,-26.5,63.79,0.23,10.3,-5.52,3.53,322.56,30.69
2014-05-29,2014,5,29,149,-67.5,-26.5,63.52,-0.37,7.83,-4.65,5.45,330.81,35.25
2014-05-30,2014,5,30,150,-67.5,-26.5,63.37,-1.82,3.73,-4.94,5.68,313.75,48.75
2014-05-31,2014,5,31,151,-67.5,-26.5,63.56,-3.26,4.86,-9.5,4.84,300.12,41.94
2014-06-01,2014,6,1,152,-67.5,-26.5,63.64,-2.31,8.34,-10.85,3.14,295.75,30.56
2014-06-02,2014,6,2,153,-67.5,-26.5,63.62,0.01,9.55,-5.88,3.13,302.88,29.88
2014-06-03,2014,6,3,154,-67.5,-26.5,63.42,0.15,9.64,-5.21,6.12,321.31,22.69
2014-06-04,2014,6,4,155,-67.5,-26.5,63.28,-0.13,7,-3.74,8.07,313.38,19.88
2014-06-05,2014,6,5,156,-67.5,-26.5,63.32,-1.04,6.5,-5.55,7.11,310.62,22.94
2014-06-06,2014,6,6,157,-67.5,-26.5,63.19,-1.88,4.82,-6.73,7.85,310.69,28.81
2014-06-07,2014,6,7,158,-67.5,-26.5,63.15,-3.65,3.18,-8.54,8.15,309.19,29.62
2014-06-08,2014,6,8,159,-67.5,-26.5,63.4,-3.51,4.93,-9.82,7.11,297.19,28.44
2014-06-09,2014,6,9,160,-67.5,-26.5,63.81,-1.18,9.34,-9.74,2.35,321.56,30.31
2014-06-10,2014,6,10,161,-67.5,-26.5,63.62,-0.86,8.29,-7.63,4.86,318.88,22.44
2014-06-11,2014,6,11,162,-67.5,-26.5,63.41,-0.29,8.19,-5.89,7.58,328.62,23.56
2014-06-12,2014,6,12,163,-67.5,-26.5,63.22,-1.29,4.73,-4.56,9.87,317.31,30.06
2014-06-13,2014,6,13,164,-67.5,-26.5,63.69,-1.37,8.15,-7.87,4.76,304.31,28.88
2014-06-14,2014,6,14,165,-67.5,-26.5,63.89,0.47,10.44,-7.1,2.05,297.56,31.31
2014-06-15,2014,6,15,166,-67.5,-26.5,64.06,1.77,10.99,-5.34,1.48,240.31,30.94
2014-06-16,2014,6,16,167,-67.5,-26.5,64.09,2.05,9.32,-2,0.93,254.69,30.75
2014-06-17,2014,6,17,168,-67.5,-26.5,63.97,1.34,10.66,-4.61,1.48,251.44,30.5
2014-06-18,2014,6,18,169,-67.5,-26.5,64.03,1.44,10.08,-4.88,1.38,290.19,26.94
2014-06-19,2014,6,19,170,-67.5,-26.5,63.97,1.24,11.21,-4.68,2.63,308.38,39.5
2014-06-20,2014,6,20,171,-67.5,-26.5,63.84,1.66,10.38,-2.47,2.83,299.38,45.38
2014-06-21,2014,6,21,172,-67.5,-26.5,63.63,-0.54,7.26,-4.65,4.41,310.81,39.44
2014-06-22,2014,6,22,173,-67.5,-26.5,63.72,-1.02,7.9,-6.13,3.52,309.38,33.44
2014-06-23,2014,6,23,174,-67.5,-26.5,63.85,-0.2,9.48,-5.99,4.05,312.19,29.88
2014-06-24,2014,6,24,175,-67.5,-26.5,63.65,-0.53,7.57,-5.42,5.77,320.19,29.56
2014-06-25,2014,6,25,176,-67.5,-26.5,63.38,-1.91,5.23,-6.03,6.8,319,34.06
2014-06-26,2014,6,26,177,-67.5,-26.5,63.26,-5.13,1.77,-10.04,5.16,320.12,46
2014-06-27,2014,6,27,178,-67.5,-26.5,63.49,-9.48,-4.9,-12.67,1.55,154.88,73.62
2014-06-28,2014,6,28,179,-67.5,-26.5,63.85,-7.31,2.31,-15.56,1.6,258.31,53.75
2014-06-29,2014,6,29,180,-67.5,-26.5,63.84,-4.33,6.87,-13.06,2.31,303.88,28.75
2014-06-30,2014,6,30,181,-67.5,-26.5,63.63,-3.45,7.55,-11.27,3.45,318.62,31.06
2014-07-01,2014,7,1,182,-67.5,-26.5,63.43,-2.81,7.11,-10.12,4.8,313.62,30.06
2014-07-02,2014,7,2,183,-67.5,-26.5,63.51,-3.2,5.3,-9.35,4.07,327.69,38.69
2014-07-03,2014,7,3,184,-67.5,-26.5,63.5,-3.17,5.62,-10.02,5.05,329.44,42.25
2014-07-04,2014,7,4,185,-67.5,-26.5,63.25,-2.69,4.76,-8.68,7.82,331.81,46.31
2014-07-05,2014,7,5,186,-67.5,-26.5,63.3,-6.28,0.73,-11.58,5.3,298.88,37.69
2014-07-06,2014,7,6,187,-67.5,-26.5,63.73,-4.7,6.4,-13.75,2.88,295.56,32.5
2014-07-07,2014,7,7,188,-67.5,-26.5,63.92,-1.52,8.36,-9.89,1.51,274,25.94
2014-07-08,2014,7,8,189,-67.5,-26.5,63.89,0.33,8.37,-4.87,2.43,305.06,25.19
2014-07-09,2014,7,9,190,-67.5,-26.5,63.93,-1.42,6.94,-8.63,1.1,255.69,23.94
2014-07-10,2014,7,10,191,-67.5,-26.5,63.74,-0.88,7.68,-6.89,2.37,324.44,26.44
2014-07-11,2014,7,11,192,-67.5,-26.5,63.65,-1.14,9.05,-8.4,4.2,319.81,27.88
2014-07-12,2014,7,12,193,-67.5,-26.5,63.83,0.04,9.23,-6.71,4.41,318.38,28
2014-07-13,2014,7,13,194,-67.5,-26.5,63.89,0.94,10.55,-4.94,3.81,315.38,34.88
2014-07-14,2014,7,14,195,-67.5,-26.5,63.89,1.32,9.53,-3.18,6.19,306.62,36.88
2014-07-15,2014,7,15,196,-67.5,-26.5,64.06,0.88,10.07,-3.98,3.51,303.44,29.5
2014-07-16,2014,7,16,197,-67.5,-26.5,63.95,0.36,9.92,-4.47,4.2,298.25,26.75
2014-07-17,2014,7,17,198,-67.5,-26.5,64.11,0.21,8.43,-5.62,1.23,223.62,31.19
2014-07-18,2014,7,18,199,-67.5,-26.5,64.12,0.86,9.73,-5.34,1.62,259.25,29.75
2014-07-19,2014,7,19,200,-67.5,-26.5,64.06,1.81,9.51,-3.99,1.1,283.94,23.69
2014-07-20,2014,7,20,201,-67.5,-26.5,63.82,0.65,10.19,-4.54,2.89,316.31,26.62
2014-07-21,2014,7,21,202,-67.5,-26.5,63.57,-0.92,8.14,-5.63,4.88,309.75,28.12
2014-07-22,2014,7,22,203,-67.5,-26.5,63.2,-1.94,4.66,-6.12,8.38,320.69,38.06
2014-07-23,2014,7,23,204,-67.5,-26.5,62.97,-6.83,-1.64,-11.88,4.84,269.69,42.38
2014-07-24,2014,7,24,205,-67.5,-26.5,63.42,-6.46,4.44,-15.09,1.77,258.25,43
2014-07-25,2014,7,25,206,-67.5,-26.5,63.4,-3.63,6.53,-11.66,3.41,288.44,27.44
2014-07-26,2014,7,26,207,-67.5,-26.5,63.62,-2.65,6.94,-10.71,2.67,289.88,34.5
2014-07-27,2014,7,27,208,-67.5,-26.5,63.7,-1.33,7.55,-7.35,2.66,298.25,34.88
2014-07-28,2014,7,28,209,-67.5,-26.5,63.82,0.44,10.99,-6.49,2.5,315.81,38.69
2014-07-29,2014,7,29,210,-67.5,-26.5,63.99,2.02,10.82,-3.7,2.68,278.69,33.19
2014-07-30,2014,7,30,211,-67.5,-26.5,64.07,1.38,11.43,-4.12,2.54,305.25,34.06
2014-07-31,2014,7,31,212,-67.5,-26.5,63.99,2.67,12.45,-3.24,2.97,283.94,32.38
2014-08-01,2014,8,1,213,-67.5,-26.5,64.02,2.85,12.63,-4.49,1.61,287.44,25
2014-08-02,2014,8,2,214,-67.5,-26.5,64.06,3.62,13.78,-3.16,1.93,301,23.94
2014-08-03,2014,8,3,215,-67.5,-26.5,64.02,2.65,13.51,-4.07,3.59,310.69,26.81
2014-08-04,2014,8,4,216,-67.5,-26.5,64.02,3.71,15.06,-4.53,1.98,308.38,23.44
2014-08-05,2014,8,5,217,-67.5,-26.5,63.95,3.32,15.2,-3.61,2.78,316.94,21.12
2014-08-06,2014,8,6,218,-67.5,-26.5,63.89,2.21,11.98,-4.16,3.48,311.12,22.06
2014-08-07,2014,8,7,219,-67.5,-26.5,63.89,1.87,10.78,-2.3,1.66,254.19,32.56
2014-08-08,2014,8,8,220,-67.5,-26.5,63.89,2,11.57,-3.16,2.41,279.19,33.62
2014-08-09,2014,8,9,221,-67.5,-26.5,63.79,0.3,8.9,-4.91,3.84,296.81,36.44
2014-08-10,2014,8,10,222,-67.5,-26.5,63.8,1.17,12.86,-5.55,2.64,303.19,36.19
2014-08-11,2014,8,11,223,-67.5,-26.5,63.8,0.33,10.23,-5.32,3.72,304.56,30.31
2014-08-12,2014,8,12,224,-67.5,-26.5,63.84,0.38,10.15,-5.34,3.5,285.62,25.38
2014-08-13,2014,8,13,225,-67.5,-26.5,63.88,0.63,10.16,-5.26,1.66,263.69,27.69
2014-08-14,2014,8,14,226,-67.5,-26.5,63.78,-0.19,6.93,-4.84,3.41,310.31,37.62
2014-08-15,2014,8,15,227,-67.5,-26.5,63.94,0.85,10.16,-5.27,2.51,287.56,43.31
2014-08-16,2014,8,16,228,-67.5,-26.5,64.15,2.13,10.73,-3.73,1.84,259.12,35.94
2014-08-17,2014,8,17,229,-67.5,-26.5,64.33,1.56,9.99,-3.83,1.91,163.56,42.94
2014-08-18,2014,8,18,230,-67.5,-26.5,64.18,2.99,12.62,-4.37,1.2,207.75,33.69
2014-08-19,2014,8,19,231,-67.5,-26.5,64.04,4.36,14.76,-2.09,1.65,176.75,22.19
2014-08-20,2014,8,20,232,-67.5,-26.5,63.94,3.12,14.33,-3.74,2.94,313.88,25.75
2014-08-21,2014,8,21,233,-67.5,-26.5,63.87,2.37,12.68,-4.81,1.98,309.81,25.94
2014-08-22,2014,8,22,234,-67.5,-26.5,63.76,1.58,12.29,-5.27,3.77,314.06,32.25
2014-08-23,2014,8,23,235,-67.5,-26.5,63.51,0.15,9.19,-5.53,6.18,322.62,26.31
2014-08-24,2014,8,24,236,-67.5,-26.5,63.46,-0.19,7.88,-4.7,6.97,314.56,19.56
2014-08-25,2014,8,25,237,-67.5,-26.5,63.54,-0.21,8.76,-5.45,4.9,295.06,23.06
2014-08-26,2014,8,26,238,-67.5,-26.5,63.63,-0.02,10.16,-5.52,3.93,304,25
2014-08-27,2014,8,27,239,-67.5,-26.5,63.64,-0.82,6.93,-5.38,5.09,309.5,32.5
2014-08-28,2014,8,28,240,-67.5,-26.5,63.71,0.62,10.21,-4.94,4.42,316.81,34.56
2014-08-29,2014,8,29,241,-67.5,-26.5,63.75,2.18,12.63,-4.1,3.85,326.62,26
2014-08-30,2014,8,30,242,-67.5,-26.5,63.86,1.04,9.83,-5.07,3.81,317.44,26.44
2014-08-31,2014,8,31,243,-67.5,-26.5,63.81,1.36,11.13,-4.84,4.69,320.5,32.75
2014-09-01,2014,9,1,244,-67.5,-26.5,63.7,2.17,11.51,-4.28,6.66,317.38,30.38
2014-09-02,2014,9,2,245,-67.5,-26.5,63.64,3.57,14.05,-3.81,5.15,308.31,28.19
2014-09-03,2014,9,3,246,-67.5,-26.5,63.71,2.23,12.86,-4.83,4.54,325.12,26.06
2014-09-04,2014,9,4,247,-67.5,-26.5,63.7,0.5,9.71,-5.85,5.25,330.81,32.44
2014-09-05,2014,9,5,248,-67.5,-26.5,63.76,0.21,9.69,-5.49,6.1,324.62,35.81
2014-09-06,2014,9,6,249,-67.5,-26.5,63.86,1.72,12.62,-5.99,3.67,306.94,22.56
2014-09-07,2014,9,7,250,-67.5,-26.5,63.94,4.19,14.73,-4.81,1.8,288.56,20.75
2014-09-08,2014,9,8,251,-67.5,-26.5,63.87,4.53,16.61,-3.44,3.73,316,18.88
2014-09-09,2014,9,9,252,-67.5,-26.5,63.68,3.3,14.61,-4.17,6.24,311.44,19.31
2014-09-10,2014,9,10,253,-67.5,-26.5,63.48,2.22,13.11,-4.9,6.73,311.31,19
2014-09-11,2014,9,11,254,-67.5,-26.5,63.37,2.46,14.89,-5.68,5.05,321.44,19.25
2014-09-12,2014,9,12,255,-67.5,-26.5,63.44,3.86,13.98,-4.39,5.59,325.69,26.94
2014-09-13,2014,9,13,256,-67.5,-26.5,63.44,2.29,10.62,-4.31,8.64,332.38,43.06
2014-09-14,2014,9,14,257,-67.5,-26.5,63.7,2.2,12.69,-6.11,4.52,282.5,32.75
2014-09-15,2014,9,15,258,-67.5,-26.5,63.9,4.05,16.06,-5.58,2.82,296.75,25.62
2014-09-16,2014,9,16,259,-67.5,-26.5,63.79,4.16,15.64,-4.18,4.2,305.06,22.31
2014-09-17,2014,9,17,260,-67.5,-26.5,63.66,3.03,13.09,-3.64,4.91,319.5,28.69
2014-09-18,2014,9,18,261,-67.5,-26.5,63.54,0.39,8.96,-5.82,5.84,315.62,45
2014-09-19,2014,9,19,262,-67.5,-26.5,63.61,0.9,10.94,-6.18,4.74,294.69,32.81
2014-09-20,2014,9,20,263,-67.5,-26.5,63.94,2.07,12,-6,1.46,206,32.19
2014-09-21,2014,9,21,264,-67.5,-26.5,63.8,4.18,15.4,-4.77,3.2,311.94,27.81
2014-09-22,2014,9,22,265,-67.5,-26.5,63.69,2.64,13.17,-5.09,4.32,310.62,25.44
2014-09-23,2014,9,23,266,-67.5,-26.5,63.66,1.01,10.03,-5.1,5.27,308.69,27.31
2014-09-24,2014,9,24,267,-67.5,-26.5,63.66,1.43,12.03,-6.27,4.28,308.62,23.25
2014-09-25,2014,9,25,268,-67.5,-26.5,63.71,1.51,11.64,-5.66,4.88,306.69,22.31
2014-09-26,2014,9,26,269,-67.5,-26.5,63.64,1.79,12.36,-5.52,5.27,311.94,21.62
2014-09-27,2014,9,27,270,-67.5,-26.5,63.58,3.37,14.8,-4.98,5.88,309,18.19
2014-09-28,2014,9,28,271,-67.5,-26.5,63.69,2.87,13.94,-5.19,5.26,308.19,20.81
2014-09-29,2014,9,29,272,-67.5,-26.5,63.69,3.12,14.98,-5.48,4.91,318.38,21.75
2014-09-30,2014,9,30,273,-67.5,-26.5,63.76,3.33,13.72,-5.3,4.38,308.62,21.94
2014-10-01,2014,10,1,274,-67.5,-26.5,63.93,5.86,17.77,-4.74,3.3,269.38,26.38
2014-10-02,2014,10,2,275,-67.5,-26.5,63.97,6.76,18.24,-3.32,3.67,311.31,29.56
2014-10-03,2014,10,3,276,-67.5,-26.5,63.83,6.48,15.26,-1.13,4.23,335.75,32.69
2014-10-04,2014,10,4,277,-67.5,-26.5,63.53,5.26,15.27,-2.1,8.12,317.12,30.88
2014-10-05,2014,10,5,278,-67.5,-26.5,63.82,5.44,16.73,-5.88,4.3,285.19,22.44
2014-10-06,2014,10,6,279,-67.5,-26.5,64.01,7,17.37,-2.2,1.37,277.44,23.31
2014-10-07,2014,10,7,280,-67.5,-26.5,63.92,7.47,19.01,-3.75,1.59,284.69,27.06
2014-10-08,2014,10,8,281,-67.5,-26.5,63.77,7.62,20.03,-4.26,2.42,305.12,19.31
2014-10-09,2014,10,9,282,-67.5,-26.5,63.72,7.59,20.33,-4.15,2.73,302.44,23.62
2014-10-10,2014,10,10,283,-67.5,-26.5,63.81,7.32,19.32,-3.69,3.93,283.88,27.69
2014-10-11,2014,10,11,284,-67.5,-26.5,63.9,8.05,20.67,-3.16,4.02,304,24.62
2014-10-12,2014,10,12,285,-67.5,-26.5,63.99,7.87,20.49,-3.97,1.9,260.81,22.44
2014-10-13,2014,10,13,286,-67.5,-26.5,64.06,8.69,21.22,-3.5,3.1,254.12,21.12
2014-10-14,2014,10,14,287,-67.5,-26.5,64.14,10.64,21.79,-0.08,1.9,290.5,29.06
2014-10-15,2014,10,15,288,-67.5,-26.5,64.1,10.85,21.65,0.65,3.66,292.88,24.19
2014-10-16,2014,10,16,289,-67.5,-26.5,64.07,10.24,20.25,1.23,3.09,298.62,29.38
2014-10-17,2014,10,17,290,-67.5,-26.5,64.01,8.32,17.94,0.13,3.78,297.19,32.88
2014-10-18,2014,10,18,291,-67.5,-26.5,63.85,5.83,15,-2.56,4.52,298.31,39.38
2014-10-19,2014,10,19,292,-67.5,-26.5,63.83,5.55,15.83,-4.67,2.91,267.12,37.19
2014-10-20,2014,10,20,293,-67.5,-26.5,64.01,7.18,16.84,-1.63,1.85,204.69,38.75
2014-10-21,2014,10,21,294,-67.5,-26.5,64.02,8.84,19.17,-1.1,1.83,177.19,49.62
2014-10-22,2014,10,22,295,-67.5,-26.5,64,8.08,15.23,3.04,1.27,219.81,55.75
2014-10-23,2014,10,23,296,-67.5,-26.5,64.03,7.55,15.85,0.07,1.77,206.06,51.81
2014-10-24,2014,10,24,297,-67.5,-26.5,64.16,8.18,17.29,0.33,2.73,168.94,55.69
2014-10-25,2014,10,25,298,-67.5,-26.5,64.05,9.94,20.19,-0.07,1.79,173.81,49.31
2014-10-26,2014,10,26,299,-67.5,-26.5,63.88,11.35,21.78,1.68,1.89,225.19,46.94
2014-10-27,2014,10,27,300,-67.5,-26.5,63.86,11.04,22.01,-0.09,2.71,188.75,36.06
2014-10-28,2014,10,28,301,-67.5,-26.5,63.8,11.15,21.63,1.91,2.47,263.94,42.12
2014-10-29,2014,10,29,302,-67.5,-26.5,63.73,8.36,19.55,-2.46,3.74,284.25,24.5
2014-10-30,2014,10,30,303,-67.5,-26.5,63.65,6.8,17.4,-3.22,4.61,299.19,24.62
2014-10-31,2014,10,31,304,-67.5,-26.5,63.74,6.72,18,-4.67,4.09,302,20.75
2014-11-01,2014,11,1,305,-67.5,-26.5,63.81,7.05,18.05,-3.7,3.83,298.5,27.25
2014-11-02,2014,11,2,306,-67.5,-26.5,63.78,6.51,17.34,-3.74,4.34,309.31,25.94
2014-11-03,2014,11,3,307,-67.5,-26.5,63.72,5.54,16.06,-3.88,5.44,305.19,24.38
2014-11-04,2014,11,4,308,-67.5,-26.5,63.72,6.1,17.91,-5.14,4.57,300,21.94
2014-11-05,2014,11,5,309,-67.5,-26.5,63.86,7.1,19.42,-4.62,4.6,297.19,17.56
2014-11-06,2014,11,6,310,-67.5,-26.5,63.98,8.19,20.52,-3.63,4.46,293.56,16.75
2014-11-07,2014,11,7,311,-67.5,-26.5,63.96,9.04,20.68,-2.92,3.84,270.56,22.5
2014-11-08,2014,11,8,312,-67.5,-26.5,63.91,9.05,20.74,-2.92,3.14,247.06,27.25
2014-11-09,2014,11,9,313,-67.5,-26.5,63.9,9.03,19.87,-1.73,2.43,267.69,30.88
2014-11-10,2014,11,10,314,-67.5,-26.5,63.81,8.35,19.98,-2.69,4.01,290.06,22.25
2014-11-11,2014,11,11,315,-67.5,-26.5,63.73,7.17,17.93,-3.75,4.62,294.88,22.38
2014-11-12,2014,11,12,316,-67.5,-26.5,63.68,6.57,17.26,-3.73,2.64,273.94,29.25
2014-11-13,2014,11,13,317,-67.5,-26.5,63.75,4.08,12.15,-3.36,3.16,211.25,48.56
2014-11-14,2014,11,14,318,-67.5,-26.5,63.94,4.74,13.96,-4.94,2.27,177.19,44.75
2014-11-15,2014,11,15,319,-67.5,-26.5,64.07,6.83,16.02,-2.49,2.5,169,34.69
2014-11-16,2014,11,16,320,-67.5,-26.5,64.07,6.89,14.69,-1.13,2.13,140.06,54.25
2014-11-17,2014,11,17,321,-67.5,-26.5,63.8,9.19,19.48,0.58,2.7,264.31,47.94
2014-11-18,2014,11,18,322,-67.5,-26.5,63.61,7.83,16,-2.27,1.44,233.19,32.5
2014-11-19,2014,11,19,323,-67.5,-26.5,63.63,8.26,19.01,-1.99,1.87,265.81,36
2014-11-20,2014,11,20,324,-67.5,-26.5,63.61,6.16,15.93,-3.51,4.52,304.62,32.81
2014-11-21,2014,11,21,325,-67.5,-26.5,63.67,4.68,15.46,-7.3,3.45,293.69,32.5
2014-11-22,2014,11,22,326,-67.5,-26.5,63.78,7.3,18.65,-4.39,1.8,255.5,28.5
2014-11-23,2014,11,23,327,-67.5,-26.5,63.69,9.01,19.34,-2.65,2.23,292.75,28.88
2014-11-24,2014,11,24,328,-67.5,-26.5,63.67,8.36,19.2,-3.87,2.1,233,29.25
2014-11-25,2014,11,25,329,-67.5,-26.5,63.71,7.64,17.62,-2.16,4.37,298.75,31.62
2014-11-26,2014,11,26,330,-67.5,-26.5,63.7,6.24,17.65,-5.32,2.62,256.88,35.06
2014-11-27,2014,11,27,331,-67.5,-26.5,63.84,8.1,17.06,-1.31,1.47,222.5,38.19
2014-11-28,2014,11,28,332,-67.5,-26.5,63.7,10.44,20.7,0.55,2.34,309.25,33.25
2014-11-29,2014,11,29,333,-67.5,-26.5,63.58,9.59,20.52,-1.85,4.45,304,22.38
2014-11-30,2014,11,30,334,-67.5,-26.5,63.58,7.62,17.87,-2.63,5.68,313.75,28.06
2014-12-01,2014,12,1,335,-67.5,-26.5,63.55,7.08,17.9,-3.31,4.89,301.75,27
2014-12-02,2014,12,2,336,-67.5,-26.5,63.7,5.74,15.61,-3.85,3.11,227.88,26.88
2014-12-03,2014,12,3,337,-67.5,-26.5,63.89,9.06,20.49,-2.83,1.61,165.69,29.06
2014-12-04,2014,12,4,338,-67.5,-26.5,63.97,11.57,22.67,0.12,1.98,241,34.19
2014-12-05,2014,12,5,339,-67.5,-26.5,63.92,13.3,23.65,2.18,1.88,267.25,33.25
2014-12-06,2014,12,6,340,-67.5,-26.5,63.88,13.62,23.59,3.14,1.8,232,30.5
2014-12-07,2014,12,7,341,-67.5,-26.5,63.9,11.5,20.77,3.82,1.83,134,52.81
2014-12-08,2014,12,8,342,-67.5,-26.5,63.76,11.83,21.31,4,2.26,203.44,52.69
2014-12-09,2014,12,9,343,-67.5,-26.5,63.63,12.49,22.43,2.4,2.13,268.19,38.44
2014-12-10,2014,12,10,344,-67.5,-26.5,63.8,11.3,20.38,4.56,1.75,229.62,45.06
2014-12-11,2014,12,11,345,-67.5,-26.5,63.86,11.16,21.06,2.52,2.54,272.38,38.5
2014-12-12,2014,12,12,346,-67.5,-26.5,63.83,10.67,21.51,-0.41,2.72,275.5,28.62
2014-12-13,2014,12,13,347,-67.5,-26.5,63.77,10.65,21.18,-0.66,1.96,258,32.5
2014-12-14,2014,12,14,348,-67.5,-26.5,63.68,10.08,20.7,0.45,3.43,281.31,37.38
2014-12-15,2014,12,15,349,-67.5,-26.5,63.75,8.32,19.46,-2.39,4.47,318.5,30.44
2014-12-16,2014,12,16,350,-67.5,-26.5,63.87,8.82,19.63,-2.87,3.77,300.38,29.94
2014-12-17,2014,12,17,351,-67.5,-26.5,63.87,9.51,20.71,-1.62,2.62,267.12,31.44
2014-12-18,2014,12,18,352,-67.5,-26.5,63.78,10.39,20.52,0.91,2.52,238.94,37.88
2014-12-19,2014,12,19,353,-67.5,-26.5,63.65,10.62,21.12,-0.53,3.17,284.44,30.62
2014-12-20,2014,12,20,354,-67.5,-26.5,63.49,7.93,18.41,-2.45,5.62,311.06,24.81
2014-12-21,2014,12,21,355,-67.5,-26.5,63.47,4.77,14.66,-5.77,6.58,296.25,30.19
2014-12-22,2014,12,22,356,-67.5,-26.5,63.67,6.07,17.44,-5.25,3.58,262.62,37.56
2014-12-23,2014,12,23,357,-67.5,-26.5,63.81,7.68,18.61,-1.81,1.27,201.44,45.75
2014-12-24,2014,12,24,358,-67.5,-26.5,63.66,8.66,19.98,-3.41,2.95,276.19,32.31
2014-12-25,2014,12,25,359,-67.5,-26.5,63.76,9.51,20.88,-2.25,2.92,294.81,30.12
2014-12-26,2014,12,26,360,-67.5,-26.5,63.94,10.63,22.34,-1.73,2.7,281.69,32.25
2014-12-27,2014,12,27,361,-67.5,-26.5,63.92,12.15,22.44,1.42,3.96,289.94,29.81
2014-12-28,2014,12,28,362,-67.5,-26.5,63.87,11.42,21.9,0.36,2.05,269.69,31.38
2014-12-29,2014,12,29,363,-67.5,-26.5,63.85,12,20.9,3.76,2.02,259.81,45.69
2014-12-30,2014,12,30,364,-67.5,-26.5,63.78,11.48,19.95,3.58,1.49,121.88,49.88
2014-12-31,2014,12,31,365,-67.5,-26.5,63.61,10.56,21.01,-1.13,2.4,267.31,29.31
2015-01-01,2015,1,1,1,-67.5,-26.5,63.68,9.51,20.96,-2.09,2.35,290.25,34.06
2015-01-02,2015,1,2,2,-67.5,-26.5,63.73,9.23,20.05,-1.58,2.85,276.69,34.56
2015-01-03,2015,1,3,3,-67.5,-26.5,63.9,9.83,20.37,-1.9,2.68,258.94,36.25
2015-01-04,2015,1,4,4,-67.5,-26.5,64.07,11.29,19.79,3.4,1.77,148,55.31
2015-01-05,2015,1,5,5,-67.5,-26.5,64.01,9.94,12.78,6.42,0.93,228.12,53.81
2015-01-06,2015,1,6,6,-67.5,-26.5,63.86,11.4,18.18,4.8,1.3,168.75,49.56
2015-01-07,2015,1,7,7,-67.5,-26.5,63.81,12.36,21.8,5.59,2.1,241.25,50.31
2015-01-08,2015,1,8,8,-67.5,-26.5,63.81,12.44,21.96,4.58,2.67,269.94,47
2015-01-09,2015,1,9,9,-67.5,-26.5,63.95,13.2,22.06,6.01,1.7,243.81,48.19
2015-01-10,2015,1,10,10,-67.5,-26.5,63.99,13.4,22.75,5.58,1.8,211.06,50.75
2015-01-11,2015,1,11,11,-67.5,-26.5,63.99,12.61,20.69,4.9,2.13,185.94,51.06
2015-01-12,2015,1,12,12,-67.5,-26.5,63.82,12.44,20.47,5.31,2.38,249.94,46.56
2015-01-13,2015,1,13,13,-67.5,-26.5,63.72,11.73,20.43,2.87,2.21,269.31,35.25
2015-01-14,2015,1,14,14,-67.5,-26.5,63.9,10.93,18.18,5.41,2.54,146.31,56.31
2015-01-15,2015,1,15,15,-67.5,-26.5,64.01,9.78,17.14,2.05,2.05,154.31,62.31
2015-01-16,2015,1,16,16,-67.5,-26.5,63.97,12.19,21.18,3.79,1.38,213.44,50.81
2015-01-17,2015,1,17,17,-67.5,-26.5,63.95,12.03,20.25,6.48,1.83,148,57.81
2015-01-18,2015,1,18,18,-67.5,-26.5,63.92,11.51,18.77,6.04,2.51,150.12,56.62
2015-01-19,2015,1,19,19,-67.5,-26.5,63.95,11.18,18.83,5.95,1.77,144,62.56
2015-01-20,2015,1,20,20,-67.5,-26.5,64.11,7.56,13.53,1.9,2.05,147.06,76.62
2015-01-21,2015,1,21,21,-67.5,-26.5,64.14,10.78,18.21,4.33,1.91,190.38,66.31
2015-01-22,2015,1,22,22,-67.5,-26.5,64.08,11.81,21.03,3.26,1.51,212.5,58.69
2015-01-23,2015,1,23,23,-67.5,-26.5,64.05,12.12,19.94,5.93,2.72,144.44,65.62
2015-01-24,2015,1,24,24,-67.5,-26.5,64.07,11.68,19.01,5.48,2.59,151.62,60.12
2015-01-25,2015,1,25,25,-67.5,-26.5,63.98,10.99,19.05,4.15,3.01,152.81,59.38
2015-01-26,2015,1,26,26,-67.5,-26.5,63.81,11.58,20.08,5.96,1.08,167.88,60.31
2015-01-27,2015,1,27,27,-67.5,-26.5,63.82,9.08,14.95,5.13,2.31,167.81,67.75
2015-01-28,2015,1,28,28,-67.5,-26.5,63.82,10.05,17.78,3.53,1.89,160.69,63.81
2015-01-29,2015,1,29,29,-67.5,-26.5,63.95,10.59,17.75,4.83,2.16,100.5,65.75
2015-01-30,2015,1,30,30,-67.5,-26.5,64,11.05,17.95,5.05,1.59,94.69,66.81
2015-01-31,2015,1,31,31,-67.5,-26.5,64,11.58,19.44,6.23,1.2,160.12,65.5
2015-02-01,2015,2,1,32,-67.5,-26.5,64.03,11.88,20.36,5.51,1.62,195.25,61.94
2015-02-02,2015,2,2,33,-67.5,-26.5,64.02,13.02,20.9,6.15,1.66,171.25,63.81
2015-02-03,2015,2,3,34,-67.5,-26.5,63.96,13.63,22.58,5.35,2.73,205.25,54.94
2015-02-04,2015,2,4,35,-67.5,-26.5,63.93,12.8,20.52,6.09,2.27,130.12,66.12
2015-02-05,2015,2,5,36,-67.5,-26.5,63.97,9.4,14.47,5.94,1.68,110,75.31
2015-02-06,2015,2,6,37,-67.5,-26.5,63.99,10.96,20.15,4.24,1.81,178,62.19
2015-02-07,2015,2,7,38,-67.5,-26.5,63.93,10.9,18.37,4.83,2.27,184.31,67
2015-02-08,2015,2,8,39,-67.5,-26.5,63.85,10.94,18.78,4.06,2.31,150.69,60.31
2015-02-09,2015,2,9,40,-67.5,-26.5,63.68,11.12,20.37,4.17,2.1,252.25,58.88
2015-02-10,2015,2,10,41,-67.5,-26.5,63.84,8.48,17.15,2.01,1.72,193.31,60.56
2015-02-11,2015,2,11,42,-67.5,-26.5,63.99,10.12,20.37,1.65,1.84,248.31,61.81
2015-02-12,2015,2,12,43,-67.5,-26.5,64.08,10.55,20.22,3.66,2.48,188,61.88
2015-02-13,2015,2,13,44,-67.5,-26.5,64.08,10.85,20.34,3.73,2.22,168.75,65.5
2015-02-14,2015,2,14,45,-67.5,-26.5,63.97,11.5,20.27,4.06,1.8,222.12,59.19
2015-02-15,2015,2,15,46,-67.5,-26.5,63.93,11.33,18.48,6.04,2.66,159.5,69.88
2015-02-16,2015,2,16,47,-67.5,-26.5,63.94,10.08,16.56,5.48,2.59,176.56,68.94
2015-02-17,2015,2,17,48,-67.5,-26.5,63.79,10.3,19.25,4.68,1.54,214.81,61.06
2015-02-18,2015,2,18,49,-67.5,-26.5,63.61,7.24,17.28,-2.7,2.29,266.69,46.38
2015-02-19,2015,2,19,50,-67.5,-26.5,63.57,4.21,13.06,-3.95,3.02,295.38,53.19
2015-02-20,2015,2,20,51,-67.5,-26.5,63.62,4.32,14.09,-4.8,3.3,302.94,49.69
2015-02-21,2015,2,21,52,-67.5,-26.5,63.8,5.37,15.82,-5.72,2.76,272.38,49.62
2015-02-22,2015,2,22,53,-67.5,-26.5,63.96,8.65,19.73,-2.19,2.37,261.69,48.81
2015-02-23,2015,2,23,54,-67.5,-26.5,64.03,10.53,20.05,2.44,1.61,208.31,61.56
2015-02-24,2015,2,24,55,-67.5,-26.5,63.89,11.93,21.66,3.83,1.87,275.75,54.94
2015-02-25,2015,2,25,56,-67.5,-26.5,63.85,10.26,20.45,-1.17,1.84,270.69,40.38
2015-02-26,2015,2,26,57,-67.5,-26.5,63.8,10.08,19.65,2.32,2.91,299.25,47.19
2015-02-27,2015,2,27,58,-67.5,-26.5,63.85,8.74,17.98,-0.01,2.27,288.69,50.56
2015-02-28,2015,2,28,59,-67.5,-26.5,63.93,7.98,16.7,0.66,3.12,295.75,57.44
2015-03-01,2015,3,1,60,-67.5,-26.5,63.94,7.37,17.38,-3.55,1.69,266.38,53.06
2015-03-02,2015,3,2,61,-67.5,-26.5,63.83,9.79,20.02,2.07,2.55,291.12,52.06
2015-03-03,2015,3,3,62,-67.5,-26.5,63.85,8.36,17.86,-1.53,1.44,204,49
2015-03-04,2015,3,4,63,-67.5,-26.5,63.84,9.77,19.51,1.33,1.55,273.25,62.56
2015-03-05,2015,3,5,64,-67.5,-26.5,63.93,10.53,19.34,2.88,1.66,251.75,60
2015-03-06,2015,3,6,65,-67.5,-26.5,63.99,10.73,19.21,3.82,1.45,156,68.31
2015-03-07,2015,3,7,66,-67.5,-26.5,64.03,11.29,17.76,6.65,1.72,153.75,73.94
2015-03-08,2015,3,8,67,-67.5,-26.5,63.99,11.67,18.36,7.1,1.51,118.44,72.81
2015-03-09,2015,3,9,68,-67.5,-26.5,64.01,11.99,18.29,6.93,1.31,134.94,73.31
2015-03-10,2015,3,10,69,-67.5,-26.5,64.06,11.86,18.89,6.68,1.91,149,73.38
2015-03-11,2015,3,11,70,-67.5,-26.5,64.09,12.45,20.05,6.58,1.7,153.5,70.19
2015-03-12,2015,3,12,71,-67.5,-26.5,63.95,12.36,20.5,5.46,1.75,188.19,64
2015-03-13,2015,3,13,72,-67.5,-26.5,63.8,12.3,20.55,5.14,1.48,182.81,67.44
2015-03-14,2015,3,14,73,-67.5,-26.5,63.86,11.83,19.34,6.94,1.81,161.06,71.06
2015-03-15,2015,3,15,74,-67.5,-26.5,63.97,11.33,19.54,5.35,1.86,144.94,69.88
2015-03-16,2015,3,16,75,-67.5,-26.5,64.05,11.25,19.2,4.92,1.88,178.62,70.19
2015-03-17,2015,3,17,76,-67.5,-26.5,64.14,10.75,16.79,6.32,1.78,122.62,70.44
2015-03-18,2015,3,18,77,-67.5,-26.5,64.09,8.49,15.56,3.2,1.45,93.19,75
2015-03-19,2015,3,19,78,-67.5,-26.5,64.12,9.54,17.65,3.59,2.34,189.94,70.56
2015-03-20,2015,3,20,79,-67.5,-26.5,64.24,8.51,15.48,3.46,2.08,162.38,75.38
2015-03-21,2015,3,21,80,-67.5,-26.5,64.16,8.09,16.58,0.93,1.79,177.5,68.44
2015-03-22,2015,3,22,81,-67.5,-26.5,63.98,8.09,16.36,0.94,1.74,212.12,63.25
2015-03-23,2015,3,23,82,-67.5,-26.5,63.94,7.64,16.73,-0.51,1.32,244.88,59.12
2015-03-24,2015,3,24,83,-67.5,-26.5,63.75,6.4,13.02,1.48,3.2,328.62,65.31
2015-03-25,2015,3,25,84,-67.5,-26.5,63.62,5.08,12.33,-0.81,4.16,277.94,68.12
2015-03-26,2015,3,26,85,-67.5,-26.5,63.67,3.78,11.88,-2.76,3.91,328.38,62.31
2015-03-27,2015,3,27,86,-67.5,-26.5,63.78,2.19,11.48,-5.36,2.75,316.5,55.56
2015-03-28,2015,3,28,87,-67.5,-26.5,64.02,1.69,9.3,-5.25,2.1,266.81,54.56
2015-03-29,2015,3,29,88,-67.5,-26.5,64.06,4.83,13.67,-2.85,1.41,226.5,47.06
2015-03-30,2015,3,30,89,-67.5,-26.5,63.9,4.78,15.7,-5.13,1.72,295.62,49.44
2015-03-31,2015,3,31,90,-67.5,-26.5,64.02,4.61,14.08,-4.53,1.04,259.25,52.94
2015-04-01,2015,4,1,91,-67.5,-26.5,64.02,5.95,16.17,-3.99,1.41,239.88,50.38
2015-04-02,2015,4,2,92,-67.5,-26.5,64.01,6.97,16.61,-0.63,1.59,279.62,56.31
2015-04-03,2015,4,3,93,-67.5,-26.5,63.83,5.61,15.65,-2.2,2.06,291.5,40.44
2015-04-04,2015,4,4,94,-67.5,-26.5,63.73,3.48,13.96,-5.5,3.02,295.94,35.62
2015-04-05,2015,4,5,95,-67.5,-26.5,63.86,4.36,15.48,-4.52,1.77,250.44,43.19
2015-04-06,2015,4,6,96,-67.5,-26.5,63.91,6.44,17.22,-2.74,1.91,278.31,49.31
2015-04-07,2015,4,7,97,-67.5,-26.5,63.82,5.32,15.73,-3.25,3.5,298.69,36.56
2015-04-08,2015,4,8,98,-67.5,-26.5,63.83,5.53,17.14,-4.45,1.84,287.69,38.31
2015-04-09,2015,4,9,99,-67.5,-26.5,64.01,6.29,15.62,-1.3,1.11,231.19,41.94
2015-04-10,2015,4,10,100,-67.5,-26.5,64.16,7.26,15.78,-0.6,1.2,184.06,65.62
2015-04-11,2015,4,11,101,-67.5,-26.5,64.15,6.85,11.96,3.53,1.33,265.31,70
2015-04-12,2015,4,12,102,-67.5,-26.5,64.01,6.28,13.31,0.41,1.48,299.5,65.75
2015-04-13,2015,4,13,103,-67.5,-26.5,63.98,4.71,14.58,-4.23,1.84,273.81,48.81
2015-04-14,2015,4,14,104,-67.5,-26.5,63.96,4.15,14.24,-3.99,2.55,301.56,40.12
2015-04-15,2015,4,15,105,-67.5,-26.5,63.9,4.18,13.95,-3.54,2.55,310.44,42.25
2015-04-16,2015,4,16,106,-67.5,-26.5,63.91,2.83,12.44,-4.7,3.51,309.12,41.56
2015-04-17,2015,4,17,107,-67.5,-26.5,63.99,2.92,11.46,-4.42,1.78,266.81,42.12
2015-04-18,2015,4,18,108,-67.5,-26.5,63.82,3.68,13.15,-3.47,2.73,303.75,45.5
2015-04-19,2015,4,19,109,-67.5,-26.5,63.64,3.01,13.75,-5.39,2.34,295.31,39.69
2015-04-20,2015,4,20,110,-67.5,-26.5,63.77,2.87,13.31,-4.92,3.41,312.69,37.25
2015-04-21,2015,4,21,111,-67.5,-26.5,63.82,2.65,12.44,-4.9,3.23,311.06,36.94
2015-04-22,2015,4,22,112,-67.5,-26.5,63.9,2.67,12.57,-5.34,1.91,295.94,39.75
2015-04-23,2015,4,23,113,-67.5,-26.5,63.96,3.64,13.62,-3.9,2.29,300.44,32.81
2015-04-24,2015,4,24,114,-67.5,-26.5,64.15,3.64,13.45,-3,1.3,257.19,40.06
2015-04-25,2015,4,25,115,-67.5,-26.5,64.07,5.4,15.66,-2.39,2.44,313.31,54.38
2015-04-26,2015,4,26,116,-67.5,-26.5,63.98,5.93,16.78,-2.82,2.73,298.62,50.31
2015-04-27,2015,4,27,117,-67.5,-26.5,64.02,5.79,16.18,-2.38,1.61,271.69,45.88
2015-04-28,2015,4,28,118,-67.5,-26.5,64.01,6.11,15.02,-1.13,1.04,252.25,57.56
2015-04-29,2015,4,29,119,-67.5,-26.5,64.02,5.11,15.39,-3.25,1.59,229.81,46.38
2015-04-30,2015,4,30,120,-67.5,-26.5,63.97,5.63,15.63,-2.43,1.58,291.44,51.88
2015-05-01,2015,5,1,121,-67.5,-26.5,63.79,3.65,14.87,-4.45,2.41,300.38,37.12
2015-05-02,2015,5,2,122,-67.5,-26.5,63.66,1.76,12.51,-5.3,3.73,301.81,38.94
2015-05-03,2015,5,3,123,-67.5,-26.5,63.66,-0.93,6.95,-5.95,4.43,300.88,47.44
2015-05-04,2015,5,4,124,-67.5,-26.5,63.73,-0.53,9.76,-6.67,3.49,307.06,45.5
2015-05-05,2015,5,5,125,-67.5,-26.5,63.83,0.05,8.96,-5.4,3.48,300.5,40.12
2015-05-06,2015,5,6,126,-67.5,-26.5,63.89,1.95,10.73,-4.32,2.15,273.38,40.81
2015-05-07,2015,5,7,127,-67.5,-26.5,63.71,1.47,8.65,-4.66,3.95,309.88,47.81
2015-05-08,2015,5,8,128,-67.5,-26.5,63.74,1.11,12.6,-5.18,3.97,316.31,43.62
2015-05-09,2015,5,9,129,-67.5,-26.5,63.76,1.32,10.26,-4.78,2.85,286.31,42.12
2015-05-10,2015,5,10,130,-67.5,-26.5,63.95,1.12,9.49,-5.35,1.61,241,39.81
2015-05-11,2015,5,11,131,-67.5,-26.5,63.93,3.29,12.91,-4.05,1.86,295.69,33
2015-05-12,2015,5,12,132,-67.5,-26.5,63.81,2.78,12,-3.18,2.12,296.81,33.12
2015-05-13,2015,5,13,133,-67.5,-26.5,63.8,2.16,11.04,-4.21,1.23,253.62,35.31
2015-05-14,2015,5,14,134,-67.5,-26.5,63.76,1.98,11.19,-4.13,2.04,308.19,33.94
2015-05-15,2015,5,15,135,-67.5,-26.5,63.76,0.84,9.89,-5.32,1.34,293.62,38
2015-05-16,2015,5,16,136,-67.5,-26.5,63.92,1.87,11.15,-4.31,2.14,317.88,30.56
2015-05-17,2015,5,17,137,-67.5,-26.5,63.99,1.31,10.08,-4.77,2,321.06,29.88
2015-05-18,2015,5,18,138,-67.5,-26.5,64.12,2.19,9.96,-3.25,1.24,217.06,31.69
2015-05-19,2015,5,19,139,-67.5,-26.5,64.18,3.27,11.76,-2.55,1.1,200.62,28.88
2015-05-20,2015,5,20,140,-67.5,-26.5,63.99,4.02,14.92,-3.58,2.07,319.19,28.31
2015-05-21,2015,5,21,141,-67.5,-26.5,63.96,3.19,14.51,-4.18,1.91,306.69,30.75
2015-05-22,2015,5,22,142,-67.5,-26.5,63.86,1.8,12.8,-4.56,2.89,313.94,44.19
2015-05-23,2015,5,23,143,-67.5,-26.5,63.74,0.66,10.63,-4.78,4.02,323.31,47.88
2015-05-24,2015,5,24,144,-67.5,-26.5,63.72,0.95,9.99,-3.69,4.12,312.31,48.38
2015-05-25,2015,5,25,145,-67.5,-26.5,63.74,1.22,9.78,-3.75,4.87,320.75,51
2015-05-26,2015,5,26,146,-67.5,-26.5,63.79,0.51,6.07,-3.35,2.76,309,64.88
2015-05-27,2015,5,27,147,-67.5,-26.5,63.87,-1.13,6.05,-6.36,1.26,262.12,54.19
2015-05-28,2015,5,28,148,-67.5,-26.5,63.83,0.58,10.73,-5.98,1.9,307.25,38
2015-05-29,2015,5,29,149,-67.5,-26.5,63.61,0.01,8.26,-4.46,3.82,301.69,35.62
2015-05-30,2015,5,30,150,-67.5,-26.5,63.61,-1.3,7.05,-5.85,3.59,299.88,36.62
2015-05-31,2015,5,31,151,-67.5,-26.5,63.8,-1.63,7.66,-7.37,3.11,303.5,33.12
2015-06-01,2015,6,1,152,-67.5,-26.5,63.98,0.19,9.16,-6.6,1.84,296.06,27.75
2015-06-02,2015,6,2,153,-67.5,-26.5,64.01,1.85,11.63,-5.42,1.82,316.31,25.88
2015-06-03,2015,6,3,154,-67.5,-26.5,64.07,3.43,11.58,-2.2,1.17,265.75,27.56
2015-06-04,2015,6,4,155,-67.5,-26.5,64.18,4.02,13.49,-2.3,1.69,306.94,27.69
2015-06-05,2015,6,5,156,-67.5,-26.5,64.19,3.66,14.05,-2.34,2.01,317.69,24.12
2015-06-06,2015,6,6,157,-67.5,-26.5,64.08,4.41,15.35,-2.67,2.28,302.06,22.94
2015-06-07,2015,6,7,158,-67.5,-26.5,64.01,3.48,14.66,-2.05,2.68,319.06,23.25
2015-06-08,2015,6,8,159,-67.5,-26.5,63.91,1.68,12.28,-3.64,3.23,322.38,28.38
2015-06-09,2015,6,9,160,-67.5,-26.5,63.81,0.5,10.8,-4.52,3.39,330.12,32.62
2015-06-10,2015,6,10,161,-67.5,-26.5,63.81,-0.28,9.65,-5.13,3.52,321.5,33.62
2015-06-11,2015,6,11,162,-67.5,-26.5,63.88,-0.42,8.87,-5.74,3.17,307.81,41.06
2015-06-12,2015,6,12,163,-67.5,-26.5,63.7,-0.97,8.87,-6.75,4.7,313.38,34.38
2015-06-13,2015,6,13,164,-67.5,-26.5,63.51,-0.37,7.15,-4.2,6.88,298.88,26.75
2015-06-14,2015,6,14,165,-67.5,-26.5,63.53,-0.89,6.83,-5.12,5.39,283.5,30.12
2015-06-15,2015,6,15,166,-67.5,-26.5,63.62,-0.81,9.77,-7.02,2.68,302.56,28.88
2015-06-16,2015,6,16,167,-67.5,-26.5,63.6,-0.42,9.85,-6.8,4.22,310.44,23.88
2015-06-17,2015,6,17,168,-67.5,-26.5,63.65,-1.06,7.04,-5.84,4.49,307.38,33.62
2015-06-18,2015,6,18,169,-67.5,-26.5,63.93,-0.8,8.08,-9.35,1.66,276.75,30.5
2015-06-19,2015,6,19,170,-67.5,-26.5,63.94,0.92,9.99,-5.73,2.02,295.94,29.75
2015-06-20,2015,6,20,171,-67.5,-26.5,64.01,1.96,10.36,-3.99,1.41,254.81,30.38
2015-06-21,2015,6,21,172,-67.5,-26.5,64.06,2.01,9.58,-3.77,1.17,248.25,28.62
2015-06-22,2015,6,22,173,-67.5,-26.5,63.97,2.37,10.44,-2.25,1.64,307.88,26.5
2015-06-23,2015,6,23,174,-67.5,-26.5,63.92,1.62,10.61,-3.82,3.22,317.75,30.62
2015-06-24,2015,6,24,175,-67.5,-26.5,63.97,1.29,12.19,-4.06,3.17,317.25,31.5
2015-06-25,2015,6,25,176,-67.5,-26.5,63.96,1.81,11.34,-3.42,4.31,318.88,23.56
2015-06-26,2015,6,26,177,-67.5,-26.5,64.04,2.01,11.44,-3.82,2.56,317.5,24.69
2015-06-27,2015,6,27,178,-67.5,-26.5,64.01,1.95,11.78,-3.86,2.48,309.12,25.38
2015-06-28,2015,6,28,179,-67.5,-26.5,63.82,0.92,10.41,-3.56,3.05,308.06,30.62
2015-06-29,2015,6,29,180,-67.5,-26.5,63.62,-0.28,7.26,-4.18,4.24,290.5,26.69
2015-06-30,2015,6,30,181,-67.5,-26.5,63.74,-1.49,8.44,-8.32,2.74,300.88,29.62
2015-07-01,2015,7,1,182,-67.5,-26.5,63.7,-1.24,7.3,-6.49,4.22,306.56,29.88
2015-07-02,2015,7,2,183,-67.5,-26.5,63.52,-2.23,4.62,-6.65,5.11,303.31,42.31
2015-07-03,2015,7,3,184,-67.5,-26.5,63.52,-2.35,6.4,-9.1,2.17,295.19,48.62
2015-07-04,2015,7,4,185,-67.5,-26.5,63.46,-2.21,5.76,-8.02,3.95,310.56,42.56
2015-07-05,2015,7,5,186,-67.5,-26.5,63.44,-2.35,5.28,-7.92,6.34,313,46.38
2015-07-06,2015,7,6,187,-67.5,-26.5,63.44,-3.61,1.69,-9.06,3.45,313,58.5
2015-07-07,2015,7,7,188,-67.5,-26.5,63.59,-4.17,2.1,-10.84,1.55,241.94,58.44
2015-07-08,2015,7,8,189,-67.5,-26.5,63.64,-1.63,8.81,-9.48,1.99,291.38,41.5
2015-07-09,2015,7,9,190,-67.5,-26.5,63.65,-1.52,7.33,-6.99,4.32,300.62,27.38
2015-07-10,2015,7,10,191,-67.5,-26.5,63.69,-1.18,7.63,-6.42,4.27,299.44,25
2015-07-11,2015,7,11,192,-67.5,-26.5,63.67,-0.86,7.73,-6.43,5.13,299.88,27
2015-07-12,2015,7,12,193,-67.5,-26.5,63.43,-1.35,5.95,-6.02,6.34,312.56,26.69
2015-07-13,2015,7,13,194,-67.5,-26.5,62.89,-4.77,-0.57,-10.41,9.02,311.44,42.69
2015-07-14,2015,7,14,195,-67.5,-26.5,63.15,-7.27,0.32,-12.66,4.66,312.5,54.75
2015-07-15,2015,7,15,196,-67.5,-26.5,63.52,-6.27,4.61,-15.13,4.56,305.12,34.06
2015-07-16,2015,7,16,197,-67.5,-26.5,63.75,-2.99,6.47,-11.06,4.08,296.38,29.94
2015-07-17,2015,7,17,198,-67.5,-26.5,63.88,-1.91,8.21,-9.88,2.61,311.5,34.25
2015-07-18,2015,7,18,199,-67.5,-26.5,63.79,-1.3,8.65,-8.18,3.55,312.69,28.62
2015-07-19,2015,7,19,200,-67.5,-26.5,63.66,-1.48,7.15,-7.32,5.41,311.5,28.94
2015-07-20,2015,7,20,201,-67.5,-26.5,63.74,-1.26,6.26,-8.56,3.52,284.88,29.94
2015-07-21,2015,7,21,202,-67.5,-26.5,63.77,-0.71,8.28,-6.81,2.8,306,27
2015-07-22,2015,7,22,203,-67.5,-26.5,63.74,-1.6,4.44,-6.35,3.4,311.56,41.12
2015-07-23,2015,7,23,204,-67.5,-26.5,63.85,-1.68,6.56,-9.22,1.99,263.94,45.25
2015-07-24,2015,7,24,205,-67.5,-26.5,63.96,-0.16,8,-7.01,1.46,282,27.31
2015-07-25,2015,7,25,206,-67.5,-26.5,63.92,1.1,10.58,-7.63,1.52,277.19,24.12
2015-07-26,2015,7,26,207,-67.5,-26.5,63.9,2.15,12.4,-4.04,2.56,310.19,25.69
2015-07-27,2015,7,27,208,-67.5,-26.5,63.93,1.48,12.46,-4.35,3.05,309.5,24.56
2015-07-28,2015,7,28,209,-67.5,-26.5,64,2.83,12.65,-3.48,2.96,311.88,20.81
2015-07-29,2015,7,29,210,-67.5,-26.5,63.94,3.19,13.25,-2.38,2.45,324.69,20.56
2015-07-30,2015,7,30,211,-67.5,-26.5,63.69,2.36,12.44,-3.2,6.79,322.88,19.62
2015-07-31,2015,7,31,212,-67.5,-26.5,63.84,1.37,12.01,-4.63,5.44,311.38,20.81
2015-08-01,2015,8,1,213,-67.5,-26.5,63.73,0.92,10.92,-4.02,4.46,315.69,22.62
2015-08-02,2015,8,2,214,-67.5,-26.5,63.72,1.33,11.74,-4.1,3.8,303.44,23.12
2015-08-03,2015,8,3,215,-67.5,-26.5,63.8,2.83,11.9,-3.72,2.42,305.25,29.06
2015-08-04,2015,8,4,216,-67.5,-26.5,63.75,2.08,11.4,-3.3,3.76,314.12,25.31
2015-08-05,2015,8,5,217,-67.5,-26.5,63.66,2.45,10.9,-2.62,8.23,309.56,36.94
2015-08-06,2015,8,6,218,-67.5,-26.5,63.52,3.48,10.47,-2.13,10.8,317.75,31.12
2015-08-07,2015,8,7,219,-67.5,-26.5,63.41,2.13,10.01,-2.67,8.27,328.12,35.19
2015-08-08,2015,8,8,220,-67.5,-26.5,63.18,1.64,9.62,-3.83,9.73,341.5,40.31
2015-08-09,2015,8,9,221,-67.5,-26.5,63.04,-2.6,3.87,-7.98,8.26,329.88,48.81
2015-08-10,2015,8,10,222,-67.5,-26.5,63.2,-4.6,3.51,-11.67,7.02,326.75,38.56
2015-08-11,2015,8,11,223,-67.5,-26.5,63.37,-1.99,6.01,-6.73,7.2,340.44,35.38
2015-08-12,2015,8,12,224,-67.5,-26.5,63.24,-4.56,1.66,-9.99,7.89,332.88,42.44
2015-08-13,2015,8,13,225,-67.5,-26.5,63.38,-4.87,5.46,-13.16,6.32,332.31,35.81
2015-08-14,2015,8,14,226,-67.5,-26.5,63.27,-5.28,1.39,-10.56,7.97,316.38,40.75
2015-08-15,2015,8,15,227,-67.5,-26.5,63.64,-4.09,6.01,-12.89,4.72,310.44,36.75
2015-08-16,2015,8,16,228,-67.5,-26.5,63.33,-3.37,3.9,-11.22,4.91,340.19,45.19
2015-08-17,2015,8,17,229,-67.5,-26.5,63.34,-7.27,-0.67,-13.03,3.07,271.38,40.88
2015-08-18,2015,8,18,230,-67.5,-26.5,63.9,-2.66,8.63,-12.89,1.55,295.94,34.56
2015-08-19,2015,8,19,231,-67.5,-26.5,63.75,0.46,9.75,-5.85,2.96,326.38,41.94
2015-08-20,2015,8,20,232,-67.5,-26.5,63.69,0.43,8.54,-4.67,4.27,312.81,47.5
2015-08-21,2015,8,21,233,-67.5,-26.5,63.71,1.05,10.98,-5.11,4.7,331.56,34.94
2015-08-22,2015,8,22,234,-67.5,-26.5,63.74,1.49,10.59,-3.79,4.26,302.94,38.12
2015-08-23,2015,8,23,235,-67.5,-26.5,63.76,1.99,12.8,-4.95,2.73,303.06,39.12
2015-08-24,2015,8,24,236,-67.5,-26.5,63.77,2.37,11.84,-4.51,1.77,293.88,35.19
2015-08-25,2015,8,25,237,-67.5,-26.5,63.66,1.18,11.81,-5.09,4.56,314.5,33.81
2015-08-26,2015,8,26,238,-67.5,-26.5,63.77,-0.67,7.63,-5.22,3.34,291.5,32
2015-08-27,2015,8,27,239,-67.5,-26.5,63.98,2.59,13.33,-5.66,2.55,284.62,28.5
2015-08-28,2015,8,28,240,-67.5,-26.5,64.19,5.74,15.26,-2.29,1.12,245.69,31.94
2015-08-29,2015,8,29,241,-67.5,-26.5,64.18,7.23,17.19,-1.09,1.53,279.88,27.62
2015-08-30,2015,8,30,242,-67.5,-26.5,64.14,7.63,18.69,-1.3,2.42,299.19,21.69
2015-08-31,2015,8,31,243,-67.5,-26.5,64.25,6.37,17.73,-1.16,1.66,277.44,32.69
2015-09-01,2015,9,1,244,-67.5,-26.5,64.22,5.65,17.26,-3.03,1.76,282.56,53.38
2015-09-02,2015,9,2,245,-67.5,-26.5,64.1,5.19,15.95,-2.31,1.68,266.5,35.75
2015-09-03,2015,9,3,246,-67.5,-26.5,63.98,4.14,14.01,-2.84,1.62,257.56,39.31
2015-09-04,2015,9,4,247,-67.5,-26.5,63.98,3.12,12.88,-3.85,1.52,215.94,34.69
2015-09-05,2015,9,5,248,-67.5,-26.5,63.83,3.38,13.11,-3.45,1.37,283.31,34.12
2015-09-06,2015,9,6,249,-67.5,-26.5,63.56,1.27,9.35,-4.79,6.18,319.25,38.94
2015-09-07,2015,9,7,250,-67.5,-26.5,63.25,-0.69,6.87,-6.52,7.46,297.62,38.25
2015-09-08,2015,9,8,251,-67.5,-26.5,63.45,-1.27,8.97,-7.72,3.36,283.75,30.69
2015-09-09,2015,9,9,252,-67.5,-26.5,63.47,-0.27,9.18,-5.93,5.13,298.75,31.69
2015-09-10,2015,9,10,253,-67.5,-26.5,63.57,-0.47,7.19,-5.53,6.61,286.94,33.94
2015-09-11,2015,9,11,254,-67.5,-26.5,63.71,-0.54,8.04,-5.63,5.36,279.19,34.25
2015-09-12,2015,9,12,255,-67.5,-26.5,63.76,-0.02,9.65,-6.08,4.23,278.44,27.31
2015-09-13,2015,9,13,256,-67.5,-26.5,63.86,1.81,12.5,-6.1,2.86,276.38,23.88
2015-09-14,2015,9,14,257,-67.5,-26.5,63.79,2.34,12.9,-4.99,4.32,305.56,23
2015-09-15,2015,9,15,258,-67.5,-26.5,63.77,2.94,14.21,-4.5,5.53,319.38,22.12
2015-09-16,2015,9,16,259,-67.5,-26.5,63.62,2.33,11.07,-3.82,7.69,313.12,26.38
2015-09-17,2015,9,17,260,-67.5,-26.5,63.61,2.69,11.26,-3.13,7.78,307.88,29.56
2015-09-18,2015,9,18,261,-67.5,-26.5,63.79,3.33,13.36,-3.73,5.2,309.06,27.19
2015-09-19,2015,9,19,262,-67.5,-26.5,63.81,3.77,14.19,-4.03,4.06,318.94,29.06
2015-09-20,2015,9,20,263,-67.5,-26.5,63.67,3.91,13.91,-3.85,6.15,324.81,28.88
2015-09-21,2015,9,21,264,-67.5,-26.5,63.64,3.91,13.75,-2.75,7.16,324.12,32.94
2015-09-22,2015,9,22,265,-67.5,-26.5,63.54,3.77,14.55,-4.28,6.61,325.56,26
2015-09-23,2015,9,23,266,-67.5,-26.5,63.35,3.24,13.26,-3.64,8.59,325.06,26.75
2015-09-24,2015,9,24,267,-67.5,-26.5,63.5,0.95,9.93,-5.6,7.99,307.38,22.12
2015-09-25,2015,9,25,268,-67.5,-26.5,63.64,2.01,13.54,-5.99,5.02,312.62,21.81
2015-09-26,2015,9,26,269,-67.5,-26.5,63.62,0.4,9.73,-6.33,5.37,304.38,26.25
2015-09-27,2015,9,27,270,-67.5,-26.5,63.71,2.62,14.02,-7.08,2.16,268.69,26.62
2015-09-28,2015,9,28,271,-67.5,-26.5,63.63,5.65,17.42,-4.51,2.39,255.81,26.69
2015-09-29,2015,9,29,272,-67.5,-26.5,63.58,5.49,16.83,-4.34,2.08,262.88,35.75
2015-09-30,2015,9,30,273,-67.5,-26.5,63.56,4.4,15.69,-4.95,4.09,311.12,32.44
2015-10-01,2015,10,1,274,-67.5,-26.5,63.66,3.25,13.44,-4.6,5.48,306.69,36.44
2015-10-02,2015,10,2,275,-67.5,-26.5,63.73,3.98,14.75,-5.07,3.75,304,31.12
2015-10-03,2015,10,3,276,-67.5,-26.5,63.68,4.97,16.2,-3.35,3.24,289.38,25.06
2015-10-04,2015,10,4,277,-67.5,-26.5,63.93,5.29,16.87,-4.65,4.3,307.38,21.94
2015-10-05,2015,10,5,278,-67.5,-26.5,64.02,5.51,17.15,-3.72,4.15,308.94,18.31
2015-10-06,2015,10,6,279,-67.5,-26.5,63.86,5.63,17.6,-3.64,4.91,317.56,15.88
2015-10-07,2015,10,7,280,-67.5,-26.5,63.67,4.82,16.16,-4.47,5.48,316.44,19.56
2015-10-08,2015,10,8,281,-67.5,-26.5,63.48,4.74,15.65,-4.33,5.04,304.5,26.31
2015-10-09,2015,10,9,282,-67.5,-26.5,63.44,3.09,12.94,-4.02,5.91,295.88,37.31
2015-10-10,2015,10,10,283,-67.5,-26.5,63.47,1.63,10.97,-4.99,5.55,295.56,41.31
2015-10-11,2015,10,11,284,-67.5,-26.5,63.48,1.05,10.23,-5.94,2.29,244.56,40.38
2015-10-12,2015,10,12,285,-67.5,-26.5,63.56,2.68,13.67,-6.18,4.71,298.69,22.94
2015-10-13,2015,10,13,286,-67.5,-26.5,63.43,2.51,12.01,-5.14,7.23,309.12,22
2015-10-14,2015,10,14,287,-67.5,-26.5,63.15,0.65,8.1,-5.52,10.93,314.31,21.06
2015-10-15,2015,10,15,288,-67.5,-26.5,63.51,2.05,12.56,-5.85,6.95,316.56,16.12
2015-10-16,2015,10,16,289,-67.5,-26.5,63.71,4.52,15.85,-5.08,5.75,315.81,19.94
2015-10-17,2015,10,17,290,-67.5,-26.5,63.87,7.07,18.01,-2.95,4.86,306.44,27.5
2015-10-18,2015,10,18,291,-67.5,-26.5,63.86,5.8,14.7,0.11,3.62,328.62,53.75
2015-10-19,2015,10,19,292,-67.5,-26.5,63.54,5.7,13.13,-1.52,9.48,322.5,46.75
2015-10-20,2015,10,20,293,-67.5,-26.5,63.61,5.34,15.85,-3.47,7.79,319.75,39.94
2015-10-21,2015,10,21,294,-67.5,-26.5,63.66,5.22,14.43,-2.65,7.77,314.19,42.5
2015-10-22,2015,10,22,295,-67.5,-26.5,63.81,6.42,17.73,-4.5,5.01,298.88,26.5
2015-10-23,2015,10,23,296,-67.5,-26.5,63.82,7.57,19.55,-3.74,3.44,304.31,27.19
2015-10-24,2015,10,24,297,-67.5,-26.5,63.79,6.26,16.67,-2.27,5.97,317.31,31.06
2015-10-25,2015,10,25,298,-67.5,-26.5,63.88,5.76,16.62,-4.24,5.18,312.19,30.31
2015-10-26,2015,10,26,299,-67.5,-26.5,63.88,5.95,16.84,-4.65,4.8,305.06,26.12
2015-10-27,2015,10,27,300,-67.5,-26.5,63.98,7.25,18.56,-4.46,3.3,285.25,30.12
2015-10-28,2015,10,28,301,-67.5,-26.5,63.94,7.87,19.64,-2.67,3.74,315,22.88
2015-10-29,2015,10,29,302,-67.5,-26.5,63.89,6.45,18.18,-4.03,4.45,316.56,25.75
2015-10-30,2015,10,30,303,-67.5,-26.5,63.82,5.87,17.53,-6.02,2.98,270.06,34.81
2015-10-31,2015,10,31,304,-67.5,-26.5,63.7,6.94,18.15,-3.42,2.93,292.62,33.5
2015-11-01,2015,11,1,305,-67.5,-26.5,63.57,4.73,14.85,-5.17,3.18,309.06,36.69
2015-11-02,2015,11,2,306,-67.5,-26.5,63.47,0.81,10.17,-8.88,4.19,316.88,37.5
2015-11-03,2015,11,3,307,-67.5,-26.5,63.51,0.52,9.93,-7.49,4.79,335.81,37.81
2015-11-04,2015,11,4,308,-67.5,-26.5,63.65,-1.14,8.43,-11.59,3.45,306.31,41.69
2015-11-05,2015,11,5,309,-67.5,-26.5,63.76,1.77,12.17,-8.79,3.69,295.56,33.75
2015-11-06,2015,11,6,310,-67.5,-26.5,63.77,3.46,14.18,-6.42,3.65,297.56,29.12
2015-11-07,2015,11,7,311,-67.5,-26.5,63.7,2.62,12.47,-6.18,4.56,303,25.5
2015-11-08,2015,11,8,312,-67.5,-26.5,63.63,5.23,16.87,-5.51,3.98,295.75,24.19
2015-11-09,2015,11,9,313,-67.5,-26.5,63.68,5.44,17.06,-4.77,4.9,312.44,23.38
2015-11-10,2015,11,10,314,-67.5,-26.5,63.77,6.01,18.26,-4.86,5.43,326,20.81
2015-11-11,2015,11,11,315,-67.5,-26.5,63.74,6.24,18.17,-4.6,5.57,319.44,23.62
2015-11-12,2015,11,12,316,-67.5,-26.5,63.74,7.01,17.8,-3.67,5.53,299.06,18.31
2015-11-13,2015,11,13,317,-67.5,-26.5,63.84,7.68,19.61,-4.3,3.18,287.5,22.44
2015-11-14,2015,11,14,318,-67.5,-26.5,63.76,8.83,20.31,-0.69,3.03,300.5,25.06
2015-11-15,2015,11,15,319,-67.5,-26.5,63.7,7.82,19.74,-4.41,3.3,292.25,28.88
2015-11-16,2015,11,16,320,-67.5,-26.5,63.64,6.69,17.32,-3.63,4.85,304.62,27.12
2015-11-17,2015,11,17,321,-67.5,-26.5,63.59,6.08,16.62,-3.92,5.3,307,28.75
2015-11-18,2015,11,18,322,-67.5,-26.5,63.53,4.89,14.94,-4.85,5.91,308.5,28.06
2015-11-19,2015,11,19,323,-67.5,-26.5,63.55,3.39,12.84,-5,5.38,291,28.44
2015-11-20,2015,11,20,324,-67.5,-26.5,63.51,3.68,14.73,-7.75,3.73,293.06,28.19
2015-11-21,2015,11,21,325,-67.5,-26.5,63.54,5.78,16.32,-4.53,5.44,297.06,23.44
2015-11-22,2015,11,22,326,-67.5,-26.5,63.66,5.98,16.85,-4.51,6.18,309,19.94
2015-11-23,2015,11,23,327,-67.5,-26.5,63.62,6.72,17.41,-3.71,7.16,309.5,17.81
2015-11-24,2015,11,24,328,-67.5,-26.5,63.6,7.76,18.54,-2.29,6.79,303.31,16.44
2015-11-25,2015,11,25,329,-67.5,-26.5,63.79,7.55,17.12,-1.45,6.05,309.06,32.44
2015-11-26,2015,11,26,330,-67.5,-26.5,63.82,9.16,20.25,-1.05,5.27,312.75,32.31
2015-11-27,2015,11,27,331,-67.5,-26.5,63.75,7.79,18.65,-2.5,4.85,300.31,29.25
2015-11-28,2015,11,28,332,-67.5,-26.5,63.65,6.59,16.5,-3,3.98,280.25,29.06
2015-11-29,2015,11,29,333,-67.5,-26.5,63.61,6.2,17.12,-4.83,2.38,258.31,33.12
2015-11-30,2015,11,30,334,-67.5,-26.5,63.62,6.66,17.23,-3.43,3.84,294.94,31
2015-12-01,2015,12,1,335,-67.5,-26.5,63.65,7.65,18.94,-4.59,3.08,275.12,26.38
2015-12-02,2015,12,2,336,-67.5,-26.5,63.81,8.57,18.91,-2.49,3.99,301,23.94
2015-12-03,2015,12,3,337,-67.5,-26.5,63.84,8.33,19.15,-3.53,3.45,293.31,24.44
2015-12-04,2015,12,4,338,-67.5,-26.5,63.87,9.28,19.69,-1.4,2.69,288.19,30.75
2015-12-05,2015,12,5,339,-67.5,-26.5,63.89,8.44,17.7,0.82,2.47,254.75,43.94
2015-12-06,2015,12,6,340,-67.5,-26.5,63.85,8.37,17.97,-2.07,1.71,205.5,43.38
2015-12-07,2015,12,7,341,-67.5,-26.5,63.68,10.84,21.48,0.13,1.73,258.94,39.88
2015-12-08,2015,12,8,342,-67.5,-26.5,63.68,9.96,20.63,-1.32,3.52,287.81,31.69
2015-12-09,2015,12,9,343,-67.5,-26.5,63.83,8.53,18.48,-1.45,3.49,294.88,34
2015-12-10,2015,12,10,344,-67.5,-26.5,63.87,8.42,18.79,-2.39,3.33,292.62,33.12
2015-12-11,2015,12,11,345,-67.5,-26.5,63.79,8.83,19.3,-2.27,4.07,296.12,28.12
2015-12-12,2015,12,12,346,-67.5,-26.5,63.78,8.46,19.35,-2.38,4.45,301.31,24.94
2015-12-13,2015,12,13,347,-67.5,-26.5,63.74,7.13,17.81,-3.42,5.01,309,25.62
2015-12-14,2015,12,14,348,-67.5,-26.5,63.69,7.45,18.16,-3.43,4.66,294.38,24.25
2015-12-15,2015,12,15,349,-67.5,-26.5,63.9,8.84,20.41,-2.85,1.8,215.44,33.56
2015-12-16,2015,12,16,350,-67.5,-26.5,63.81,10.61,21.64,0.08,4.59,289.06,31.5
2015-12-17,2015,12,17,351,-67.5,-26.5,63.72,9.63,20.87,-1.42,4.8,306.56,22.38
2015-12-18,2015,12,18,352,-67.5,-26.5,63.68,8.23,19.44,-3.08,4.14,301.81,29.5
2015-12-19,2015,12,19,353,-67.5,-26.5,63.79,7.1,17.43,-3.63,4.35,305.44,31.12
2015-12-20,2015,12,20,354,-67.5,-26.5,63.78,7.83,19.23,-3.82,4.74,306.56,27.06
2015-12-21,2015,12,21,355,-67.5,-26.5,63.67,8.55,20.32,-3.01,4.54,305.5,25.81
2015-12-22,2015,12,22,356,-67.5,-26.5,63.67,8.77,20.41,-3.26,3.67,307.81,25.19
2015-12-23,2015,12,23,357,-67.5,-26.5,63.78,9.46,19.97,-2.88,2.97,279.62,31.75
2015-12-24,2015,12,24,358,-67.5,-26.5,63.98,10.87,19.44,3.94,2.12,235.06,51.12
2015-12-25,2015,12,25,359,-67.5,-26.5,64.03,11.87,20.77,3.05,1.95,274.38,43.56
2015-12-26,2015,12,26,360,-67.5,-26.5,63.88,12.4,20.98,3.33,2.07,255.75,40.31
2015-12-27,2015,12,27,361,-67.5,-26.5,63.75,12.48,20.19,6.43,1.15,194.12,50
2015-12-28,2015,12,28,362,-67.5,-26.5,63.75,11.8,20.46,5.4,1.67,255.19,43.62
2015-12-29,2015,12,29,363,-67.5,-26.5,63.94,11.77,20.92,3.92,1.74,251.75,43.81
2015-12-30,2015,12,30,364,-67.5,-26.5,63.92,12.19,22.16,2.97,1.95,273.44,42.88
2015-12-31,2015,12,31,365,-67.5,-26.5,63.8,10.67,20.1,1.87,2.4,280.62,32.56
2016-01-01,2016,1,1,1,-67.5,-26.5,63.79,10.82,20.54,0.05,2.38,289.62,35.38
2016-01-02,2016,1,2,2,-67.5,-26.5,63.87,12.05,21.3,1.3,1.62,242.62,35.38
2016-01-03,2016,1,3,3,-67.5,-26.5,63.84,10.47,19.71,1.72,2.53,287.12,37.44
2016-01-04,2016,1,4,4,-67.5,-26.5,63.85,10.65,19.58,0.44,1.66,262.38,42.06
2016-01-05,2016,1,5,5,-67.5,-26.5,63.98,11.87,20.86,4.23,1.57,222.06,44.81
2016-01-06,2016,1,6,6,-67.5,-26.5,64.05,11.6,20.79,3.45,2.34,260.56,47.75
2016-01-07,2016,1,7,7,-67.5,-26.5,63.95,11.51,21.33,3.01,3.45,291.06,43.62
2016-01-08,2016,1,8,8,-67.5,-26.5,63.88,9.94,19.54,0.06,3.45,290.69,46.56
2016-01-09,2016,1,9,9,-67.5,-26.5,63.94,11.18,19.87,3.58,1.36,207.75,52.5
2016-01-10,2016,1,10,10,-67.5,-26.5,63.93,12.02,20.56,3.16,2.2,210.19,51
2016-01-11,2016,1,11,11,-67.5,-26.5,63.87,12.51,21.62,6.31,2.09,218,57.94
2016-01-12,2016,1,12,12,-67.5,-26.5,63.9,11.05,21.14,0.05,2.41,267.12,42.69
2016-01-13,2016,1,13,13,-67.5,-26.5,63.94,10.83,19.3,5.32,1.92,220,65.12
2016-01-14,2016,1,14,14,-67.5,-26.5,63.92,10.3,19.14,2.12,1.59,259.44,48.25
2016-01-15,2016,1,15,15,-67.5,-26.5,63.97,10.48,18.08,2.84,2.3,178.38,55.06
2016-01-16,2016,1,16,16,-67.5,-26.5,63.91,12.12,20.81,4.38,1.25,241.25,57.38
2016-01-17,2016,1,17,17,-67.5,-26.5,64.01,12.37,19.82,6.38,1.94,166.19,59.19
2016-01-18,2016,1,18,18,-67.5,-26.5,64.26,10.65,18.05,4.15,3.23,130.94,63
2016-01-19,2016,1,19,19,-67.5,-26.5,64.15,12.31,21.12,3.75,1.99,156.06,55.75
2016-01-20,2016,1,20,20,-67.5,-26.5,64.18,12.23,19.22,5.38,1.37,87.25,61.94
2016-01-21,2016,1,21,21,-67.5,-26.5,64.18,13.14,21.4,5.33,1.62,156.81,58.69
2016-01-22,2016,1,22,22,-67.5,-26.5,64.21,12.9,20.58,6.34,2.84,154.19,62.25
2016-01-23,2016,1,23,23,-67.5,-26.5,64.12,13.31,21,6.3,1.59,133.19,60.69
2016-01-24,2016,1,24,24,-67.5,-26.5,63.79,12.23,21.56,3.11,5.13,289.81,42.12
2016-01-25,2016,1,25,25,-67.5,-26.5,63.79,11.47,22.44,0.41,3.48,295.12,38.75
2016-01-26,2016,1,26,26,-67.5,-26.5,63.85,10.51,21.17,0.08,2.16,267.31,47.5
2016-01-27,2016,1,27,27,-67.5,-26.5,63.82,11.4,22.26,-0.06,1.91,270,44.62
2016-01-28,2016,1,28,28,-67.5,-26.5,63.85,11.8,22.72,0.31,2.45,273.06,40
2016-01-29,2016,1,29,29,-67.5,-26.5,63.93,11.65,21.14,0.78,1.79,237.06,45.88
2016-01-30,2016,1,30,30,-67.5,-26.5,64.02,9.19,15.48,4.18,3.3,167.69,71.75
2016-01-31,2016,1,31,31,-67.5,-26.5,64.07,8.09,15.15,2.35,2.23,132.88,68.38
2016-02-01,2016,2,1,32,-67.5,-26.5,63.98,8.64,16.15,2.88,1.75,104.75,65.19
2016-02-02,2016,2,2,33,-67.5,-26.5,63.84,8.83,17.02,2.77,1.64,204.81,62.06
2016-02-03,2016,2,3,34,-67.5,-26.5,63.77,9.73,18.6,0.21,1.8,210.25,51.56
2016-02-04,2016,2,4,35,-67.5,-26.5,63.82,10.97,19.06,3.37,1.3,159.75,56.06
2016-02-05,2016,2,5,36,-67.5,-26.5,63.93,10.62,18.59,4.44,1.4,201.19,59
2016-02-06,2016,2,6,37,-67.5,-26.5,64,11.33,20.76,1.12,2.01,247.69,56.69
2016-02-07,2016,2,7,38,-67.5,-26.5,63.95,11.85,18.49,4.54,2.52,286.19,52.81
2016-02-08,2016,2,8,39,-67.5,-26.5,63.96,11.93,21.48,2.4,2.38,268.62,48.75
2016-02-09,2016,2,9,40,-67.5,-26.5,64.13,12.61,21.06,6.45,1.36,193.69,63.44
2016-02-10,2016,2,10,41,-67.5,-26.5,64.18,12.92,21.58,5.41,1.73,230.19,61.12
2016-02-11,2016,2,11,42,-67.5,-26.5,64.1,13.7,22.19,5.95,1.9,173.19,64.44
2016-02-12,2016,2,12,43,-67.5,-26.5,63.91,14.21,23.73,6.65,2.17,239.88,53.25
2016-02-13,2016,2,13,44,-67.5,-26.5,64,11.94,18.21,4.26,1.15,214.44,57.81
2016-02-14,2016,2,14,45,-67.5,-26.5,63.93,13.09,22.25,6.57,1.58,181.38,63.38
2016-02-15,2016,2,15,46,-67.5,-26.5,63.9,13.16,22.68,5.38,1.49,237.81,56.56
2016-02-16,2016,2,16,47,-67.5,-26.5,63.8,12.93,24.15,2.24,3.05,289.5,34.5
2016-02-17,2016,2,17,48,-67.5,-26.5,63.94,11.78,22.08,0.28,1.83,180.12,39.44
2016-02-18,2016,2,18,49,-67.5,-26.5,64.14,11.75,19.4,4.87,2.3,238.75,60.81
2016-02-19,2016,2,19,50,-67.5,-26.5,64.14,12.29,20.2,4.48,2.02,180.94,64
2016-02-20,2016,2,20,51,-67.5,-26.5,63.96,12.23,19.82,7.45,1.79,153.12,71.88
2016-02-21,2016,2,21,52,-67.5,-26.5,63.89,12.25,20.89,5.62,2.07,199.56,68.06
2016-02-22,2016,2,22,53,-67.5,-26.5,63.89,12.05,19.87,6.33,2.27,142.19,72.5
2016-02-23,2016,2,23,54,-67.5,-26.5,64.07,11.24,19.44,4.23,0.91,178.62,66.44
2016-02-24,2016,2,24,55,-67.5,-26.5,64.11,11.78,18.62,6.85,2.59,157.19,70.38
2016-02-25,2016,2,25,56,-67.5,-26.5,63.9,12.37,21.32,4.96,1.72,230.44,65
2016-02-26,2016,2,26,57,-67.5,-26.5,63.78,11.51,20.73,3.59,2.2,248.44,53.88
2016-02-27,2016,2,27,58,-67.5,-26.5,63.87,9.1,18.43,0.67,2.32,277.06,45.56
2016-02-28,2016,2,28,59,-67.5,-26.5,64.04,8.55,18.67,-2.17,1.87,254.75,43.44
2016-02-29,2016,2,29,60,-67.5,-26.5,64.09,9.62,19.17,0.23,2.16,267.62,44.88
2016-03-01,2016,3,1,61,-67.5,-26.5,64.18,9.43,18.33,2.19,1.44,188.12,47.31
2016-03-02,2016,3,2,62,-67.5,-26.5,64.07,10.55,20.49,1.35,2.01,236.31,56.56
2016-03-03,2016,3,3,63,-67.5,-26.5,64.02,10.31,20.12,1.4,2.34,249.19,47.25
2016-03-04,2016,3,4,64,-67.5,-26.5,63.97,8.62,17.88,0.54,2.43,227,49.69
2016-03-05,2016,3,5,65,-67.5,-26.5,63.94,7.97,16.37,0.39,1.93,228,56.94
2016-03-06,2016,3,6,66,-67.5,-26.5,63.93,8.38,17.98,-0.91,1.86,237.06,54.81
2016-03-07,2016,3,7,67,-67.5,-26.5,63.9,7.21,16.87,-1.55,3.16,300.5,48.25
2016-03-08,2016,3,8,68,-67.5,-26.5,63.87,5.11,14.95,-3.62,3.45,303.56,51.25
2016-03-09,2016,3,9,69,-67.5,-26.5,64.02,4.83,14.8,-3.58,1.79,216.88,55.12
2016-03-10,2016,3,10,70,-67.5,-26.5,64.06,6.78,16.89,-1.66,1.65,227.94,61.44
2016-03-11,2016,3,11,71,-67.5,-26.5,64.05,7.57,16.47,-0.95,2.43,206,56.5
2016-03-12,2016,3,12,72,-67.5,-26.5,63.93,7.47,16.12,1.68,1.82,203.81,61.56
2016-03-13,2016,3,13,73,-67.5,-26.5,64.11,6.33,14.62,-1.19,1.88,203.38,59.62
2016-03-14,2016,3,14,74,-67.5,-26.5,64.17,9.37,19.36,-0.16,1.11,191,54.69
2016-03-15,2016,3,15,75,-67.5,-26.5,64.21,10.95,20.73,2.69,1.45,209.81,49.94
2016-03-16,2016,3,16,76,-67.5,-26.5,64.21,11.17,20.23,3.56,1.21,258.75,63.75
2016-03-17,2016,3,17,77,-67.5,-26.5,64.08,11.35,21.7,1.44,3.09,289.94,45.25
2016-03-18,2016,3,18,78,-67.5,-26.5,64.06,9.63,19.62,1.97,1.89,240.94,51.5
2016-03-19,2016,3,19,79,-67.5,-26.5,63.97,8.58,19.26,-0.23,3.3,295.19,47.56
2016-03-20,2016,3,20,80,-67.5,-26.5,63.96,6.96,18.08,-2.66,3.68,306,40.94
2016-03-21,2016,3,21,81,-67.5,-26.5,64.06,7.49,19.1,-3.26,3.41,291.75,36.62
2016-03-22,2016,3,22,82,-67.5,-26.5,64.15,7.92,17.66,-0.13,1.63,280.12,38.31
2016-03-23,2016,3,23,83,-67.5,-26.5,63.88,7.3,16.3,1.28,2.75,293.31,40.81
2016-03-24,2016,3,24,84,-67.5,-26.5,63.97,3.01,7.58,-1.23,2.84,159.38,75.94
2016-03-25,2016,3,25,85,-67.5,-26.5,63.87,4.2,14.91,-4.17,1.62,238.94,68.38
2016-03-26,2016,3,26,86,-67.5,-26.5,63.93,5.99,17.94,-4.12,1.97,284.75,50.88
2016-03-27,2016,3,27,87,-67.5,-26.5,63.99,6.39,17.26,-3.63,2.12,283.06,40.62
2016-03-28,2016,3,28,88,-67.5,-26.5,64.01,6.67,16.86,-3.17,1.86,297.62,43.62
2016-03-29,2016,3,29,89,-67.5,-26.5,64.03,6.86,17.05,-2.57,2.25,303.69,43.12
2016-03-30,2016,3,30,90,-67.5,-26.5,64.11,7.26,17.57,-3.34,2.34,303.25,40.81
2016-03-31,2016,3,31,91,-67.5,-26.5,64.13,8.31,18.31,-1.79,1.3,291.56,37.38
2016-04-01,2016,4,1,92,-67.5,-26.5,64.04,7.26,18.3,-2.26,3.45,313.69,37.38
2016-04-02,2016,4,2,93,-67.5,-26.5,63.97,6.52,17.93,-3.22,3.12,312.88,35.38
2016-04-03,2016,4,3,94,-67.5,-26.5,63.99,6.29,17.02,-3.37,3.48,313.94,39.81
2016-04-04,2016,4,4,95,-67.5,-26.5,64.09,7.98,17.62,-1.06,2.52,295.12,54.62
2016-04-05,2016,4,5,96,-67.5,-26.5,63.94,7.81,16.64,0.87,3.5,323.5,63.44
2016-04-06,2016,4,6,97,-67.5,-26.5,63.91,5.79,17.44,-3.06,4,317.88,56.5
2016-04-07,2016,4,7,98,-67.5,-26.5,63.91,4.58,16.24,-4.8,4.08,320.75,45
2016-04-08,2016,4,8,99,-67.5,-26.5,63.86,4.17,15.41,-4.39,4.27,324.88,40.94
2016-04-09,2016,4,9,100,-67.5,-26.5,63.89,4.83,16.19,-4.43,3.74,310.44,39.25
2016-04-10,2016,4,10,101,-67.5,-26.5,63.94,4.3,14.56,-5.11,2.25,282.38,45.88
2016-04-11,2016,4,11,102,-67.5,-26.5,63.92,4.35,12.54,-2.38,1.95,297.31,45.62
2016-04-12,2016,4,12,103,-67.5,-26.5,63.9,2.07,11.23,-4.29,4.18,319,48.81
2016-04-13,2016,4,13,104,-67.5,-26.5,63.88,3.44,15.23,-5.38,3,308.81,48.19
2016-04-14,2016,4,14,105,-67.5,-26.5,63.85,5.09,17.13,-3.45,3.05,314.06,43.19
2016-04-15,2016,4,15,106,-67.5,-26.5,63.73,5.41,17.36,-2.81,3.94,318.31,40
2016-04-16,2016,4,16,107,-67.5,-26.5,63.81,6.15,17.68,-3.13,3.3,312.94,39.19
2016-04-17,2016,4,17,108,-67.5,-26.5,63.9,4.98,15.26,-2.71,4.3,319.81,45.88
2016-04-18,2016,4,18,109,-67.5,-26.5,63.79,4.44,14.07,-2.29,6.05,326,53.94
2016-04-19,2016,4,19,110,-67.5,-26.5,63.74,3.36,11.8,-3.16,4.64,314.69,59.88
2016-04-20,2016,4,20,111,-67.5,-26.5,63.63,0.3,6.54,-4.85,3.53,319.69,58.5
2016-04-21,2016,4,21,112,-67.5,-26.5,63.88,3.44,14.96,-5.07,1.8,312,41.25
2016-04-22,2016,4,22,113,-67.5,-26.5,63.72,2.67,12.46,-4.33,5.51,314.62,33.31
2016-04-23,2016,4,23,114,-67.5,-26.5,63.63,3.57,13.48,-3.4,6.07,301.81,34.12
2016-04-24,2016,4,24,115,-67.5,-26.5,63.51,1.61,9.84,-2.98,7.12,306.5,48.62
2016-04-25,2016,4,25,116,-67.5,-26.5,63.24,1.59,9.41,-2.92,9.04,300.62,46.62
2016-04-26,2016,4,26,117,-67.5,-26.5,63.55,-1.93,4.66,-7.92,3.01,233.75,51.12
2016-04-27,2016,4,27,118,-67.5,-26.5,63.7,0.8,10.01,-7.21,1.9,279.62,47
2016-04-28,2016,4,28,119,-67.5,-26.5,63.84,3.02,11.75,-2.91,2.2,292.38,49.44
2016-04-29,2016,4,29,120,-67.5,-26.5,63.93,3.62,13.09,-3.32,1.92,238.44,51.88
2016-04-30,2016,4,30,121,-67.5,-26.5,63.8,4.62,15.18,-3.42,1.96,272.94,47.06
2016-05-01,2016,5,1,122,-67.5,-26.5,63.88,3.3,13.94,-3.71,3.52,300,41.38
2016-05-02,2016,5,2,123,-67.5,-26.5,64.01,3.06,13.56,-4.28,2.3,300,41.5
2016-05-03,2016,5,3,124,-67.5,-26.5,64.03,4.31,13.35,-3.31,1.75,228.5,45.56
2016-05-04,2016,5,4,125,-67.5,-26.5,63.88,4.67,13.75,-2.18,1.88,304.06,45.81
2016-05-05,2016,5,5,126,-67.5,-26.5,63.77,1.37,9.81,-4.41,3.83,312.38,45.94
2016-05-06,2016,5,6,127,-67.5,-26.5,63.78,0.51,7.12,-4.07,3.04,306.5,52.62
2016-05-07,2016,5,7,128,-67.5,-26.5,63.66,0.55,8.95,-4.33,4.75,314.75,54.62
2016-05-08,2016,5,8,129,-67.5,-26.5,63.57,0.07,8.79,-4.2,4.38,311.69,51.38
2016-05-09,2016,5,9,130,-67.5,-26.5,63.56,-0.89,7.26,-5.23,4.2,310.25,53.5
2016-05-10,2016,5,10,131,-67.5,-26.5,63.69,-1.72,4.55,-6.1,3.27,317.69,59.25
2016-05-11,2016,5,11,132,-67.5,-26.5,63.7,-0.99,5.9,-5.03,4.76,311.31,59.19
2016-05-12,2016,5,12,133,-67.5,-26.5,63.87,1.15,10.55,-5.63,2.15,314.31,49.5
2016-05-13,2016,5,13,134,-67.5,-26.5,63.87,1.31,11.48,-4.42,3.83,320.5,42.31
2016-05-14,2016,5,14,135,-67.5,-26.5,63.71,0.57,8.48,-4.05,7.09,326.44,41.56
2016-05-15,2016,5,15,136,-67.5,-26.5,63.78,1.05,9.59,-3.43,6.11,300.38,35.69
2016-05-16,2016,5,16,137,-67.5,-26.5,63.79,1.8,11.05,-3.25,3.78,294.44,42.31
2016-05-17,2016,5,17,138,-67.5,-26.5,63.68,0.33,8.12,-4.94,4.69,300.56,52.31
2016-05-18,2016,5,18,139,-67.5,-26.5,63.65,-0.35,10.07,-6,3.55,312.62,48.38
2016-05-19,2016,5,19,140,-67.5,-26.5,63.53,-0.42,8.51,-5.24,4.23,316.94,38.88
2016-05-20,2016,5,20,141,-67.5,-26.5,63.63,-1.02,7.37,-5.9,5.1,313.75,45.12
2016-05-21,2016,5,21,142,-67.5,-26.5,63.65,0.12,8.38,-4.15,6.65,305.94,42.94
2016-05-22,2016,5,22,143,-67.5,-26.5,63.84,1.55,10.19,-4.47,3.45,270.88,43.56
2016-05-23,2016,5,23,144,-67.5,-26.5,64.02,2.41,12.4,-3.38,2.77,314.25,40.75
2016-05-24,2016,5,24,145,-67.5,-26.5,64.1,1.62,11.19,-3,3.27,313.75,39.88
2016-05-25,2016,5,25,146,-67.5,-26.5,64,1.73,9.72,-3.02,3.11,305.44,42.81
2016-05-26,2016,5,26,147,-67.5,-26.5,63.87,1.06,8.53,-3.8,1.37,284.69,47.44
2016-05-27,2016,5,27,148,-67.5,-26.5,63.65,-1.03,6.03,-4.82,2.49,259.44,59.25
2016-05-28,2016,5,28,149,-67.5,-26.5,63.74,-0.77,7.44,-6.17,2.08,276.44,58.31
2016-05-29,2016,5,29,150,-67.5,-26.5,63.52,-0.49,6.52,-4.1,6.13,305.69,58.25
2016-05-30,2016,5,30,151,-67.5,-26.5,63.32,-1.73,2.55,-4.39,5.84,296.44,55.81
2016-05-31,2016,5,31,152,-67.5,-26.5,63.25,-1.54,4.48,-4.87,7.88,305.44,50.44
2016-06-01,2016,6,1,153,-67.5,-26.5,63.34,-2.12,3.58,-5.87,9.49,302.56,48.38
2016-06-02,2016,6,2,154,-67.5,-26.5,63.4,-1.24,4.93,-5.05,8.41,300.81,39.69
2016-06-03,2016,6,3,155,-67.5,-26.5,63.36,-1.47,4.56,-4.6,10.03,309.5,39.81
2016-06-04,2016,6,4,156,-67.5,-26.5,63.27,-2.64,2.98,-5.96,8.61,307.94,49.19
2016-06-05,2016,6,5,157,-67.5,-26.5,63.16,-2.83,2.84,-7.17,9.27,307.75,46.56
2016-06-06,2016,6,6,158,-67.5,-26.5,63.36,-4.03,2.3,-8.54,6.54,299.75,49.88
2016-06-07,2016,6,7,159,-67.5,-26.5,63.64,-4.6,4.48,-11.17,3.15,301,49.31
2016-06-08,2016,6,8,160,-67.5,-26.5,63.79,-4.31,6.26,-12.6,3.06,300.69,44.25
2016-06-09,2016,6,9,161,-67.5,-26.5,63.84,-2.49,6.4,-9.11,4.45,295.56,37.75
2016-06-10,2016,6,10,162,-67.5,-26.5,64.04,-1.39,6.6,-7.38,3.86,291.5,40.81
2016-06-11,2016,6,11,163,-67.5,-26.5,64.08,-0.42,7.45,-5.9,2.8,279.88,52.62
2016-06-12,2016,6,12,164,-67.5,-26.5,64.04,0.34,9.49,-5.55,2.28,318.25,61.69
2016-06-13,2016,6,13,165,-67.5,-26.5,63.97,0.65,7.45,-2.8,4.09,314.5,64
2016-06-14,2016,6,14,166,-67.5,-26.5,64.03,0.62,10.1,-3.99,3.57,319.56,56.5
2016-06-15,2016,6,15,167,-67.5,-26.5,64.12,0.37,10.36,-4.95,3.04,317.06,40.56
2016-06-16,2016,6,16,168,-67.5,-26.5,63.98,0.55,8.95,-5.33,1.95,292.25,37.94
2016-06-17,2016,6,17,169,-67.5,-26.5,63.79,-0.19,6.57,-4.44,2.64,300.56,37.75
2016-06-18,2016,6,18,170,-67.5,-26.5,63.75,-1.25,7.15,-7.41,1.62,290.44,39.19
2016-06-19,2016,6,19,171,-67.5,-26.5,63.67,-1.78,6.19,-7.21,2.63,314,36.88
2016-06-20,2016,6,20,172,-67.5,-26.5,63.63,-3.25,4.82,-10.09,2,287.06,40.12
2016-06-21,2016,6,21,173,-67.5,-26.5,63.77,-2.26,6.94,-10.1,1.99,280.88,35.88
2016-06-22,2016,6,22,174,-67.5,-26.5,63.91,-0.44,9.67,-8.38,1.91,289.88,35.81
2016-06-23,2016,6,23,175,-67.5,-26.5,63.82,0.17,9.16,-5.11,2.55,314.25,40.5
2016-06-24,2016,6,24,176,-67.5,-26.5,63.4,-0.53,6.63,-5.54,4.59,316.69,34.75
2016-06-25,2016,6,25,177,-67.5,-26.5,63.13,-5.78,-1.04,-11.39,3.65,85.75,62.69
2016-06-26,2016,6,26,178,-67.5,-26.5,63.34,-8.8,-1.09,-13.6,2.38,267.81,61.5
2016-06-27,2016,6,27,179,-67.5,-26.5,63.67,-6.77,4.35,-15.22,3.12,308.19,54.12
2016-06-28,2016,6,28,180,-67.5,-26.5,63.81,-4.13,5.94,-11.98,3.77,313.69,44.75
2016-06-29,2016,6,29,181,-67.5,-26.5,63.88,-2.34,6.98,-9.56,3.05,308.56,60.56
2016-06-30,2016,6,30,182,-67.5,-26.5,63.94,-0.88,9.16,-8.54,2.44,320.06,52.75
2016-07-01,2016,7,1,183,-67.5,-26.5,63.86,-0.04,9.65,-6.02,3.44,318.56,40.5
2016-07-02,2016,7,2,184,-67.5,-26.5,63.74,0.18,8.65,-5.32,5.88,324.5,44.31
2016-07-03,2016,7,3,185,-67.5,-26.5,63.5,-0.07,5.8,-3.47,8.53,335.12,58.75
2016-07-04,2016,7,4,186,-67.5,-26.5,63.26,-2.24,2.58,-7.54,8.28,332.69,51.38
2016-07-05,2016,7,5,187,-67.5,-26.5,63.4,-7.7,-2.17,-12.17,3.46,289.81,49.5
2016-07-06,2016,7,6,188,-67.5,-26.5,63.84,-4.52,7.38,-13.98,2.85,311.62,37.5
2016-07-07,2016,7,7,189,-67.5,-26.5,63.86,-1.99,7.57,-9.32,3.04,321.94,33.75
2016-07-08,2016,7,8,190,-67.5,-26.5,63.8,-1.14,5.01,-4.23,3.5,321.56,48.69
2016-07-09,2016,7,9,191,-67.5,-26.5,63.73,-1.29,5.94,-6.73,6,317.31,58.75
2016-07-10,2016,7,10,192,-67.5,-26.5,63.54,-0.54,5.81,-4.24,8.79,312.06,50.31
2016-07-11,2016,7,11,193,-67.5,-26.5,63.65,-1.17,5.02,-5,5.73,310.38,51.38
2016-07-12,2016,7,12,194,-67.5,-26.5,63.59,-1.15,6.98,-6.95,5.65,310.44,49.44
2016-07-13,2016,7,13,195,-67.5,-26.5,63.53,-1.67,6.16,-7.1,5.83,321.12,38.31
2016-07-14,2016,7,14,196,-67.5,-26.5,63.56,-2.35,6.08,-9.02,5.38,312.62,32.69
2016-07-15,2016,7,15,197,-67.5,-26.5,63.47,-4.16,3.43,-9.85,5.34,304.81,32.38
2016-07-16,2016,7,16,198,-67.5,-26.5,63.77,-3.02,9.18,-13.42,2.58,304.56,33.81
2016-07-17,2016,7,17,199,-67.5,-26.5,63.74,-0.77,9.54,-7.59,4.12,313.81,27.25
2016-07-18,2016,7,18,200,-67.5,-26.5,63.76,-1.08,7.83,-8.02,3.7,308.31,27.88
2016-07-19,2016,7,19,201,-67.5,-26.5,63.76,-0.51,9.44,-7.31,4.02,311.25,31.38
2016-07-20,2016,7,20,202,-67.5,-26.5,63.99,0.52,10.26,-5.67,3.65,307.75,30.31
2016-07-21,2016,7,21,203,-67.5,-26.5,64.04,0.49,10.42,-5.47,2.82,314.38,30.12
2016-07-22,2016,7,22,204,-67.5,-26.5,63.94,0.31,10.58,-4.67,2.81,312.75,30.44
2016-07-23,2016,7,23,205,-67.5,-26.5,63.87,-0.14,9.3,-6.33,3.82,312.81,31.19
2016-07-24,2016,7,24,206,-67.5,-26.5,63.66,0.15,9.09,-5.28,4.41,323.31,39.88
2016-07-25,2016,7,25,207,-67.5,-26.5,63.53,-1.36,5.07,-4.93,6.78,305,42.69
2016-07-26,2016,7,26,208,-67.5,-26.5,63.82,-0.49,9.72,-7.72,2.79,295.56,31.69
2016-07-27,2016,7,27,209,-67.5,-26.5,63.8,1.16,11.61,-4.67,3.8,309.88,27.88
2016-07-28,2016,7,28,210,-67.5,-26.5,63.81,1.42,12.23,-4.08,3.66,308.31,27.12
2016-07-29,2016,7,29,211,-67.5,-26.5,63.73,1.33,12.14,-4.3,3.35,321.62,25.19
2016-07-30,2016,7,30,212,-67.5,-26.5,63.66,1.27,11.33,-3.68,5.14,321.94,26.25
2016-07-31,2016,7,31,213,-67.5,-26.5,63.76,1.12,9.55,-3.14,4.58,325.31,33.62
2016-08-01,2016,8,1,214,-67.5,-26.5,63.84,0.82,10.18,-4,3.53,316.31,32.31
2016-08-02,2016,8,2,215,-67.5,-26.5,63.92,0.58,10,-4.6,3.6,307.75,25.88
2016-08-03,2016,8,3,216,-67.5,-26.5,63.91,0.51,10.69,-5.95,3.11,309.5,24.75
2016-08-04,2016,8,4,217,-67.5,-26.5,63.86,0.76,10.89,-5.15,3.77,326.06,26.5
2016-08-05,2016,8,5,218,-67.5,-26.5,63.69,1.81,10.01,-2.9,4.6,307.94,43.88
2016-08-06,2016,8,6,219,-67.5,-26.5,63.76,1.14,7.43,-3.24,2.16,286.19,58
2016-08-07,2016,8,7,220,-67.5,-26.5,63.74,0.53,8.67,-4.38,2.29,302.5,46.06
2016-08-08,2016,8,8,221,-67.5,-26.5,63.8,-0.67,7.13,-5.4,1.64,227.94,50.75
2016-08-09,2016,8,9,222,-67.5,-26.5,63.98,-0.91,6.45,-5.8,1.02,239.56,62.44
2016-08-10,2016,8,10,223,-67.5,-26.5,64.02,1.28,9.86,-4.92,1.17,277.94,38.19
2016-08-11,2016,8,11,224,-67.5,-26.5,63.95,1.49,10.87,-5.03,2.29,286.44,25.88
2016-08-12,2016,8,12,225,-67.5,-26.5,63.91,3.14,12.23,-3.18,1.59,297.25,26.19
2016-08-13,2016,8,13,226,-67.5,-26.5,63.85,2.84,12.69,-3.85,2.66,292.12,27.5
2016-08-14,2016,8,14,227,-67.5,-26.5,63.84,2.01,11.98,-4.65,2.66,281.44,27.12
2016-08-15,2016,8,15,228,-67.5,-26.5,63.89,2.43,12.01,-4.16,2.35,265.69,27.12
2016-08-16,2016,8,16,229,-67.5,-26.5,63.89,1.58,12.11,-4.76,3.58,295.38,29.56
2016-08-17,2016,8,17,230,-67.5,-26.5,63.95,1.01,11.71,-5.03,3.75,295.19,25
2016-08-18,2016,8,18,231,-67.5,-26.5,63.84,0.37,10.96,-5.78,3.84,300.81,23.75
2016-08-19,2016,8,19,232,-67.5,-26.5,63.66,-0.38,7.95,-5.74,6.68,289.12,19.06
2016-08-20,2016,8,20,233,-67.5,-26.5,63.57,-0.1,8.26,-4.35,6.55,251.62,30
2016-08-21,2016,8,21,234,-67.5,-26.5,64.16,2.01,10.97,-4.9,2.21,234.25,27.06
2016-08-22,2016,8,22,235,-67.5,-26.5,64.14,4.69,14.98,-2.82,1.84,293.19,24.62
2016-08-23,2016,8,23,236,-67.5,-26.5,63.96,4.5,14.4,-1.73,2.45,309.19,25.06
2016-08-24,2016,8,24,237,-67.5,-26.5,63.94,2.76,12.28,-3.92,3.4,298.56,25.12
2016-08-25,2016,8,25,238,-67.5,-26.5,63.95,3.58,14.8,-4.38,2.53,257.88,23.81
2016-08-26,2016,8,26,239,-67.5,-26.5,63.79,4.12,15.17,-3.69,3.28,316.75,25.31
2016-08-27,2016,8,27,240,-67.5,-26.5,63.57,1.02,8.28,-4.86,5.09,318.44,38.38
2016-08-28,2016,8,28,241,-67.5,-26.5,63.26,-1.56,5.56,-6.57,4.96,286,41.44
2016-08-29,2016,8,29,242,-67.5,-26.5,63.66,-5.17,0.58,-9.15,3.12,187.88,63.19
2016-08-30,2016,8,30,243,-67.5,-26.5,63.83,-0.28,7.7,-7.99,2.04,219.38,32.75
2016-08-31,2016,8,31,244,-67.5,-26.5,63.84,0.94,11.14,-5.31,3.57,295.81,30
2016-09-01,2016,9,1,245,-67.5,-26.5,63.85,0.4,9.99,-5.26,4.75,305,28.56
2016-09-02,2016,9,2,246,-67.5,-26.5,63.75,0.14,9.72,-5.54,4.26,295.38,27.06
2016-09-03,2016,9,3,247,-67.5,-26.5,63.54,-0.86,7.87,-5.92,4.85,299.81,30.31
2016-09-04,2016,9,4,248,-67.5,-26.5,63.39,-1.17,6.48,-5.68,6.6,307.69,32.88
2016-09-05,2016,9,5,249,-67.5,-26.5,63.56,-0.9,7.9,-5.74,6.17,277.25,26
2016-09-06,2016,9,6,250,-67.5,-26.5,63.91,2.05,12.39,-5.77,2.96,280.75,21
2016-09-07,2016,9,7,251,-67.5,-26.5,63.89,2.2,10.89,-3.77,1.76,290.44,22.56
2016-09-08,2016,9,8,252,-67.5,-26.5,63.98,3.43,14.08,-5.02,1.65,297.38,24.94
2016-09-09,2016,9,9,253,-67.5,-26.5,64.04,5.37,16.01,-2.79,1.25,197.44,22.38
2016-09-10,2016,9,10,254,-67.5,-26.5,64.15,5.83,18.06,-3.57,2.16,301.31,21.12
2016-09-11,2016,9,11,255,-67.5,-26.5,64.05,5.45,18.49,-3.88,3.3,304,18.94
2016-09-12,2016,9,12,256,-67.5,-26.5,63.78,5.41,18.98,-3.45,4.81,300.75,17.56
2016-09-13,2016,9,13,257,-67.5,-26.5,63.83,4.75,17.59,-5.06,2.97,276.94,19.75
2016-09-14,2016,9,14,258,-67.5,-26.5,63.9,4.26,15.37,-3.79,3.01,277.94,19.75
2016-09-15,2016,9,15,259,-67.5,-26.5,63.9,4.54,16.4,-4.97,2.55,288.5,20.06
2016-09-16,2016,9,16,260,-67.5,-26.5,63.89,6.23,18.69,-3.2,2.56,295.75,21.31
2016-09-17,2016,9,17,261,-67.5,-26.5,63.93,6.47,18.87,-4.18,2.55,250.62,22.38
2016-09-18,2016,9,18,262,-67.5,-26.5,64.11,6.43,16.55,-0.45,1.76,199.88,38.31
2016-09-19,2016,9,19,263,-67.5,-26.5,64.08,5.91,16.19,-2.77,1.8,252.75,61.06
2016-09-20,2016,9,20,264,-67.5,-26.5,63.98,7.51,18.16,-2.2,1.39,216.94,52.25
2016-09-21,2016,9,21,265,-67.5,-26.5,63.89,8.58,18.15,1.48,1.11,202.06,42.56
2016-09-22,2016,9,22,266,-67.5,-26.5,64.03,7.3,16.94,0.91,2.84,184.44,51.62
2016-09-23,2016,9,23,267,-67.5,-26.5,64.1,6.64,18.61,-2.25,2.6,254.62,57.69
2016-09-24,2016,9,24,268,-67.5,-26.5,64,5.41,16.95,-5.15,2.2,243,32.38
2016-09-25,2016,9,25,269,-67.5,-26.5,63.96,6.56,16.91,-3.12,1.7,231.69,23.69
2016-09-26,2016,9,26,270,-67.5,-26.5,63.93,7.52,17.53,-0.64,1.43,211.38,26.31
2016-09-27,2016,9,27,271,-67.5,-26.5,63.93,7.89,18.4,-1.7,1.48,287.94,39.31
2016-09-28,2016,9,28,272,-67.5,-26.5,63.98,8.16,18.86,-1.03,2.48,290.25,36.12
2016-09-29,2016,9,29,273,-67.5,-26.5,63.91,5.37,15.94,-3.44,4.1,307.38,29.56
2016-09-30,2016,9,30,274,-67.5,-26.5,63.83,4.73,15.56,-5.39,3.51,266.25,26.69
2016-10-01,2016,10,1,275,-67.5,-26.5,63.85,6.05,16.95,-4.22,3.16,279.69,29.38
2016-10-02,2016,10,2,276,-67.5,-26.5,63.91,5.83,15.72,-3.14,2.77,272.25,33.06
2016-10-03,2016,10,3,277,-67.5,-26.5,63.85,4.72,13.94,-2.48,1.98,279.25,41.06
2016-10-04,2016,10,4,278,-67.5,-26.5,63.83,3.62,14.17,-6.11,4.05,272.44,32.06
2016-10-05,2016,10,5,279,-67.5,-26.5,63.88,4.16,15.37,-5.39,2.84,223.12,35.25
2016-10-06,2016,10,6,280,-67.5,-26.5,63.63,5.86,17.45,-4.06,2.37,278.06,34.75
2016-10-07,2016,10,7,281,-67.5,-26.5,63.6,4.62,15.58,-4.25,3.11,275.5,31.25
2016-10-08,2016,10,8,282,-67.5,-26.5,63.62,4.83,16.55,-5.87,2.71,282,29.56
2016-10-09,2016,10,9,283,-67.5,-26.5,63.71,5.23,16.43,-4.77,2.38,287.06,29.56
2016-10-10,2016,10,10,284,-67.5,-26.5,63.81,4.19,13.87,-5.33,4.06,290.94,27.06
2016-10-11,2016,10,11,285,-67.5,-26.5,63.74,4.63,15.65,-5.13,3.84,305.88,23.38
2016-10-12,2016,10,12,286,-67.5,-26.5,63.61,3.56,14.52,-5.44,4.75,306.5,26.88
2016-10-13,2016,10,13,287,-67.5,-26.5,63.65,4.4,16.07,-5.74,3.41,296,28.19
2016-10-14,2016,10,14,288,-67.5,-26.5,63.7,4.01,14.41,-4.99,5.35,313.88,23.56
2016-10-15,2016,10,15,289,-67.5,-26.5,63.64,4.03,15.21,-4.73,6.99,319.06,21.88
2016-10-16,2016,10,16,290,-67.5,-26.5,63.6,4.7,15.96,-4.24,6.65,320.25,19.94
2016-10-17,2016,10,17,291,-67.5,-26.5,63.54,4.25,14.94,-4.72,6.31,324.25,23.88
2016-10-18,2016,10,18,292,-67.5,-26.5,63.41,2.44,11.65,-4.71,8.48,322.94,25.88
2016-10-19,2016,10,19,293,-67.5,-26.5,63.62,3.45,14.38,-5.48,7.1,306.62,21
2016-10-20,2016,10,20,294,-67.5,-26.5,63.73,4.9,16.18,-5.59,4.57,298.75,18.38
2016-10-21,2016,10,21,295,-67.5,-26.5,63.66,6.19,17.87,-3.85,3.45,305.75,19.44
2016-10-22,2016,10,22,296,-67.5,-26.5,63.69,4.95,15.07,-3.8,6.34,320.5,25.38
2016-10-23,2016,10,23,297,-67.5,-26.5,63.85,5.22,15.92,-4.38,5.7,311.62,19.62
2016-10-24,2016,10,24,298,-67.5,-26.5,63.84,5.16,15.89,-4.5,4.41,307.31,23.38
2016-10-25,2016,10,25,299,-67.5,-26.5,63.66,2.41,12.71,-7.24,5.6,300.88,27.31
2016-10-26,2016,10,26,300,-67.5,-26.5,63.91,1.57,9.8,-6.27,3.85,215.5,26.81
2016-10-27,2016,10,27,301,-67.5,-26.5,63.94,4.68,16.02,-5.45,1.8,209,33.25
2016-10-28,2016,10,28,302,-67.5,-26.5,63.88,6.72,17.09,-3.77,2.06,201.88,51.25
2016-10-29,2016,10,29,303,-67.5,-26.5,63.82,8.56,19.03,-1.54,2.17,296.5,38.44
2016-10-30,2016,10,30,304,-67.5,-26.5,63.76,6.68,18.73,-4.2,4.5,302.88,23.62
2016-10-31,2016,10,31,305,-67.5,-26.5,63.59,6.1,18.37,-5.34,4.64,308.75,22.94
2016-11-01,2016,11,1,306,-67.5,-26.5,63.56,4.62,14.87,-4.89,5.7,300.56,25.94
2016-11-02,2016,11,2,307,-67.5,-26.5,63.71,4.62,15.51,-6.53,4.48,264.62,24.06
2016-11-03,2016,11,3,308,-67.5,-26.5,64.13,6.3,16.44,-2.76,2.2,163.31,24.56
2016-11-04,2016,11,4,309,-67.5,-26.5,64.23,8.27,18.86,-2.03,2.02,195.75,26.38
2016-11-05,2016,11,5,310,-67.5,-26.5,64.16,9.57,19.65,-0.26,1.23,209.19,31.94
2016-11-06,2016,11,6,311,-67.5,-26.5,63.93,10.2,19.34,0.48,1.96,262.62,36.81
2016-11-07,2016,11,7,312,-67.5,-26.5,63.96,9.31,19.26,2.26,2.02,230.5,44
2016-11-08,2016,11,8,313,-67.5,-26.5,63.87,9.45,19.23,1.19,1.47,251.19,51.94
2016-11-09,2016,11,9,314,-67.5,-26.5,63.86,9.69,19.22,-1.2,2.09,197.19,34
2016-11-10,2016,11,10,315,-67.5,-26.5,63.81,11.04,21.58,1.6,2.4,244,46.38
2016-11-11,2016,11,11,316,-67.5,-26.5,63.8,9.44,18.14,3.01,1.5,226.25,49.62
2016-11-12,2016,11,12,317,-67.5,-26.5,63.66,8.29,18.23,-1.54,1.77,286.75,37.56
2016-11-13,2016,11,13,318,-67.5,-26.5,63.64,7.51,18.69,-3.12,2.3,292.69,42
2016-11-14,2016,11,14,319,-67.5,-26.5,63.59,6.63,16.51,-4.21,3.85,285.44,38.88
2016-11-15,2016,11,15,320,-67.5,-26.5,63.53,6.27,15.71,-4.92,1.82,259.06,39.5
2016-11-16,2016,11,16,321,-67.5,-26.5,63.63,6.52,15.6,-0.92,1.41,237.06,59.75
2016-11-17,2016,11,17,322,-67.5,-26.5,63.91,5.36,12.18,0.01,2.23,153.19,65.25
2016-11-18,2016,11,18,323,-67.5,-26.5,63.82,8.16,19.9,-2.97,2.02,285.75,45.88
2016-11-19,2016,11,19,324,-67.5,-26.5,63.67,7.48,17.97,-1.17,4.41,311.12,25.81
2016-11-20,2016,11,20,325,-67.5,-26.5,63.5,5.48,15.61,-5.87,3.87,273.19,28.44
2016-11-21,2016,11,21,326,-67.5,-26.5,63.58,5.9,14.29,0.61,1.87,210.25,47.62
2016-11-22,2016,11,22,327,-67.5,-26.5,63.53,4.53,13.69,-3.25,3.32,288.44,42.88
2016-11-23,2016,11,23,328,-67.5,-26.5,63.48,3.86,14.38,-6.63,5.66,313.31,29.81
2016-11-24,2016,11,24,329,-67.5,-26.5,63.67,6.33,17.9,-5.8,3.86,288.94,28.88
2016-11-25,2016,11,25,330,-67.5,-26.5,63.76,8.02,19.53,-3.88,3.9,315.19,25.12
2016-11-26,2016,11,26,331,-67.5,-26.5,63.7,8.24,19.36,-3.67,3.27,291.62,32.12
2016-11-27,2016,11,27,332,-67.5,-26.5,63.72,6.66,16.33,-3.99,4,300.12,37.69
2016-11-28,2016,11,28,333,-67.5,-26.5,63.91,6.48,17.27,-4.04,2.41,271.75,44.81
2016-11-29,2016,11,29,334,-67.5,-26.5,63.97,7.27,16.54,0.1,1.88,206.69,59.75
2016-11-30,2016,11,30,335,-67.5,-26.5,63.87,8.65,18.75,-1.76,3.34,284.31,43
2016-12-01,2016,12,1,336,-67.5,-26.5,63.83,8.86,18.69,-0.63,2.69,293.69,39
2016-12-02,2016,12,2,337,-67.5,-26.5,63.91,7.73,16.46,-2.45,2.21,209.5,45.44
2016-12-03,2016,12,3,338,-67.5,-26.5,63.96,10.7,19.57,2.24,2.11,171.31,57.56
2016-12-04,2016,12,4,339,-67.5,-26.5,63.82,11.49,21.59,2.94,3.42,296.56,41.69
2016-12-05,2016,12,5,340,-67.5,-26.5,63.8,9.77,20.52,-2.68,2.27,268.38,36
2016-12-06,2016,12,6,341,-67.5,-26.5,63.81,10.92,20.67,3.31,2.12,246.94,48.31
2016-12-07,2016,12,7,342,-67.5,-26.5,63.72,9.32,20.2,-1.35,3.03,301.5,34.81
2016-12-08,2016,12,8,343,-67.5,-26.5,63.58,7.66,18.14,-1.84,4.03,320.19,34.94
2016-12-09,2016,12,9,344,-67.5,-26.5,63.4,3.78,12.86,-5.07,5.59,321.25,40.81
2016-12-10,2016,12,10,345,-67.5,-26.5,63.62,2.61,11.87,-6.69,3.06,281,45.19
2016-12-11,2016,12,11,346,-67.5,-26.5,63.88,5.55,14.27,-3.13,1.09,186.88,51.56
2016-12-12,2016,12,12,347,-67.5,-26.5,63.68,8.93,17.37,-1.08,1.72,220.12,40.69
2016-12-13,2016,12,13,348,-67.5,-26.5,63.91,8.97,17.76,3.48,2.16,208.81,54.5
2016-12-14,2016,12,14,349,-67.5,-26.5,64.06,10.03,19.19,1.71,1.8,164.5,60.69
2016-12-15,2016,12,15,350,-67.5,-26.5,64.04,10.46,18.73,3.13,1.76,261.5,59.5
2016-12-16,2016,12,16,351,-67.5,-26.5,64,10.98,21.92,-0.26,1.98,259.81,40.44
2016-12-17,2016,12,17,352,-67.5,-26.5,63.89,12.12,21.3,2.51,1.63,211.19,45.94
2016-12-18,2016,12,18,353,-67.5,-26.5,63.83,11.62,20.65,4.45,2.65,191.69,52.75
2016-12-19,2016,12,19,354,-67.5,-26.5,63.82,9.84,18.51,3.8,2.16,138.88,64.88
2016-12-20,2016,12,20,355,-67.5,-26.5,63.85,11.67,20.39,3.46,1.52,185,60.31
2016-12-21,2016,12,21,356,-67.5,-26.5,63.83,12.24,20.73,4.72,2.34,172.31,54.56
2016-12-22,2016,12,22,357,-67.5,-26.5,63.85,12.69,22.14,5.13,1.23,226.56,55.38
2016-12-23,2016,12,23,358,-67.5,-26.5,63.83,13.02,21.73,4.81,1.72,176.81,54.56
2016-12-24,2016,12,24,359,-67.5,-26.5,63.72,13.01,22.4,4.87,2.69,276.69,45
2016-12-25,2016,12,25,360,-67.5,-26.5,63.7,10.55,20.98,0.94,4.2,303.56,40.62
2016-12-26,2016,12,26,361,-67.5,-26.5,63.63,8.97,18.61,0.08,4.79,305.88,36.19
2016-12-27,2016,12,27,362,-67.5,-26.5,63.7,6.87,16.98,-4.12,3.02,272.69,40.81
2016-12-28,2016,12,28,363,-67.5,-26.5,63.83,8.08,17.39,0.02,1.89,205.81,54.31
2016-12-29,2016,12,29,364,-67.5,-26.5,63.88,10.93,21.19,2.16,2.12,250.06,53
2016-12-30,2016,12,30,365,-67.5,-26.5,63.87,12.75,21.76,4.31,1.59,177.88,53.12
2016-12-31,2016,12,31,366,-67.5,-26.5,63.94,13.73,22.11,5.69,1.78,153.56,54.06
2017-01-01,2017,1,1,1,-67.5,-26.5,64.13,12.7,19.69,4.85,2.02,160.19,60.44
2017-01-02,2017,1,2,2,-67.5,-26.5,64.08,12.54,21.72,5.06,1.82,267.5,58.25
2017-01-03,2017,1,3,3,-67.5,-26.5,63.9,13.01,21.43,3.15,2.1,174.19,52.56
2017-01-04,2017,1,4,4,-67.5,-26.5,63.76,12.51,19.39,7.49,2.41,142.88,62.5
2017-01-05,2017,1,5,5,-67.5,-26.5,63.83,11.14,17.3,5.26,2.46,159.44,66.69
2017-01-06,2017,1,6,6,-67.5,-26.5,63.87,12.37,21.61,4.65,2.07,210.38,55.94
2017-01-07,2017,1,7,7,-67.5,-26.5,63.92,12.94,21.62,5.32,1.87,262.75,46.94
2017-01-08,2017,1,8,8,-67.5,-26.5,63.82,13.34,22.95,3.69,2.16,252.06,43.31
2017-01-09,2017,1,9,9,-67.5,-26.5,63.75,12.95,22.74,2.23,2.22,231.88,45.75
2017-01-10,2017,1,10,10,-67.5,-26.5,63.8,12.73,20.53,6.79,2.23,170.44,63.06
2017-01-11,2017,1,11,11,-67.5,-26.5,64.02,10.62,18.22,4.12,2.41,142.25,70.88
2017-01-12,2017,1,12,12,-67.5,-26.5,64.04,12.66,22.05,2.89,1.66,158.06,57.25
2017-01-13,2017,1,13,13,-67.5,-26.5,64.02,12.41,18.64,7.36,1.94,144.56,67.25
2017-01-14,2017,1,14,14,-67.5,-26.5,63.77,13.15,21.3,5.74,2.79,197.88,58.12
2017-01-15,2017,1,15,15,-67.5,-26.5,63.81,12.47,19.54,6.98,3.19,158.38,63.19
2017-01-16,2017,1,16,16,-67.5,-26.5,63.95,11.71,20.36,4.55,2.9,171.44,65
2017-01-17,2017,1,17,17,-67.5,-26.5,64.03,12.65,20.11,7.08,2.73,148.06,57.38
2017-01-18,2017,1,18,18,-67.5,-26.5,64.08,11.26,18.72,4.52,1.94,130.44,65
2017-01-19,2017,1,19,19,-67.5,-26.5,64.15,10.4,18.84,3.2,2.24,204.12,65.88
2017-01-20,2017,1,20,20,-67.5,-26.5,64.27,11.55,17.89,7.05,3.17,129.06,66.44
2017-01-21,2017,1,21,21,-67.5,-26.5,64.24,11.8,18.27,5.69,2.81,139.69,63.69
2017-01-22,2017,1,22,22,-67.5,-26.5,64.03,8.48,15.03,2.93,2.45,120,73.62
2017-01-23,2017,1,23,23,-67.5,-26.5,63.95,5.97,11.01,1.85,3.1,173.25,71.25
2017-01-24,2017,1,24,24,-67.5,-26.5,64.03,7.76,15.12,1.43,3.66,167.81,61.75
2017-01-25,2017,1,25,25,-67.5,-26.5,64.2,9.38,19.37,-0.7,2.45,203.62,58.56
2017-01-26,2017,1,26,26,-67.5,-26.5,64.39,8.55,15.64,3.41,3.62,150.38,70
2017-01-27,2017,1,27,27,-67.5,-26.5,64.37,8.2,16.94,0.76,3.02,180.62,54.38
2017-01-28,2017,1,28,28,-67.5,-26.5,64.3,9.31,18.84,-0.18,2.64,160.62,40.38
2017-01-29,2017,1,29,29,-67.5,-26.5,64.11,10.73,20.91,-0.07,2.12,187.75,36.94
2017-01-30,2017,1,30,30,-67.5,-26.5,63.99,11.11,19.94,4.29,2.95,190.19,44.06
2017-01-31,2017,1,31,31,-67.5,-26.5,63.87,9.83,18.61,2.83,1.77,190.5,56.31
2017-02-01,2017,2,1,32,-67.5,-26.5,63.84,9.34,16.82,3.22,2.41,165.56,57.94
2017-02-02,2017,2,2,33,-67.5,-26.5,63.69,10.05,20.28,1.85,2.66,277.94,46.94
2017-02-03,2017,2,3,34,-67.5,-26.5,63.64,8.05,19.71,-3.08,3.49,305.25,38.75
2017-02-04,2017,2,4,35,-67.5,-26.5,63.66,6.61,16.56,-3.08,4.11,291.62,45.25
2017-02-05,2017,2,5,36,-67.5,-26.5,63.85,8.34,19.54,-2.99,2.28,250.94,42.5
2017-02-06,2017,2,6,37,-67.5,-26.5,63.81,10.32,21.1,0.91,2.3,244,50.19
2017-02-07,2017,2,7,38,-67.5,-26.5,63.77,9.94,21.21,-1.68,2.73,289.81,33.75
2017-02-08,2017,2,8,39,-67.5,-26.5,63.84,9.67,21.19,-2.63,2.35,277.44,33.25
2017-02-09,2017,2,9,40,-67.5,-26.5,63.88,10.54,21.74,-0.59,2.9,286.94,34.12
2017-02-10,2017,2,10,41,-67.5,-26.5,63.79,8.87,19.55,-0.53,3.06,304.69,35.31
2017-02-11,2017,2,11,42,-67.5,-26.5,63.83,5.68,14.33,-1.92,1.88,210.69,46.81
2017-02-12,2017,2,12,43,-67.5,-26.5,63.9,6.42,15.54,-1.28,2.41,174.75,61.69
2017-02-13,2017,2,13,44,-67.5,-26.5,63.83,7.44,17.51,-0.17,1.74,177.12,60.88
2017-02-14,2017,2,14,45,-67.5,-26.5,63.88,9.15,19.73,0.45,1.4,219.94,58.94
2017-02-15,2017,2,15,46,-67.5,-26.5,64.03,10.43,20.38,1.94,2.33,287.06,45.56
2017-02-16,2017,2,16,47,-67.5,-26.5,63.98,10.23,20.57,-0.61,2.02,267.75,40.62
2017-02-17,2017,2,17,48,-67.5,-26.5,63.82,10.89,21.26,1.2,2.5,291.38,43.62
2017-02-18,2017,2,18,49,-67.5,-26.5,63.9,9.41,19.56,-1.22,2.09,249.94,49.69
2017-02-19,2017,2,19,50,-67.5,-26.5,64.08,8.12,14.88,3,2.33,156.62,73.94
2017-02-20,2017,2,20,51,-67.5,-26.5,64.18,9.73,17.25,3.04,1.74,167.12,66.31
2017-02-21,2017,2,21,52,-67.5,-26.5,64.18,9.79,16.51,5.33,3.76,154.81,73.94
2017-02-22,2017,2,22,53,-67.5,-26.5,64.16,8.05,13.73,3.85,3.25,143.38,73
2017-02-23,2017,2,23,54,-67.5,-26.5,64.09,8.72,15.18,3.58,2.52,117.81,71.75
2017-02-24,2017,2,24,55,-67.5,-26.5,64.04,8.11,15.37,3.33,2.2,133.94,74.31
2017-02-25,2017,2,25,56,-67.5,-26.5,63.96,6.8,14.58,1.41,1.78,195.69,76.06
2017-02-26,2017,2,26,57,-67.5,-26.5,63.87,8.62,15.79,2.65,1.23,163.38,74
2017-02-27,2017,2,27,58,-67.5,-26.5,63.92,9.59,16.81,4.72,1.66,159.44,71.94
2017-02-28,2017,2,28,59,-67.5,-26.5,63.86,8.4,15.93,1.9,1.73,169.25,67.56
2017-03-01,2017,3,1,60,-67.5,-26.5,63.75,9.46,17.14,3.55,2.26,153.81,60.12
2017-03-02,2017,3,2,61,-67.5,-26.5,63.71,9.97,19.23,1.54,1.9,265.19,60.38
2017-03-03,2017,3,3,62,-67.5,-26.5,63.79,9.05,17.19,3.05,1.83,256.19,68
2017-03-04,2017,3,4,63,-67.5,-26.5,63.79,9.14,19.36,-1.13,1.71,274.19,55.25
2017-03-05,2017,3,5,64,-67.5,-26.5,63.8,9.76,20.14,-0.48,1.75,258.56,48.44
2017-03-06,2017,3,6,65,-67.5,-26.5,63.95,10.12,19.03,1.89,1.38,190.38,53.81
2017-03-07,2017,3,7,66,-67.5,-26.5,63.98,11.69,21.19,3.73,1.94,275.25,62.12
2017-03-08,2017,3,8,67,-67.5,-26.5,63.87,10.57,20.81,1.91,3.29,305.94,45.62
2017-03-09,2017,3,9,68,-67.5,-26.5,63.84,9.12,19.65,-0.75,2.94,286.31,41.94
2017-03-10,2017,3,10,69,-67.5,-26.5,63.92,9.87,20.05,1.84,2.03,248.25,49.06
2017-03-11,2017,3,11,70,-67.5,-26.5,63.95,9.19,21.16,-2.22,2.38,274.75,41.81
2017-03-12,2017,3,12,71,-67.5,-26.5,64.14,9.27,18.41,1.36,1.53,189.94,55.19
2017-03-13,2017,3,13,72,-67.5,-26.5,64.02,10.18,19.43,2.29,1.84,234.81,67.06
2017-03-14,2017,3,14,73,-67.5,-26.5,63.81,10.03,19.96,2.51,2.8,302.12,52.38
2017-03-15,2017,3,15,74,-67.5,-26.5,63.84,6.53,17.01,-2.99,2.23,260.75,49.62
2017-03-16,2017,3,16,75,-67.5,-26.5,63.95,5.82,13.87,0.35,1.51,207.56,67.5
2017-03-17,2017,3,17,76,-67.5,-26.5,63.97,5.37,13.39,-1.41,1.66,242.44,66.94
2017-03-18,2017,3,18,77,-67.5,-26.5,64,6.9,15.97,-1.07,1.35,208.38,64.88
2017-03-19,2017,3,19,78,-67.5,-26.5,63.95,8.26,18.02,-0.29,1.7,285.69,58.31
2017-03-20,2017,3,20,79,-67.5,-26.5,63.9,6.62,17.28,-2.37,2.4,273.25,47.94
2017-03-21,2017,3,21,80,-67.5,-26.5,63.9,6.48,16.72,-2.48,2.16,250.94,49.88
2017-03-22,2017,3,22,81,-67.5,-26.5,64,6.55,16.4,-2.27,2.09,258,47.62
2017-03-23,2017,3,23,82,-67.5,-26.5,64.01,7.13,17.19,-2.31,2.12,275.75,45.12
2017-03-24,2017,3,24,83,-67.5,-26.5,63.9,7.65,17.06,-1.61,2.09,303.12,46.94
2017-03-25,2017,3,25,84,-67.5,-26.5,63.84,6.56,16.65,-3.24,2.91,297.88,39.5
2017-03-26,2017,3,26,85,-67.5,-26.5,63.87,6.35,16.44,-3.6,2.14,280.38,41
2017-03-27,2017,3,27,86,-67.5,-26.5,63.94,7.57,16.59,-1.05,1.66,286.62,44.69
2017-03-28,2017,3,28,87,-67.5,-26.5,64,8.1,17.16,-0.84,2.09,284.81,56.62
2017-03-29,2017,3,29,88,-67.5,-26.5,63.88,8.07,17.76,0.73,3.37,283.06,56.44
2017-03-30,2017,3,30,89,-67.5,-26.5,63.84,6.13,16.98,-4.12,2.52,300,48.19
2017-03-31,2017,3,31,90,-67.5,-26.5,63.92,6.98,16.84,-2.77,2.16,294.38,50.94
2017-04-01,2017,4,1,91,-67.5,-26.5,63.99,7.2,17.25,-1.73,3.02,314.69,52.19
2017-04-02,2017,4,2,92,-67.5,-26.5,63.88,6.29,16,-2.75,2.52,277.38,48.38
2017-04-03,2017,4,3,93,-67.5,-26.5,63.77,5.86,15.74,-1.8,2.21,301.25,45.75
2017-04-04,2017,4,4,94,-67.5,-26.5,63.73,2.57,13,-6.31,3.72,310.75,45.62
2017-04-05,2017,4,5,95,-67.5,-26.5,63.88,3.03,13.22,-6.13,2.2,295.69,46.44
2017-04-06,2017,4,6,96,-67.5,-26.5,63.85,3.68,15.42,-4.44,3.28,311,38.69
2017-04-07,2017,4,7,97,-67.5,-26.5,63.68,2.48,13.37,-4.88,4.69,304.5,39.75
2017-04-08,2017,4,8,98,-67.5,-26.5,63.61,1.79,12.24,-5.22,4.79,318.56,41.94
2017-04-09,2017,4,9,99,-67.5,-26.5,63.51,1.26,11.2,-5.2,5.47,318.38,45.81
2017-04-10,2017,4,10,100,-67.5,-26.5,63.78,4.07,15.84,-4.98,2.46,227.88,44
2017-04-11,2017,4,11,101,-67.5,-26.5,64.05,5.19,15.28,-1.78,1.09,140.75,54
2017-04-12,2017,4,12,102,-67.5,-26.5,63.97,5.41,16.43,-2.39,2.12,295.94,54.44
2017-04-13,2017,4,13,103,-67.5,-26.5,63.86,4.35,15.1,-4.45,2.99,311.31,33.75
2017-04-14,2017,4,14,104,-67.5,-26.5,63.89,4.53,15.3,-2.81,3.47,321.81,38.25
2017-04-15,2017,4,15,105,-67.5,-26.5,63.91,4.86,14.8,-3.57,2.62,294.38,41.25
2017-04-16,2017,4,16,106,-67.5,-26.5,63.97,4.62,14.84,-3.07,1.85,317.75,41.44
2017-04-17,2017,4,17,107,-67.5,-26.5,63.67,3.24,13.3,-4.35,3.83,325,44
2017-04-18,2017,4,18,108,-67.5,-26.5,63.44,-0.68,1.28,-4.1,2.88,331.81,81.19
2017-04-19,2017,4,19,109,-67.5,-26.5,63.64,-5.91,-0.63,-12.1,1.62,254.44,74.25
2017-04-20,2017,4,20,110,-67.5,-26.5,63.87,-4,3.48,-12.35,1.3,238.5,75.31
2017-04-21,2017,4,21,111,-67.5,-26.5,63.88,-0.35,8.26,-8.15,1.13,304.44,62.75
2017-04-22,2017,4,22,112,-67.5,-26.5,63.93,0.59,9.19,-8.28,1.29,262.94,55.75
2017-04-23,2017,4,23,113,-67.5,-26.5,63.83,0.59,10.62,-7.81,2.45,309.69,50
2017-04-24,2017,4,24,114,-67.5,-26.5,63.69,-1.11,8.62,-8.22,3.23,313.81,53.38
2017-04-25,2017,4,25,115,-67.5,-26.5,63.52,-2.01,6.86,-7.39,4.82,296.44,51.81
2017-04-26,2017,4,26,116,-67.5,-26.5,63.67,-0.41,9.55,-7.6,2.12,288.06,46.31
2017-04-27,2017,4,27,117,-67.5,-26.5,63.83,1.62,11.07,-6.02,1.62,284.5,41.12
2017-04-28,2017,4,28,118,-67.5,-26.5,64.02,1.86,10.41,-3.46,1.09,181,45.56
2017-04-29,2017,4,29,119,-67.5,-26.5,64.03,2.58,10.76,-3.23,1.3,270.19,44.75
2017-04-30,2017,4,30,120,-67.5,-26.5,64.01,2.31,9.23,-2.99,1.48,314.06,42.69
2017-05-01,2017,5,1,121,-67.5,-26.5,64,1.98,11.12,-4.97,1.66,307.38,43.69
2017-05-02,2017,5,2,122,-67.5,-26.5,63.9,2.18,12.73,-3.68,3.2,314.19,42.56
2017-05-03,2017,5,3,123,-67.5,-26.5,64.02,2.05,9.82,-2.35,0.92,181.62,43.88
2017-05-04,2017,5,4,124,-67.5,-26.5,63.88,2.58,10.85,-5.02,1.34,252.5,39.12
2017-05-05,2017,5,5,125,-67.5,-26.5,63.9,4.03,13.12,-2.27,1.51,187.38,36.75
2017-05-06,2017,5,6,126,-67.5,-26.5,63.7,1.69,12.06,-4.32,4.72,323,39.06
2017-05-07,2017,5,7,127,-67.5,-26.5,63.64,0.85,9.9,-3.81,6.22,318.25,39.75
2017-05-08,2017,5,8,128,-67.5,-26.5,63.64,0.98,10.78,-4.84,4.23,311.62,39.44
2017-05-09,2017,5,9,129,-67.5,-26.5,63.66,0.98,10.36,-4.77,3.18,328.38,42
2017-05-10,2017,5,10,130,-67.5,-26.5,63.61,0.65,9.05,-4.49,6.45,332.06,50.88
2017-05-11,2017,5,11,131,-67.5,-26.5,63.42,0.51,6.95,-2.99,9.55,327.56,54.5
2017-05-12,2017,5,12,132,-67.5,-26.5,63.24,0.65,6.22,-2.32,8.56,327.25,58.12
2017-05-13,2017,5,13,133,-67.5,-26.5,63.53,0.16,9.76,-4.99,5.55,299.06,50.69
2017-05-14,2017,5,14,134,-67.5,-26.5,63.73,1.03,11.66,-5.03,4.59,313.56,45.69
2017-05-15,2017,5,15,135,-67.5,-26.5,63.82,0.84,10.34,-4.33,3.02,308.62,50
2017-05-16,2017,5,16,136,-67.5,-26.5,63.67,0.67,9.41,-3.65,4.81,313.62,46
2017-05-17,2017,5,17,137,-67.5,-26.5,63.44,-0.49,7.47,-4.77,5.94,321.44,45.88
2017-05-18,2017,5,18,138,-67.5,-26.5,63.19,-2.96,2.9,-6.61,7.29,316.5,46.94
2017-05-19,2017,5,19,139,-67.5,-26.5,63.22,-3.05,4.05,-7.44,6.27,310.88,43.81
2017-05-20,2017,5,20,140,-67.5,-26.5,63.44,-3.39,4.43,-9.88,3.56,297.56,49.75
2017-05-21,2017,5,21,141,-67.5,-26.5,63.68,-1.89,10.11,-10.78,2.94,317.31,47.44
2017-05-22,2017,5,22,142,-67.5,-26.5,63.67,-0.59,3.65,-3.95,4.03,316.88,52.5
2017-05-23,2017,5,23,143,-67.5,-26.5,63.66,-1.07,7.44,-7.42,5.35,324.88,64.44
2017-05-24,2017,5,24,144,-67.5,-26.5,63.47,1.08,7.53,-2.79,7.34,328.56,61.75
2017-05-25,2017,5,25,145,-67.5,-26.5,63.48,0.8,6.65,-2.69,8.76,326.31,51.44
2017-05-26,2017,5,26,146,-67.5,-26.5,63.65,-0.21,5.75,-3.76,6.68,326.12,57.69
2017-05-27,2017,5,27,147,-67.5,-26.5,63.7,-1.08,6.73,-5.78,6.28,322.06,53.38
2017-05-28,2017,5,28,148,-67.5,-26.5,63.8,-1.24,7.12,-6.43,4.93,318.88,50.5
2017-05-29,2017,5,29,149,-67.5,-26.5,63.78,-1.14,7.69,-7.01,4.82,322.94,50.69
2017-05-30,2017,5,30,150,-67.5,-26.5,63.64,-1.92,4.3,-6.28,5.05,296.06,55.56
2017-05-31,2017,5,31,151,-67.5,-26.5,63.89,-1.8,7.18,-8.83,1.55,265.25,43.94
2017-06-01,2017,6,1,152,-67.5,-26.5,63.91,0.58,10.46,-7.29,1.8,291.25,40.75
2017-06-02,2017,6,2,153,-67.5,-26.5,63.74,-0.16,9.03,-5.13,3.52,313.69,41.19
2017-06-03,2017,6,3,154,-67.5,-26.5,63.61,-0.17,8.49,-4.88,4.69,309.44,39.19
2017-06-04,2017,6,4,155,-67.5,-26.5,63.54,-1.35,6.65,-6.98,4.71,310.38,43.81
2017-06-05,2017,6,5,156,-67.5,-26.5,63.48,-0.87,6.21,-5.8,6.28,320.12,46.81
2017-06-06,2017,6,6,157,-67.5,-26.5,63.51,-1.57,5.23,-6.54,5.38,323.94,61.69
2017-06-07,2017,6,7,158,-67.5,-26.5,63.19,-3.06,2.19,-8.88,5.31,262.88,65.75
2017-06-08,2017,6,8,159,-67.5,-26.5,63.57,-5.31,3.34,-12.45,4.24,273.06,47
2017-06-09,2017,6,9,160,-67.5,-26.5,64.1,-1.81,6.99,-9.45,1.52,249.38,45.75
2017-06-10,2017,6,10,161,-67.5,-26.5,63.87,0.02,8.28,-5.97,1.66,301.19,45.12
2017-06-11,2017,6,11,162,-67.5,-26.5,63.72,-0.78,5.51,-5.74,1.37,238.12,47.88
2017-06-12,2017,6,12,163,-67.5,-26.5,63.63,-1.74,7.37,-8.01,2.45,304.69,49.12
2017-06-13,2017,6,13,164,-67.5,-26.5,63.79,-1.42,8.37,-10.27,2.16,328.12,42.69
2017-06-14,2017,6,14,165,-67.5,-26.5,63.87,0.07,10.88,-6.83,3.73,321.06,37
2017-06-15,2017,6,15,166,-67.5,-26.5,63.95,0.92,10.68,-4.31,4.18,323.44,36.75
2017-06-16,2017,6,16,167,-67.5,-26.5,63.7,1.58,10.28,-3.35,7.3,328.06,38.81
2017-06-17,2017,6,17,168,-67.5,-26.5,63.64,1.28,9.46,-3.22,7.23,322.69,38.31
2017-06-18,2017,6,18,169,-67.5,-26.5,63.65,-0.64,7.32,-5.15,4.11,307.38,41
2017-06-19,2017,6,19,170,-67.5,-26.5,63.83,-0.99,7.37,-8.6,1.48,302.94,38.19
2017-06-20,2017,6,20,171,-67.5,-26.5,63.78,0.31,10.55,-5.85,2.66,309.12,35.06
2017-06-21,2017,6,21,172,-67.5,-26.5,63.77,-0.03,10.22,-6.21,3.27,319.56,35.94
2017-06-22,2017,6,22,173,-67.5,-26.5,63.62,-0.35,9.91,-6.58,4.38,315.94,35.88
2017-06-23,2017,6,23,174,-67.5,-26.5,63.65,-0.41,8.95,-6.15,4.16,325.94,38.56
2017-06-24,2017,6,24,175,-67.5,-26.5,63.79,0.31,9.97,-5.75,4.64,327.81,37.12
2017-06-25,2017,6,25,176,-67.5,-26.5,63.72,1.27,9.12,-3.21,6.44,333.5,41.12
2017-06-26,2017,6,26,177,-67.5,-26.5,63.35,1.19,6.92,-1.95,10.46,335.25,53.75
2017-06-27,2017,6,27,178,-67.5,-26.5,63.56,-0.21,7.88,-4.55,6.79,331.69,45.44
2017-06-28,2017,6,28,179,-67.5,-26.5,63.69,-0.56,7.51,-5.2,5.13,325.25,35.06
2017-06-29,2017,6,29,180,-67.5,-26.5,63.89,0.05,7.74,-5.77,2.38,303.44,33.56
2017-06-30,2017,6,30,181,-67.5,-26.5,64.11,0.37,7.51,-5.96,1.18,233.25,31.25
2017-07-01,2017,7,1,182,-67.5,-26.5,64.08,1.65,9.46,-3.61,1.47,310.5,31.94
2017-07-02,2017,7,2,183,-67.5,-26.5,64.09,0.21,8.49,-6.67,1.61,266.56,34.81
2017-07-03,2017,7,3,184,-67.5,-26.5,63.87,0.16,11.01,-6.5,2.3,313.75,38.19
2017-07-04,2017,7,4,185,-67.5,-26.5,63.61,-0.67,8.2,-5.56,6.35,314.56,34.5
2017-07-05,2017,7,5,186,-67.5,-26.5,63.86,-0.32,10.55,-7.15,4.22,317.75,34
2017-07-06,2017,7,6,187,-67.5,-26.5,63.92,1.19,9.67,-5.24,2.69,305.44,31.06
2017-07-07,2017,7,7,188,-67.5,-26.5,63.88,0.51,9.02,-4.96,3.29,313.31,37.19
2017-07-08,2017,7,8,189,-67.5,-26.5,63.97,0.25,8.61,-6,2.34,285.56,40.31
2017-07-09,2017,7,9,190,-67.5,-26.5,64.04,0.76,9.78,-5.19,1.83,308.12,36.31
2017-07-10,2017,7,10,191,-67.5,-26.5,63.97,0.33,10.19,-6.04,2.84,313.25,33.06
2017-07-11,2017,7,11,192,-67.5,-26.5,63.95,1.11,11.18,-5.73,2.69,318.5,29.75
2017-07-12,2017,7,12,193,-67.5,-26.5,63.92,0.66,9.98,-4.75,4.2,322.06,34.88
2017-07-13,2017,7,13,194,-67.5,-26.5,63.94,0.95,9.76,-3.45,4.51,318.56,38.88
2017-07-14,2017,7,14,195,-67.5,-26.5,63.66,0.6,8.32,-3.37,7.55,310.62,39.25
2017-07-15,2017,7,15,196,-67.5,-26.5,63.44,-0.6,6.39,-4.34,8.68,314.81,36.12
2017-07-16,2017,7,16,197,-67.5,-26.5,63.29,-2.48,4.96,-7.88,7.5,306.81,30.81
2017-07-17,2017,7,17,198,-67.5,-26.5,63.98,-5.56,1.24,-12.41,1.34,217,35.19
2017-07-18,2017,7,18,199,-67.5,-26.5,64.03,-1.63,8.76,-10.88,1.47,295.31,27.56
2017-07-19,2017,7,19,200,-67.5,-26.5,64.08,0.54,9.32,-6.12,1.72,245.81,28.38
2017-07-20,2017,7,20,201,-67.5,-26.5,63.99,2.7,10.19,-3.66,1.2,267.12,25.5
2017-07-21,2017,7,21,202,-67.5,-26.5,63.96,3.76,11.27,-1.42,1.14,265.75,28.62
2017-07-22,2017,7,22,203,-67.5,-26.5,63.8,1.92,12.48,-2.93,4.2,311.31,33.06
2017-07-23,2017,7,23,204,-67.5,-26.5,63.79,1.15,10.76,-4.04,3.96,312.38,37.12
2017-07-24,2017,7,24,205,-67.5,-26.5,63.94,1.34,12.4,-5.46,3.12,327.5,34.94
2017-07-25,2017,7,25,206,-67.5,-26.5,63.92,1.51,12.43,-4.21,4.04,326.12,32.44
2017-07-26,2017,7,26,207,-67.5,-26.5,64.05,2.78,12.73,-3.9,2.25,329.75,29
2017-07-27,2017,7,27,208,-67.5,-26.5,64.05,4.01,14.13,-2.88,1.85,311.88,26.31
2017-07-28,2017,7,28,209,-67.5,-26.5,63.97,4.72,15.08,-3.02,1.83,303.06,25.19
2017-07-29,2017,7,29,210,-67.5,-26.5,63.97,4.76,14.53,-1.3,1.56,288.69,28.56
2017-07-30,2017,7,30,211,-67.5,-26.5,64,3.56,14.23,-3.13,2.27,312.81,30.5
2017-07-31,2017,7,31,212,-67.5,-26.5,63.83,1.57,11.86,-3.78,4.05,316.69,31.38
2017-08-01,2017,8,1,213,-67.5,-26.5,63.45,0.01,7.65,-5.06,7.32,316.12,32.31
2017-08-02,2017,8,2,214,-67.5,-26.5,63.81,-1.56,5.55,-6.75,2.95,225,33.69
2017-08-03,2017,8,3,215,-67.5,-26.5,63.92,0.84,12.37,-6.14,2.87,310,30.94
2017-08-04,2017,8,4,216,-67.5,-26.5,63.92,1.16,11.08,-4.83,2.86,295.12,29.94
2017-08-05,2017,8,5,217,-67.5,-26.5,63.92,1.63,12.11,-5.15,3.48,307,28.69
2017-08-06,2017,8,6,218,-67.5,-26.5,63.89,2.02,12.83,-3.48,3.27,317.94,29.81
2017-08-07,2017,8,7,219,-67.5,-26.5,63.78,0.69,9.73,-4.29,4.62,309.19,33.94
2017-08-08,2017,8,8,220,-67.5,-26.5,63.82,1.66,12.53,-5.27,3.08,309.19,31.31
2017-08-09,2017,8,9,221,-67.5,-26.5,63.61,1.51,10.92,-3.78,6.47,312.62,26.56
2017-08-10,2017,8,10,222,-67.5,-26.5,63.49,0.69,9.7,-3.94,6.98,325.06,25.62
2017-08-11,2017,8,11,223,-67.5,-26.5,63.03,-2.7,0.8,-6.06,8.73,328.12,41.56
2017-08-12,2017,8,12,224,-67.5,-26.5,62.97,-6.52,-1.65,-11.06,7.1,309.06,38.31
2017-08-13,2017,8,13,225,-67.5,-26.5,63.48,-4.54,7.26,-13.88,3.59,288.44,35.56
2017-08-14,2017,8,14,226,-67.5,-26.5,63.61,-1.45,8.01,-8.77,3.69,291.62,33.69
2017-08-15,2017,8,15,227,-67.5,-26.5,63.72,-0.81,8.76,-8.7,2.59,288.25,31.69
2017-08-16,2017,8,16,228,-67.5,-26.5,63.79,-0.51,7.34,-5.36,1.84,259.06,35.81
2017-08-17,2017,8,17,229,-67.5,-26.5,63.77,-0.05,7.55,-6.56,1.49,239.81,31.38
2017-08-18,2017,8,18,230,-67.5,-26.5,63.54,0.55,11.18,-5.59,3.97,294.38,29.81
2017-08-19,2017,8,19,231,-67.5,-26.5,63.51,-0.13,9.21,-4.98,5.22,293.19,28.25
2017-08-20,2017,8,20,232,-67.5,-26.5,63.85,0.8,10.44,-6.26,1.64,253.38,36.56
2017-08-21,2017,8,21,233,-67.5,-26.5,63.95,3.18,12.04,-3.98,1.74,244.5,27.56
2017-08-22,2017,8,22,234,-67.5,-26.5,63.75,3.16,15.64,-4.04,3.95,307.62,25.25
2017-08-23,2017,8,23,235,-67.5,-26.5,63.61,2.27,13.59,-4.31,4.55,315.38,24.69
2017-08-24,2017,8,24,236,-67.5,-26.5,63.5,1.48,12.4,-4.73,4.74,324.06,26.44
2017-08-25,2017,8,25,237,-67.5,-26.5,63.61,0.13,10.12,-5.45,5.08,325.19,28.62
2017-08-26,2017,8,26,238,-67.5,-26.5,63.72,0.23,10.62,-5.86,4.47,311.06,26.56
2017-08-27,2017,8,27,239,-67.5,-26.5,63.65,0.9,11.49,-5.04,4.8,317,25.06
2017-08-28,2017,8,28,240,-67.5,-26.5,63.68,1.75,12.55,-4.58,5.33,319.56,23.81
2017-08-29,2017,8,29,241,-67.5,-26.5,63.9,3,13.69,-3.74,4.95,316.31,24.5
2017-08-30,2017,8,30,242,-67.5,-26.5,64.01,4.83,14.91,-2.95,3.72,309.88,27.38
2017-08-31,2017,8,31,243,-67.5,-26.5,63.96,5.24,16.04,-2.66,4.05,316.62,30.25
2017-09-01,2017,9,1,244,-67.5,-26.5,63.99,5.34,17.23,-2.8,3.74,319.62,32
2017-09-02,2017,9,2,245,-67.5,-26.5,63.99,6.08,17.77,-2.1,2.98,324.38,29.38
2017-09-03,2017,9,3,246,-67.5,-26.5,63.99,3.68,13.11,-2.66,5.02,318.69,43.12
2017-09-04,2017,9,4,247,-67.5,-26.5,64.02,1.61,11.81,-5.04,4.62,306.69,38.38
2017-09-05,2017,9,5,248,-67.5,-26.5,63.93,2.01,13.42,-5.81,3.14,302.5,21.94
2017-09-06,2017,9,6,249,-67.5,-26.5,63.76,2.36,13.3,-5.08,3.91,312.38,19.69
2017-09-07,2017,9,7,250,-67.5,-26.5,63.61,0.98,10.93,-5.1,4.52,317.62,24.88
2017-09-08,2017,9,8,251,-67.5,-26.5,63.45,1.04,11.7,-5.76,5.32,311.75,24.81
2017-09-09,2017,9,9,252,-67.5,-26.5,63.23,0.73,8.98,-4.99,7.98,335.62,36.69
2017-09-10,2017,9,10,253,-67.5,-26.5,63.14,-1.74,6.22,-6.82,9.68,313.12,34.44
2017-09-11,2017,9,11,254,-67.5,-26.5,63.52,-0.1,11.01,-7.32,5.63,324.56,29.31
2017-09-12,2017,9,12,255,-67.5,-26.5,63.47,0.48,10.16,-6,6.79,334.5,28.25
2017-09-13,2017,9,13,256,-67.5,-26.5,63.27,-0.97,6.51,-7.05,9.45,326.38,33.62
2017-09-14,2017,9,14,257,-67.5,-26.5,63.68,1,12.55,-7.69,3.63,299.62,22.19
2017-09-15,2017,9,15,258,-67.5,-26.5,63.87,1.91,12.96,-6.06,3.28,264.62,25.06
2017-09-16,2017,9,16,259,-67.5,-26.5,64.07,2.15,11.27,-5.23,0.98,210.75,25.12
2017-09-17,2017,9,17,260,-67.5,-26.5,64.03,4.08,13.1,-3.53,1.21,289.75,26.12
2017-09-18,2017,9,18,261,-67.5,-26.5,64,4.91,16.76,-4.06,2.73,310.88,26.38
2017-09-19,2017,9,19,262,-67.5,-26.5,64.01,4.9,16.77,-4.1,4.47,318.06,31.81
2017-09-20,2017,9,20,263,-67.5,-26.5,63.87,6.17,17.45,-2.88,4.11,321.31,38.5
2017-09-21,2017,9,21,264,-67.5,-26.5,63.83,4.82,15.42,-2.87,3.01,276.19,40.62
2017-09-22,2017,9,22,265,-67.5,-26.5,63.87,3.5,13.22,-4.06,1.92,229.44,34.88
2017-09-23,2017,9,23,266,-67.5,-26.5,63.92,5.11,15.79,-4.2,1.13,276.69,45.06
2017-09-24,2017,9,24,267,-67.5,-26.5,63.89,6.06,17.01,-3.9,2.5,273.19,26.94
2017-09-25,2017,9,25,268,-67.5,-26.5,64.07,5.58,14.84,-1.45,1.54,174.62,33
2017-09-26,2017,9,26,269,-67.5,-26.5,63.89,6.69,17.1,-1.98,1.59,241.5,46.19
2017-09-27,2017,9,27,270,-67.5,-26.5,63.77,6.15,16.04,-2.6,1.56,236.06,56.06
2017-09-28,2017,9,28,271,-67.5,-26.5,63.78,3.8,12.91,-3.46,2.82,295.19,34.75
2017-09-29,2017,9,29,272,-67.5,-26.5,63.95,4.34,14.25,-4.34,2.81,245.69,35.56
2017-09-30,2017,9,30,273,-67.5,-26.5,63.74,3.87,14.19,-4.38,4.74,293.56,29.44
2017-10-01,2017,10,1,274,-67.5,-26.5,63.06,-0.63,7.1,-8.15,7.16,280.38,24.81
2017-10-02,2017,10,2,275,-67.5,-26.5,63.3,-0.65,9.55,-8.41,2.98,241.5,23.94
2017-10-03,2017,10,3,276,-67.5,-26.5,63.7,4.04,15.3,-6.17,1.56,262.44,27.25
2017-10-04,2017,10,4,277,-67.5,-26.5,63.74,5.2,17.55,-3.65,3.71,306.5,22.25
2017-10-05,2017,10,5,278,-67.5,-26.5,63.67,2.72,12.86,-5,6.23,306.69,20.31
2017-10-06,2017,10,6,279,-67.5,-26.5,63.81,4.37,16.59,-5.4,2.62,280.69,23.44
2017-10-07,2017,10,7,280,-67.5,-26.5,63.83,4.54,15.9,-4.52,4.64,299.12,22.5
2017-10-08,2017,10,8,281,-67.5,-26.5,63.74,4.19,15.32,-4.56,5.31,303.19,22.38
2017-10-09,2017,10,9,282,-67.5,-26.5,63.61,4.07,15.86,-5.35,5.23,307.06,24.31
2017-10-10,2017,10,10,283,-67.5,-26.5,63.53,3.62,15.54,-5.24,5.91,314.25,20.25
2017-10-11,2017,10,11,284,-67.5,-26.5,63.48,4.05,16.01,-5.03,5.63,315.44,18.88
2017-10-12,2017,10,12,285,-67.5,-26.5,63.57,3.43,14.25,-4.89,5.42,314.69,25.25
2017-10-13,2017,10,13,286,-67.5,-26.5,63.71,3.41,13.87,-5.24,4.7,302.56,27.25
2017-10-14,2017,10,14,287,-67.5,-26.5,63.82,4.79,15.62,-4.78,3,290.38,27.38
2017-10-15,2017,10,15,288,-67.5,-26.5,63.84,6.31,17.76,-4.09,3.8,307.69,28.81
2017-10-16,2017,10,16,289,-67.5,-26.5,63.87,6.4,15.98,-1.57,5.02,322.88,38.81
2017-10-17,2017,10,17,290,-67.5,-26.5,63.87,6.71,18.32,-2.59,4.5,313.19,34.62
2017-10-18,2017,10,18,291,-67.5,-26.5,63.96,5.89,15.93,-3.96,4.73,307.19,25
2017-10-19,2017,10,19,292,-67.5,-26.5,63.88,5.93,16.81,-4.71,2.16,285.56,23.38
2017-10-20,2017,10,20,293,-67.5,-26.5,63.7,6.43,17.65,-4.36,3.42,282,20.56
2017-10-21,2017,10,21,294,-67.5,-26.5,63.82,6.37,18.44,-2.39,2.31,251.88,29.69
2017-10-22,2017,10,22,295,-67.5,-26.5,63.87,6.05,17.4,-4.33,3.33,278.19,32
2017-10-23,2017,10,23,296,-67.5,-26.5,63.85,6.03,17.05,-4.03,3.99,283.19,20.94
2017-10-24,2017,10,24,297,-67.5,-26.5,63.83,5.31,16.15,-5.63,3.29,282.81,22.06
2017-10-25,2017,10,25,298,-67.5,-26.5,63.73,5.34,16.25,-5.05,4.63,300.69,21.62
2017-10-26,2017,10,26,299,-67.5,-26.5,63.66,5.44,17.89,-5.61,4.85,297,23.06
2017-10-27,2017,10,27,300,-67.5,-26.5,63.67,5.96,18.43,-4.45,3.12,284.81,21.12
2017-10-28,2017,10,28,301,-67.5,-26.5,63.55,4.31,14.44,-5.85,5.09,305.56,23.38
2017-10-29,2017,10,29,302,-67.5,-26.5,63.61,3.33,12.9,-5.04,4.98,307.38,28.25
2017-10-30,2017,10,30,303,-67.5,-26.5,63.72,-1.24,7.64,-11.5,3.61,300.94,47.75
2017-10-31,2017,10,31,304,-67.5,-26.5,63.68,1.52,12.07,-7.95,3.75,304.19,36.88
2017-11-01,2017,11,1,305,-67.5,-26.5,63.57,3.24,14.26,-6.24,4.91,310.12,29.81
2017-11-02,2017,11,2,306,-67.5,-26.5,63.69,3.7,14,-5.71,5.11,312.31,24.38
2017-11-03,2017,11,3,307,-67.5,-26.5,63.67,4.22,14.88,-5.14,5.41,306.62,24.56
2017-11-04,2017,11,4,308,-67.5,-26.5,63.63,4.41,15.4,-6.22,4.92,307.94,31.81
2017-11-05,2017,11,5,309,-67.5,-26.5,63.7,6.78,17.73,-4.6,2.57,265.25,40
2017-11-06,2017,11,6,310,-67.5,-26.5,63.72,8.05,18.65,-2.14,1.69,288.56,40.06
2017-11-07,2017,11,7,311,-67.5,-26.5,63.63,7.58,18.82,-2.96,2.87,284.44,36.81
2017-11-08,2017,11,8,312,-67.5,-26.5,63.69,7.89,19.28,-3.45,2.86,281.69,36.62
2017-11-09,2017,11,9,313,-67.5,-26.5,63.75,8.28,19.41,-3.27,3.43,273,36.62
2017-11-10,2017,11,10,314,-67.5,-26.5,63.83,8.05,17.47,0.19,1.83,125.69,51
2017-11-11,2017,11,11,315,-67.5,-26.5,63.82,8.44,18.19,-0.02,2.91,203.94,52.81
2017-11-12,2017,11,12,316,-67.5,-26.5,63.84,9.9,20.25,-1.13,1.72,237.69,49.75
2017-11-13,2017,11,13,317,-67.5,-26.5,63.84,11.55,21.02,3.56,1.84,236.06,44.31
2017-11-14,2017,11,14,318,-67.5,-26.5,63.81,11.73,20.75,2.74,2.02,215.88,35.38
2017-11-15,2017,11,15,319,-67.5,-26.5,63.79,11.72,21.64,2.05,2.37,240.19,34
2017-11-16,2017,11,16,320,-67.5,-26.5,63.72,9.99,20.79,0.41,2.73,252.31,39.94
2017-11-17,2017,11,17,321,-67.5,-26.5,63.51,7.32,18.3,-3.63,3.81,268.44,23.56
2017-11-18,2017,11,18,322,-67.5,-26.5,63.54,5.55,15.23,-4.78,4.04,274.81,28.25
2017-11-19,2017,11,19,323,-67.5,-26.5,63.56,5.25,13.46,-4.51,1.43,246.06,29.56
2017-11-20,2017,11,20,324,-67.5,-26.5,63.6,6.61,17.02,-4,3.2,277.88,33.56
2017-11-21,2017,11,21,325,-67.5,-26.5,63.74,6.96,18.09,-1.85,2.66,250.62,37.06
2017-11-22,2017,11,22,326,-67.5,-26.5,63.69,7.37,17.72,-3.81,2.38,245.25,32.56
2017-11-23,2017,11,23,327,-67.5,-26.5,63.73,8.7,20.37,-3.88,2.09,282.44,24.19
2017-11-24,2017,11,24,328,-67.5,-26.5,63.84,8.71,20.23,-3.16,3.69,287.94,22.38
2017-11-25,2017,11,25,329,-67.5,-26.5,63.86,7.86,19.83,-2.89,2.29,236.81,28.94
2017-11-26,2017,11,26,330,-67.5,-26.5,63.71,8.71,19.9,-2.35,2.73,273.75,28.56
2017-11-27,2017,11,27,331,-67.5,-26.5,63.85,8.37,18.11,-1.39,2.25,191.31,32.88
2017-11-28,2017,11,28,332,-67.5,-26.5,63.89,11.23,22.73,1.43,3.59,249.81,44.69
2017-11-29,2017,11,29,333,-67.5,-26.5,63.84,9.78,20.12,-1.37,3.7,273.12,27.94
2017-11-30,2017,11,30,334,-67.5,-26.5,63.68,10.07,19.17,3.15,1.67,248.38,50.94
2017-12-01,2017,12,1,335,-67.5,-26.5,63.54,8.98,19.58,-0.95,3.09,301.44,34.81
2017-12-02,2017,12,2,336,-67.5,-26.5,63.58,6.44,16.71,-3.11,4.52,316.12,33.31
2017-12-03,2017,12,3,337,-67.5,-26.5,63.67,6.02,16.48,-5.61,3.88,269.06,34.12
2017-12-04,2017,12,4,338,-67.5,-26.5,63.69,7.93,17.64,0.67,2.51,218.88,55.06
2017-12-05,2017,12,5,339,-67.5,-26.5,63.74,8.34,19.05,-3.29,3.3,289.81,34.12
2017-12-06,2017,12,6,340,-67.5,-26.5,63.82,8.56,19.5,-2.65,2.64,269,32.38
2017-12-07,2017,12,7,341,-67.5,-26.5,63.82,11.01,20.98,3.03,2.47,248.81,43.31
2017-12-08,2017,12,8,342,-67.5,-26.5,63.8,10.13,20.12,-1.75,2.02,233.56,32.88
2017-12-09,2017,12,9,343,-67.5,-26.5,63.96,11.23,20.98,4.07,2.41,173.12,52.69
2017-12-10,2017,12,10,344,-67.5,-26.5,64.05,9.18,15.66,3.65,3.24,153,62.62
2017-12-11,2017,12,11,345,-67.5,-26.5,63.95,9.46,17.07,3.74,1.77,125.94,59.62
2017-12-12,2017,12,12,346,-67.5,-26.5,63.85,11.64,22.15,0.03,1.71,245.38,40.88
2017-12-13,2017,12,13,347,-67.5,-26.5,63.97,12.87,23.33,2.79,2.48,255.06,42.56
2017-12-14,2017,12,14,348,-67.5,-26.5,64.1,12.9,23.23,5.38,2.45,213.56,55.88
2017-12-15,2017,12,15,349,-67.5,-26.5,63.92,13.21,22.82,4.49,2.05,202.38,51.56
2017-12-16,2017,12,16,350,-67.5,-26.5,63.76,14.38,24.62,4.02,2.09,247.44,39.19
2017-12-17,2017,12,17,351,-67.5,-26.5,64.03,12.31,20.95,5.58,2.45,155.06,45.62
2017-12-18,2017,12,18,352,-67.5,-26.5,64.05,10.26,18,4.82,2.08,163.31,59.31
2017-12-19,2017,12,19,353,-67.5,-26.5,63.97,10.9,17.55,4.97,2.59,191.25,57.31
2017-12-20,2017,12,20,354,-67.5,-26.5,63.82,12.14,20.15,4.05,2.04,151.62,58.19
2017-12-21,2017,12,21,355,-67.5,-26.5,63.79,12.14,19.08,6.07,2.49,145.94,56.81
2017-12-22,2017,12,22,356,-67.5,-26.5,63.75,10.4,16.44,4.92,2.75,159.06,63.56
2017-12-23,2017,12,23,357,-67.5,-26.5,63.74,10.94,19.51,5.01,1.45,142.81,57.62
2017-12-24,2017,12,24,358,-67.5,-26.5,63.76,9.43,18.77,1.69,2.38,231.31,48.56
2017-12-25,2017,12,25,359,-67.5,-26.5,63.79,9.45,16.58,2.4,1.94,159.62,55.75
2017-12-26,2017,12,26,360,-67.5,-26.5,63.83,11.11,19,3.09,2.48,193.19,49.62
2017-12-27,2017,12,27,361,-67.5,-26.5,63.91,11.63,20.89,4.42,2.06,182.12,56.44
2017-12-28,2017,12,28,362,-67.5,-26.5,64.05,10.26,17.79,4.3,3.24,164.5,60.44
2017-12-29,2017,12,29,363,-67.5,-26.5,63.96,11.78,21.26,1.74,1.82,195.12,47
2017-12-30,2017,12,30,364,-67.5,-26.5,63.84,12.74,21.75,4.08,2.41,195.69,47.94
2017-12-31,2017,12,31,365,-67.5,-26.5,63.75,12.42,21.8,6.3,2,232.44,54.25
2018-01-01,2018,1,1,1,-67.5,-26.5,63.72,8.44,17.93,-0.58,2.55,270.31,42.12
2018-01-02,2018,1,2,2,-67.5,-26.5,63.77,7.24,15.8,-2.93,1.89,208.38,46.38
2018-01-03,2018,1,3,3,-67.5,-26.5,63.81,10.27,18.8,1.83,1.66,150.5,53.38
2018-01-04,2018,1,4,4,-67.5,-26.5,63.74,12.37,21.62,4.01,1.49,214.94,46.44
2018-01-05,2018,1,5,5,-67.5,-26.5,63.88,10.53,20.18,0.61,2.84,202.88,44.75
2018-01-06,2018,1,6,6,-67.5,-26.5,64.06,7.81,13.61,4.28,2.46,148.69,71.38
2018-01-07,2018,1,7,7,-67.5,-26.5,64,9.54,18.11,2.62,1.82,138.06,59.56
2018-01-08,2018,1,8,8,-67.5,-26.5,63.94,8.79,15.26,3.54,0.96,197.69,62.06
2018-01-09,2018,1,9,9,-67.5,-26.5,63.86,9.08,15.71,3.01,1.46,139.44,59.88
2018-01-10,2018,1,10,10,-67.5,-26.5,63.9,10.72,18.98,3.33,1.85,137.62,55.44
2018-01-11,2018,1,11,11,-67.5,-26.5,63.96,11.68,19.79,4.45,2.23,84.62,59.38
2018-01-12,2018,1,12,12,-67.5,-26.5,63.86,9.39,16.61,4.23,2.36,188.56,67
2018-01-13,2018,1,13,13,-67.5,-26.5,63.67,8.44,15.3,2.49,2.07,246.5,67.38
2018-01-14,2018,1,14,14,-67.5,-26.5,63.73,7.96,17.01,-0.56,1.78,188.44,52.69
2018-01-15,2018,1,15,15,-67.5,-26.5,63.81,10.21,19.99,0.25,1.74,204.94,46.81
2018-01-16,2018,1,16,16,-67.5,-26.5,63.88,11.98,21.92,3.09,2.63,275.5,45.12
2018-01-17,2018,1,17,17,-67.5,-26.5,63.89,11.09,21.46,1.08,1.97,263.12,44.88
2018-01-18,2018,1,18,18,-67.5,-26.5,63.93,11.19,20.84,4.56,2.07,206.19,57.81
2018-01-19,2018,1,19,19,-67.5,-26.5,63.88,10.74,21.22,4.27,1.75,212.38,57.19
2018-01-20,2018,1,20,20,-67.5,-26.5,63.71,9.48,19.05,1.4,2.94,217.88,42.94
2018-01-21,2018,1,21,21,-67.5,-26.5,63.67,8.69,19.4,-1.98,2.95,290.19,35.19
2018-01-22,2018,1,22,22,-67.5,-26.5,63.61,8.93,19.78,-1.86,3.33,302.62,31.56
2018-01-23,2018,1,23,23,-67.5,-26.5,63.67,9.75,21.05,-2.23,3.25,289.75,32.12
2018-01-24,2018,1,24,24,-67.5,-26.5,63.83,10.23,19.54,0.44,1.37,185.25,50.31
2018-01-25,2018,1,25,25,-67.5,-26.5,63.81,11.14,20.23,3.71,2.02,256.56,59.81
2018-01-26,2018,1,26,26,-67.5,-26.5,63.76,10.97,18.95,4.92,1.36,240.25,61.31
2018-01-27,2018,1,27,27,-67.5,-26.5,63.75,11.15,18.53,4.23,2.25,175.25,63.38
2018-01-28,2018,1,28,28,-67.5,-26.5,63.75,9.01,15.16,3.77,3.06,156.5,77.31
2018-01-29,2018,1,29,29,-67.5,-26.5,63.69,9.91,17.01,3.58,1.42,165.88,73.19
2018-01-30,2018,1,30,30,-67.5,-26.5,63.71,8.62,14.01,3.81,1.82,188.25,80.38
2018-01-31,2018,1,31,31,-67.5,-26.5,63.89,7.8,14.23,3.23,2.69,161.81,79.94
2018-02-01,2018,2,1,32,-67.5,-26.5,64.01,8.99,16.18,2.78,2.41,165.31,75.5
2018-02-02,2018,2,2,33,-67.5,-26.5,64,10.91,18.67,3.64,2.33,130.44,70.5
2018-02-03,2018,2,3,34,-67.5,-26.5,63.93,11.21,17.92,5.93,2.67,132.12,75.19
2018-02-04,2018,2,4,35,-67.5,-26.5,64.05,8.23,16.36,3.33,2.47,171.38,79
2018-02-05,2018,2,5,36,-67.5,-26.5,64.05,9.99,17.28,4.47,3.52,161.5,72.31
2018-02-06,2018,2,6,37,-67.5,-26.5,63.94,8.92,17.51,3.69,2.13,167.56,70.81
2018-02-07,2018,2,7,38,-67.5,-26.5,63.96,8.74,15.98,2.02,2.47,172.94,71.56
2018-02-08,2018,2,8,39,-67.5,-26.5,63.86,10.19,18.12,2.85,1.55,155,59.62
2018-02-09,2018,2,9,40,-67.5,-26.5,63.8,10.89,17.94,3.85,1.7,177.44,59.5
2018-02-10,2018,2,10,41,-67.5,-26.5,63.82,10.94,18.88,4.82,1.81,162.94,61.81
2018-02-11,2018,2,11,42,-67.5,-26.5,64,9.89,18.5,4.62,2.57,151.81,65.25
2018-02-12,2018,2,12,43,-67.5,-26.5,64.04,10.12,18.91,3.09,2.09,208.75,68.12
2018-02-13,2018,2,13,44,-67.5,-26.5,64.12,10.62,19.58,3.12,2.08,200.94,58.5
2018-02-14,2018,2,14,45,-67.5,-26.5,64.09,11.05,20.15,2.56,1.8,169.12,59.75
2018-02-15,2018,2,15,46,-67.5,-26.5,64.05,9,17.54,2.12,2.1,180.88,70
2018-02-16,2018,2,16,47,-67.5,-26.5,64.14,9.44,17.3,4.12,2.66,167.81,68
2018-02-17,2018,2,17,48,-67.5,-26.5,63.98,7.54,14.45,1.8,2.27,159.62,63.81
2018-02-18,2018,2,18,49,-67.5,-26.5,63.6,8.01,15.44,0.86,2.32,213.19,64.31
2018-02-19,2018,2,19,50,-67.5,-26.5,63.6,7.51,14.73,-0.2,1.7,196.81,62.25
2018-02-20,2018,2,20,51,-67.5,-26.5,63.74,8.51,17.84,-0.65,2.24,229.5,55.94
2018-02-21,2018,2,21,52,-67.5,-26.5,64,8.32,15.38,3.26,2.19,162.75,69.56
2018-02-22,2018,2,22,53,-67.5,-26.5,63.98,7.59,14.65,2.21,0.98,126,70.38
2018-02-23,2018,2,23,54,-67.5,-26.5,63.81,8.9,17.72,0.76,1.53,238.5,56.31
2018-02-24,2018,2,24,55,-67.5,-26.5,63.84,8.75,16.59,3.1,1.48,198.94,61.81
2018-02-25,2018,2,25,56,-67.5,-26.5,63.88,7.87,15.68,2.39,1.81,198,62.94
2018-02-26,2018,2,26,57,-67.5,-26.5,63.82,7.91,15.8,2.14,1.29,178.06,64.12
2018-02-27,2018,2,27,58,-67.5,-26.5,63.72,7.36,16.19,-0.42,2.13,265.25,52.5
2018-02-28,2018,2,28,59,-67.5,-26.5,63.72,5.48,14.48,-2.49,2.67,304,50.94
2018-03-01,2018,3,1,60,-67.5,-26.5,63.86,5.36,15.8,-3.94,2.32,276.25,51.06
2018-03-02,2018,3,2,61,-67.5,-26.5,63.95,7.34,16.3,0.14,1.67,224.12,59
2018-03-03,2018,3,3,62,-67.5,-26.5,63.85,8.56,16.91,2.19,1.42,250,54.94
2018-03-04,2018,3,4,63,-67.5,-26.5,63.83,8.93,16.98,2.51,1.1,230.81,59.56
2018-03-05,2018,3,5,64,-67.5,-26.5,63.86,7.85,14.01,3.23,2.12,166,71.81
2018-03-06,2018,3,6,65,-67.5,-26.5,63.81,6.88,15.18,0.73,1.87,163.19,66.69
2018-03-07,2018,3,7,66,-67.5,-26.5,63.75,7.31,16.73,0.67,2.05,265.38,55.56
2018-03-08,2018,3,8,67,-67.5,-26.5,63.77,5.98,16.12,-3.68,2.99,293.69,42.94
2018-03-09,2018,3,9,68,-67.5,-26.5,63.9,7.08,16.13,-2.7,1.22,239.44,40.06
2018-03-10,2018,3,10,69,-67.5,-26.5,63.94,9.49,20.77,-1.49,1.71,243.69,41.5
2018-03-11,2018,3,11,70,-67.5,-26.5,63.98,10.8,21.58,1.52,1.48,250.19,61.69
2018-03-12,2018,3,12,71,-67.5,-26.5,63.84,11.26,22.1,2.2,2.33,298.69,43.56
2018-03-13,2018,3,13,72,-67.5,-26.5,63.87,9.68,20.53,1.05,2.26,295.44,39.75
2018-03-14,2018,3,14,73,-67.5,-26.5,63.82,8.59,19.79,-1.02,3.16,293.31,41.81
2018-03-15,2018,3,15,74,-67.5,-26.5,63.92,8.71,19.48,0.22,2.3,266.62,44.06
2018-03-16,2018,3,16,75,-67.5,-26.5,63.86,8.33,20.72,-3.59,1.92,295,40.5
2018-03-17,2018,3,17,76,-67.5,-26.5,63.8,9.44,21.38,-1.86,1.86,294.56,37.25
2018-03-18,2018,3,18,77,-67.5,-26.5,63.8,9.68,20.78,1.83,1.49,257,38.44
2018-03-19,2018,3,19,78,-67.5,-26.5,63.75,9.32,20.63,-0.01,2.12,284.44,42
2018-03-20,2018,3,20,79,-67.5,-26.5,63.91,6.79,17.3,-2.08,2.16,208.44,40.38
2018-03-21,2018,3,21,80,-67.5,-26.5,63.85,9.11,21.9,-1.68,1.69,272.12,51.88
2018-03-22,2018,3,22,81,-67.5,-26.5,63.82,8.92,20.78,-2.7,2.18,253.75,31.19
2018-03-23,2018,3,23,82,-67.5,-26.5,63.79,8.26,20.23,-3.01,2.04,279.69,30.94
2018-03-24,2018,3,24,83,-67.5,-26.5,63.87,5.47,15.62,-3.31,3.12,268,41.94
2018-03-25,2018,3,25,84,-67.5,-26.5,64.05,4.16,13.23,-4.81,1.43,187.88,59.12
2018-03-26,2018,3,26,85,-67.5,-26.5,63.83,6.96,17.66,-3.14,1.61,282.94,48
2018-03-27,2018,3,27,86,-67.5,-26.5,63.79,5.65,13.95,-1.2,1.51,203.88,55.81
2018-03-28,2018,3,28,87,-67.5,-26.5,63.91,4.65,12.15,-1.88,1.58,165.12,64.81
2018-03-29,2018,3,29,88,-67.5,-26.5,64.03,4.42,12.3,-2.13,2.46,180.19,63.81
2018-03-30,2018,3,30,89,-67.5,-26.5,64.04,3.66,11.73,-2.54,1.7,188.62,66.31
2018-03-31,2018,3,31,90,-67.5,-26.5,63.87,5.23,14.13,-2.67,1.45,196.94,62.38
2018-04-01,2018,4,1,91,-67.5,-26.5,63.74,5.37,13.86,-2.61,1.4,229.25,60.94
2018-04-02,2018,4,2,92,-67.5,-26.5,63.74,4.82,12.95,-1.17,1.3,252.19,57.94
2018-04-03,2018,4,3,93,-67.5,-26.5,63.79,3.84,12.33,-4.9,1.74,223.19,54.44
2018-04-04,2018,4,4,94,-67.5,-26.5,63.8,5.18,14,-3.27,0.97,231.31,59.69
2018-04-05,2018,4,5,95,-67.5,-26.5,63.77,5.98,16.31,-2.89,1.33,272.94,46.31
2018-04-06,2018,4,6,96,-67.5,-26.5,63.76,4.87,16.19,-4.56,3.84,313.19,36.75
2018-04-07,2018,4,7,97,-67.5,-26.5,63.83,4.84,16.71,-4.76,3.21,310,27.75
2018-04-08,2018,4,8,98,-67.5,-26.5,64.01,6.35,17.65,-2.95,1.99,296.19,31.12
2018-04-09,2018,4,9,99,-67.5,-26.5,64.01,7.51,18.69,-2.31,2.5,311.19,37.19
2018-04-10,2018,4,10,100,-67.5,-26.5,63.94,7.77,18.9,0.01,3.16,318.88,42.69
2018-04-11,2018,4,11,101,-67.5,-26.5,63.95,7.75,17.77,-0.31,3.98,314.81,52.44
2018-04-12,2018,4,12,102,-67.5,-26.5,64.11,8.69,18.66,2.08,1.59,227.19,59.31
2018-04-13,2018,4,13,103,-67.5,-26.5,64.14,8.53,18.9,0.79,1.77,268.94,61.5
2018-04-14,2018,4,14,104,-67.5,-26.5,64.28,8.08,18.11,0.08,1.41,231.62,42.69
2018-04-15,2018,4,15,105,-67.5,-26.5,64.35,6.68,17.71,-1.45,1.45,221.44,43.62
2018-04-16,2018,4,16,106,-67.5,-26.5,64.2,7.16,18.44,-3.16,1.54,225.06,41.25
2018-04-17,2018,4,17,107,-67.5,-26.5,64.21,7.58,16.87,1.59,1.96,205.12,38.06
2018-04-18,2018,4,18,108,-67.5,-26.5,64.1,7.52,18.2,-2.11,1.03,188.75,45.75
2018-04-19,2018,4,19,109,-67.5,-26.5,63.98,8.48,18.84,-0,1.32,259,43.62
2018-04-20,2018,4,20,110,-67.5,-26.5,63.99,7.34,17.3,-1.8,1.2,237.5,48.38
2018-04-21,2018,4,21,111,-67.5,-26.5,63.98,7.5,16.83,-0.7,1.24,287.19,50.75
2018-04-22,2018,4,22,112,-67.5,-26.5,63.98,6.38,16.59,-2.35,2.11,291,33.25
2018-04-23,2018,4,23,113,-67.5,-26.5,64.06,6.98,16.33,0.12,1.66,294.5,35.38
2018-04-24,2018,4,24,114,-67.5,-26.5,64.1,5.98,15.34,-1.79,2.14,292.44,38.06
2018-04-25,2018,4,25,115,-67.5,-26.5,64.13,6.69,15.19,-0.77,1.57,249.5,40
2018-04-26,2018,4,26,116,-67.5,-26.5,64.02,6.2,15.29,-0.38,2.75,306.75,52.75
2018-04-27,2018,4,27,117,-67.5,-26.5,64.06,4.8,14.72,-4.02,1.65,260.56,52.56
2018-04-28,2018,4,28,118,-67.5,-26.5,64.1,6.51,16.6,-2.41,1.66,284.31,41.56
2018-04-29,2018,4,29,119,-67.5,-26.5,64.1,5.95,16.52,-3.91,1.88,294.19,32.19
2018-04-30,2018,4,30,120,-67.5,-26.5,64.12,6.15,16.71,-2.52,1.48,282.62,29.5
2018-05-01,2018,5,1,121,-67.5,-26.5,64.14,6.07,17.03,-3.27,1.72,287.12,35.56
2018-05-02,2018,5,2,122,-67.5,-26.5,64.08,5.62,16.09,-2.2,2.77,295.81,34.62
2018-05-03,2018,5,3,123,-67.5,-26.5,63.92,3.87,15.44,-4.52,2.45,303.12,30.69
2018-05-04,2018,5,4,124,-67.5,-26.5,63.87,3.51,13.24,-4.42,1.28,254.88,34.5
2018-05-05,2018,5,5,125,-67.5,-26.5,64,2.69,11.84,-5.59,2.02,324.88,40.5
2018-05-06,2018,5,6,126,-67.5,-26.5,64.04,1.9,11.94,-5.49,3.29,331.12,33.88
2018-05-07,2018,5,7,127,-67.5,-26.5,63.96,1.72,11.62,-4.31,4.2,319,36.06
2018-05-08,2018,5,8,128,-67.5,-26.5,63.87,1.91,10.83,-3.6,3.38,326,41.88
2018-05-09,2018,5,9,129,-67.5,-26.5,63.7,1.37,9.23,-3.4,5.56,336.12,51.69
2018-05-10,2018,5,10,130,-67.5,-26.5,63.7,-0.71,7.37,-6.01,4.38,286.75,45.19
2018-05-11,2018,5,11,131,-67.5,-26.5,64.02,1.43,10.79,-5.63,1.07,230.56,36.12
2018-05-12,2018,5,12,132,-67.5,-26.5,63.92,3.28,14.28,-3.92,2.29,312.81,31.44
2018-05-13,2018,5,13,133,-67.5,-26.5,63.77,2.8,14.59,-4.88,2.4,312.88,30.94
2018-05-14,2018,5,14,134,-67.5,-26.5,63.79,2.61,12.68,-3.54,3.7,307.25,31.81
2018-05-15,2018,5,15,135,-67.5,-26.5,63.88,2.96,12.73,-3.84,1.94,295.94,35.12
2018-05-16,2018,5,16,136,-67.5,-26.5,63.93,2.4,12.65,-4.92,1.77,305.69,40.62
2018-05-17,2018,5,17,137,-67.5,-26.5,63.75,1.53,12.15,-4.45,3.22,303.56,41.19
2018-05-18,2018,5,18,138,-67.5,-26.5,63.75,0.37,8.76,-4.66,2.6,250.69,32.38
2018-05-19,2018,5,19,139,-67.5,-26.5,64.08,1.47,10.1,-4.45,1.38,238.75,28.38
2018-05-20,2018,5,20,140,-67.5,-26.5,63.86,2.92,12.13,-2.68,1.51,284.69,29
2018-05-21,2018,5,21,141,-67.5,-26.5,63.79,1.55,11.32,-4.12,2.7,291.69,27.56
2018-05-22,2018,5,22,142,-67.5,-26.5,63.84,1.88,11.27,-4.15,1.34,271.88,28
2018-05-23,2018,5,23,143,-67.5,-26.5,63.93,1.34,10.48,-4.59,1.63,258.88,26.12
2018-05-24,2018,5,24,144,-67.5,-26.5,64.01,1.7,10.44,-4.71,1.3,268,23.88
2018-05-25,2018,5,25,145,-67.5,-26.5,64,1.8,10.93,-4.24,1.62,290.19,24.56
2018-05-26,2018,5,26,146,-67.5,-26.5,63.89,1.44,12.34,-4.08,3.09,313.5,29.81
2018-05-27,2018,5,27,147,-67.5,-26.5,63.9,0.97,11.31,-4.66,2.5,321.06,34.44
2018-05-28,2018,5,28,148,-67.5,-26.5,63.83,1.56,10.87,-3.88,4,313.25,32.38
2018-05-29,2018,5,29,149,-67.5,-26.5,63.8,1.25,10.94,-3.52,3.8,318.88,34
2018-05-30,2018,5,30,150,-67.5,-26.5,63.72,0.61,9.98,-3.94,3.11,319.88,39.25
2018-05-31,2018,5,31,151,-67.5,-26.5,63.5,-0.24,8.15,-4.64,5.03,306.19,38.31
2018-06-01,2018,6,1,152,-67.5,-26.5,63.4,-1.87,5.89,-6.7,4.92,308.56,42.56
2018-06-02,2018,6,2,153,-67.5,-26.5,63.62,-1.87,6.94,-7.7,4.15,309.88,43
2018-06-03,2018,6,3,154,-67.5,-26.5,63.85,-1.29,7.43,-6.2,3.68,318.56,42.44
2018-06-04,2018,6,4,155,-67.5,-26.5,63.99,-1.29,7,-6.49,4.48,307.69,35
2018-06-05,2018,6,5,156,-67.5,-26.5,63.85,-0.84,9.55,-7.14,3.01,297.75,34.94
2018-06-06,2018,6,6,157,-67.5,-26.5,63.6,-0.88,8.08,-5.7,3.23,299,39.06
2018-06-07,2018,6,7,158,-67.5,-26.5,63.77,-0.57,7.83,-5.8,2.2,296.44,43.5
2018-06-08,2018,6,8,159,-67.5,-26.5,63.75,-0.06,10.09,-6.02,2.46,302.38,39.25
2018-06-09,2018,6,9,160,-67.5,-26.5,63.48,0.12,7.69,-4.67,7.26,314.38,40.12
2018-06-10,2018,6,10,161,-67.5,-26.5,63.16,-0.63,5.2,-4.65,10.41,324.75,47.81
2018-06-11,2018,6,11,162,-67.5,-26.5,63.06,-4.14,1.49,-7.22,12.42,314.62,35.19
2018-06-12,2018,6,12,163,-67.5,-26.5,63.42,-3.7,4.41,-9.91,6.66,305.88,43.38
2018-06-13,2018,6,13,164,-67.5,-26.5,63.62,-3.53,4.26,-10.3,4.77,311,45.75
2018-06-14,2018,6,14,165,-67.5,-26.5,63.74,-3.12,4.21,-9.31,4.08,301.75,40.56
2018-06-15,2018,6,15,166,-67.5,-26.5,63.86,-2.74,5.25,-10.54,1.14,277.12,51.5
2018-06-16,2018,6,16,167,-67.5,-26.5,63.87,-1.75,6.37,-7.4,1.65,285.44,38.56
2018-06-17,2018,6,17,168,-67.5,-26.5,64.18,-0.51,6.44,-5.24,1.3,207.06,34
2018-06-18,2018,6,18,169,-67.5,-26.5,64.21,0.94,11.01,-6.11,1.8,332.81,28.94
2018-06-19,2018,6,19,170,-67.5,-26.5,64.13,1.82,12.49,-5.95,2.52,309.81,25.19
2018-06-20,2018,6,20,171,-67.5,-26.5,64.1,2.51,12.23,-3.08,1.91,309.69,27.69
2018-06-21,2018,6,21,172,-67.5,-26.5,64.11,2.51,11.14,-2.88,1.16,272.19,32.06
2018-06-22,2018,6,22,173,-67.5,-26.5,63.8,1.9,12.25,-3.04,3.21,316.19,35.44
2018-06-23,2018,6,23,174,-67.5,-26.5,63.64,0.8,8.37,-3.06,3.21,315.19,46.38
2018-06-24,2018,6,24,175,-67.5,-26.5,63.49,-1.29,5.78,-5.04,5.36,316.31,45.19
2018-06-25,2018,6,25,176,-67.5,-26.5,63.64,-2.02,5.92,-6.85,3.78,307.69,37.5
2018-06-26,2018,6,26,177,-67.5,-26.5,63.65,-2.32,7.4,-10.06,2.71,305.38,35.88
2018-06-27,2018,6,27,178,-67.5,-26.5,63.72,-1.39,7.77,-8.6,2.04,305.38,28.62
2018-06-28,2018,6,28,179,-67.5,-26.5,63.63,-1.59,6.96,-7.52,3.69,315.19,38.88
2018-06-29,2018,6,29,180,-67.5,-26.5,63.76,-2.07,7.19,-10.18,2.52,325.94,38.12
2018-06-30,2018,6,30,181,-67.5,-26.5,63.61,-0.28,8.69,-6.48,5.36,318.62,25.06
2018-07-01,2018,7,1,182,-67.5,-26.5,63.53,0.48,6.62,-2.86,8.49,324.38,49.44
2018-07-02,2018,7,2,183,-67.5,-26.5,63.72,0.83,9.18,-4.1,4.74,321.25,41.44
2018-07-03,2018,7,3,184,-67.5,-26.5,63.41,-0.29,5.67,-4.38,6.69,327.38,51
2018-07-04,2018,7,4,185,-67.5,-26.5,63.49,-0.52,7.01,-4.86,6.96,326,43.31
2018-07-05,2018,7,5,186,-67.5,-26.5,63.62,-0.92,7.12,-5.58,5.91,323.56,35.88
2018-07-06,2018,7,6,187,-67.5,-26.5,63.78,-0.78,8.33,-6.63,5.15,329.81,30.94
2018-07-07,2018,7,7,188,-67.5,-26.5,63.86,0.26,10.09,-6.44,3.85,308.56,27.31
2018-07-08,2018,7,8,189,-67.5,-26.5,63.83,-0.31,9.5,-6.86,2.65,268.62,30.38
2018-07-09,2018,7,9,190,-67.5,-26.5,64.04,-0.82,6.49,-6.79,1.05,231.88,28.88
2018-07-10,2018,7,10,191,-67.5,-26.5,63.91,-0.02,10.37,-7.57,2.34,310.44,27.5
2018-07-11,2018,7,11,192,-67.5,-26.5,63.86,0.92,10.05,-4.23,3.36,302.94,27.5
2018-07-12,2018,7,12,193,-67.5,-26.5,64.03,1.28,8.82,-5.1,1.37,236.25,24.38
2018-07-13,2018,7,13,194,-67.5,-26.5,64.06,2.76,11.33,-3.8,1.17,271.62,23.69
2018-07-14,2018,7,14,195,-67.5,-26.5,63.89,2.12,11.88,-3.18,2.59,306.88,27
2018-07-15,2018,7,15,196,-67.5,-26.5,63.83,1.83,10.84,-3.38,2.76,307.75,41
2018-07-16,2018,7,16,197,-67.5,-26.5,63.79,1.18,10.87,-3.86,3.98,322.19,44.94
2018-07-17,2018,7,17,198,-67.5,-26.5,63.62,0.76,8.99,-3.39,6.86,319.44,40.19
2018-07-18,2018,7,18,199,-67.5,-26.5,63.4,0.79,7.78,-2.96,8.69,328.25,43.31
2018-07-19,2018,7,19,200,-67.5,-26.5,63.02,-1.22,3.53,-5.88,10.44,320.69,47.69
2018-07-20,2018,7,20,201,-67.5,-26.5,63.46,-0.62,8.22,-6.43,6.02,277,23.88
2018-07-21,2018,7,21,202,-67.5,-26.5,63.71,-0.15,9.26,-6.65,3.59,323.75,26.88
2018-07-22,2018,7,22,203,-67.5,-26.5,63.64,-0.32,7.31,-4.19,5.05,305.06,51.19
2018-07-23,2018,7,23,204,-67.5,-26.5,63.69,-0.73,7.86,-5.59,3.68,317.94,46.06
2018-07-24,2018,7,24,205,-67.5,-26.5,63.69,-1.04,6.65,-5.52,5.38,320.94,41.94
2018-07-25,2018,7,25,206,-67.5,-26.5,63.86,0.03,8.2,-5.26,4.06,298.62,37.56
2018-07-26,2018,7,26,207,-67.5,-26.5,63.76,0.29,8.64,-5.36,3.96,327.12,44.88
2018-07-27,2018,7,27,208,-67.5,-26.5,63.32,-0.71,4.27,-5.95,9.77,319.62,46.31
2018-07-28,2018,7,28,209,-67.5,-26.5,63.52,-1.85,6.87,-7.03,6.94,296.62,30.38
2018-07-29,2018,7,29,210,-67.5,-26.5,63.63,-1.51,7.87,-7.8,4.87,301.69,26.38
2018-07-30,2018,7,30,211,-67.5,-26.5,63.66,-1.95,6.04,-8.27,3.84,290.5,25.69
2018-07-31,2018,7,31,212,-67.5,-26.5,63.6,-0.46,8.15,-5.67,3.95,307.81,27.62
2018-08-01,2018,8,1,213,-67.5,-26.5,63.59,-0.87,7.58,-6.13,3.91,307.31,30.5
2018-08-02,2018,8,2,214,-67.5,-26.5,63.57,-2.52,2.87,-6.23,3.49,308.62,52.06
2018-08-03,2018,8,3,215,-67.5,-26.5,63.62,-2.67,6.37,-10.86,3.41,290.12,43.44
2018-08-04,2018,8,4,216,-67.5,-26.5,63.67,-0.99,6.09,-6.98,2.07,284.12,33.44
2018-08-05,2018,8,5,217,-67.5,-26.5,63.73,-0.23,6.74,-6.42,1.53,215.88,31
2018-08-06,2018,8,6,218,-67.5,-26.5,63.74,1.17,10.76,-4.61,2.62,310.88,30.69
2018-08-07,2018,8,7,219,-67.5,-26.5,63.71,0.26,8.68,-4.02,5.8,304.44,27.5
2018-08-08,2018,8,8,220,-67.5,-26.5,63.99,1.26,11.23,-5.86,2.14,275,26.56
2018-08-09,2018,8,9,221,-67.5,-26.5,64.1,3.18,11.8,-3.27,1.37,269.62,23.81
2018-08-10,2018,8,10,222,-67.5,-26.5,64.05,3.89,13.04,-3.7,1.24,209.31,20.81
2018-08-11,2018,8,11,223,-67.5,-26.5,64,3.54,14.66,-2.94,2.61,318.19,20.19
2018-08-12,2018,8,12,224,-67.5,-26.5,63.93,2.18,13.32,-4.22,3.42,317.06,19.88
2018-08-13,2018,8,13,225,-67.5,-26.5,63.84,1.52,11.74,-5.01,2.95,282.25,23.81
2018-08-14,2018,8,14,226,-67.5,-26.5,63.9,1.17,9.33,-4.13,1.51,247.06,35.19
2018-08-15,2018,8,15,227,-67.5,-26.5,63.99,2.08,10.06,-4.38,0.93,206.44,25.19
2018-08-16,2018,8,16,228,-67.5,-26.5,64.08,2.9,11.34,-3.32,1.3,264.94,22.62
2018-08-17,2018,8,17,229,-67.5,-26.5,64.06,3.41,12.53,-4.42,1.2,259.31,21.88
2018-08-18,2018,8,18,230,-67.5,-26.5,63.94,2.97,13.05,-4.38,2,291.5,23.44
2018-08-19,2018,8,19,231,-67.5,-26.5,63.71,1.07,10.92,-4.93,3.3,299.06,26.31
2018-08-20,2018,8,20,232,-67.5,-26.5,63.68,-0.42,9.02,-6.12,4.09,306.62,27.62
2018-08-21,2018,8,21,233,-67.5,-26.5,63.8,-0.34,8.85,-6.55,2.59,283.06,26.06
2018-08-22,2018,8,22,234,-67.5,-26.5,63.78,0.59,10.8,-5.75,3.51,306.44,25.56
2018-08-23,2018,8,23,235,-67.5,-26.5,63.58,1.28,11.12,-4.55,5.87,295.69,25.31
2018-08-24,2018,8,24,236,-67.5,-26.5,63.71,1.68,11.7,-5.67,4.71,270.25,24.75
2018-08-25,2018,8,25,237,-67.5,-26.5,63.92,0.78,10.54,-5.46,2.16,226.19,27.88
2018-08-26,2018,8,26,238,-67.5,-26.5,64.11,2.2,11.11,-5.7,0.7,197.12,26.12
2018-08-27,2018,8,27,239,-67.5,-26.5,63.89,3.67,14.64,-3.44,2.6,308.94,20.06
2018-08-28,2018,8,28,240,-67.5,-26.5,63.81,2.22,13.94,-5.35,3.27,317.62,20.31
2018-08-29,2018,8,29,241,-67.5,-26.5,63.73,1.69,11.16,-4.44,4.6,311,27.88
2018-08-30,2018,8,30,242,-67.5,-26.5,63.62,0.98,10.3,-4.78,5.95,315.31,30.31
2018-08-31,2018,8,31,243,-67.5,-26.5,63.46,0.72,9.97,-5.01,7.11,318.19,28.81
2018-09-01,2018,9,1,244,-67.5,-26.5,63.31,-2.81,3.55,-9.27,5.12,262.56,39.88
2018-09-02,2018,9,2,245,-67.5,-26.5,63.98,-0.06,8.56,-8.76,3.1,201.31,22
2018-09-03,2018,9,3,246,-67.5,-26.5,64.19,3.2,12.37,-2.41,1.84,222.69,19.38
2018-09-04,2018,9,4,247,-67.5,-26.5,64.05,4.58,14.21,-3.22,1.23,234,18.44
2018-09-05,2018,9,5,248,-67.5,-26.5,63.96,6.98,16.96,-2.31,1.17,205.25,16.62
2018-09-06,2018,9,6,249,-67.5,-26.5,64,7.25,17.87,-0.51,1.52,194.62,20.75
2018-09-07,2018,9,7,250,-67.5,-26.5,63.97,6.1,17.88,-2.3,1.19,285.94,30.88
2018-09-08,2018,9,8,251,-67.5,-26.5,63.96,5.5,17.29,-3.18,1.6,280.19,32.75
2018-09-09,2018,9,9,252,-67.5,-26.5,63.96,5.7,17.13,-3.39,1.97,269.69,35.06
2018-09-10,2018,9,10,253,-67.5,-26.5,64,5.17,15.02,-2.52,1.11,217.25,43.94
2018-09-11,2018,9,11,254,-67.5,-26.5,63.89,4.73,15.99,-4.61,2.96,292.06,29.12
2018-09-12,2018,9,12,255,-67.5,-26.5,63.78,3.58,14.28,-4.72,2.98,301.12,21.31
2018-09-13,2018,9,13,256,-67.5,-26.5,63.57,0.58,8.76,-5.88,3.6,316,30.44
2018-09-14,2018,9,14,257,-67.5,-26.5,63.5,-0.81,9.08,-8.12,4.35,299.62,33.75
2018-09-15,2018,9,15,258,-67.5,-26.5,63.4,-0.03,9.83,-6.17,5.16,317.56,35.31
2018-09-16,2018,9,16,259,-67.5,-26.5,63.51,-0.25,8.86,-6.88,3.56,277.25,32
2018-09-17,2018,9,17,260,-67.5,-26.5,63.66,1.69,12.73,-5.87,3.09,295.88,25.19
2018-09-18,2018,9,18,261,-67.5,-26.5,63.65,2.48,12.83,-4.91,5.29,298.94,23.06
2018-09-19,2018,9,19,262,-67.5,-26.5,63.67,3.33,14.37,-5.26,3.66,296.12,19.88
2018-09-20,2018,9,20,263,-67.5,-26.5,63.84,5.07,17.1,-4.69,2.62,288.75,21.12
2018-09-21,2018,9,21,264,-67.5,-26.5,63.9,5.65,17.06,-3.92,1.59,269.75,17.75
2018-09-22,2018,9,22,265,-67.5,-26.5,63.85,6.73,18.78,-3.78,2.8,289.19,13.31
2018-09-23,2018,9,23,266,-67.5,-26.5,63.85,7.35,18.63,-3.29,2.55,275.69,24.31
2018-09-24,2018,9,24,267,-67.5,-26.5,63.77,6.96,17.55,-1.32,2,261.25,52.81
2018-09-25,2018,9,25,268,-67.5,-26.5,63.71,5.47,15.43,-4.49,2.88,288.31,24.75
2018-09-26,2018,9,26,269,-67.5,-26.5,63.71,3.98,14.96,-5.1,4.13,305.19,21.75
2018-09-27,2018,9,27,270,-67.5,-26.5,63.78,5.43,16.71,-4.31,3.81,288.75,24.31
2018-09-28,2018,9,28,271,-67.5,-26.5,63.83,6.06,17.9,-3.53,4.06,307.06,20.19
2018-09-29,2018,9,29,272,-67.5,-26.5,63.76,4.85,15.63,-4.38,4.84,306.94,21.5
2018-09-30,2018,9,30,273,-67.5,-26.5,63.77,4.74,15.42,-3.35,5.44,298.75,18.94
2018-10-01,2018,10,1,274,-67.5,-26.5,63.84,4.8,16.58,-4.84,4.47,299,17.75
2018-10-02,2018,10,2,275,-67.5,-26.5,63.81,4.66,16.23,-4.96,4.47,296.69,17.12
2018-10-03,2018,10,3,276,-67.5,-26.5,63.88,5.79,16.58,-4.04,2.09,258.75,22.75
2018-10-04,2018,10,4,277,-67.5,-26.5,64,6.24,13.73,2.15,1.46,260.75,41.25
2018-10-05,2018,10,5,278,-67.5,-26.5,63.89,7.63,16.35,-0.24,1.97,273.75,46.44
2018-10-06,2018,10,6,279,-67.5,-26.5,63.8,7.55,16.98,-0.05,3.19,283.31,31.88
2018-10-07,2018,10,7,280,-67.5,-26.5,63.77,4.73,13.69,-3.09,4.2,302.69,34.25
2018-10-08,2018,10,8,281,-67.5,-26.5,63.78,4.83,15.82,-4.13,4.56,299.62,32
2018-10-09,2018,10,9,282,-67.5,-26.5,63.78,4.48,15.3,-4.5,4.53,313.62,30
2018-10-10,2018,10,10,283,-67.5,-26.5,63.71,4.7,16.4,-4.81,3.84,309.94,36.38
2018-10-11,2018,10,11,284,-67.5,-26.5,63.55,3.81,14.15,-5.6,6.3,322.62,38.12
2018-10-12,2018,10,12,285,-67.5,-26.5,63.55,3.59,13.36,-3.57,7.44,314.81,34.38
2018-10-13,2018,10,13,286,-67.5,-26.5,63.63,3.47,15.26,-6.16,5.64,315.44,25.56
2018-10-14,2018,10,14,287,-67.5,-26.5,63.69,4.41,15.26,-5.42,4.95,284.12,17.62
2018-10-15,2018,10,15,288,-67.5,-26.5,63.71,4.81,17.13,-5.39,3.8,306.19,16.62
2018-10-16,2018,10,16,289,-67.5,-26.5,63.59,3.97,15.16,-5.23,5.54,316.19,22.56
2018-10-17,2018,10,17,290,-67.5,-26.5,63.67,4.1,15.2,-5.1,5.81,317.94,23
2018-10-18,2018,10,18,291,-67.5,-26.5,63.91,6.63,19.01,-4.92,3.54,283.94,22.56
2018-10-19,2018,10,19,292,-67.5,-26.5,63.94,8.19,18.95,-1.33,2.41,225,43.12
2018-10-20,2018,10,20,293,-67.5,-26.5,63.87,7.68,18.2,-2.89,2.83,299.25,31
2018-10-21,2018,10,21,294,-67.5,-26.5,63.78,7.87,19.32,-3.93,2.63,263.69,27.81
2018-10-22,2018,10,22,295,-67.5,-26.5,63.75,9.33,20.21,-0.63,2.6,272.25,34
2018-10-23,2018,10,23,296,-67.5,-26.5,63.79,7.65,18.5,-0.49,3.04,291.31,31.75
2018-10-24,2018,10,24,297,-67.5,-26.5,63.8,6.5,18.4,-5.6,2.52,280.56,30.12
2018-10-25,2018,10,25,298,-67.5,-26.5,63.81,6.44,17.28,-3.41,3.11,297.12,31
2018-10-26,2018,10,26,299,-67.5,-26.5,63.8,6.32,17.39,-4.66,1.73,244.62,34
2018-10-27,2018,10,27,300,-67.5,-26.5,63.74,7.83,18.37,-3.11,3.18,278,32
2018-10-28,2018,10,28,301,-67.5,-26.5,63.76,7.93,19.75,-2.8,2.73,270.44,27.88
2018-10-29,2018,10,29,302,-67.5,-26.5,63.72,7.82,19.43,-2.96,4.34,293.06,23.25
2018-10-30,2018,10,30,303,-67.5,-26.5,63.8,7.44,18.99,-3.75,5.02,301.12,20
2018-10-31,2018,10,31,304,-67.5,-26.5,63.87,7.47,18.76,-3.83,5.14,299.81,23.38
2018-11-01,2018,11,1,305,-67.5,-26.5,63.78,9.62,22.01,-2.94,2.56,289.31,29.31
2018-11-02,2018,11,2,306,-67.5,-26.5,63.72,9.93,21.84,-1.29,3.79,283.56,29.12
2018-11-03,2018,11,3,307,-67.5,-26.5,63.82,9.43,19.93,-0.77,2.2,271.19,37.88
2018-11-04,2018,11,4,308,-67.5,-26.5,63.81,9.72,19.65,-0.79,2.45,272.56,34.69
2018-11-05,2018,11,5,309,-67.5,-26.5,63.85,9.23,18.73,-0.95,1.78,172.06,37.06
2018-11-06,2018,11,6,310,-67.5,-26.5,63.98,7.85,15.7,2.05,2.45,161,61.31
2018-11-07,2018,11,7,311,-67.5,-26.5,63.97,7.66,16.4,-0.04,1.74,149.38,60
2018-11-08,2018,11,8,312,-67.5,-26.5,63.84,10.1,20.13,-0.38,1.38,233.62,51.19
2018-11-09,2018,11,9,313,-67.5,-26.5,63.81,11.22,21.9,-0.3,1.66,258.56,32.19
2018-11-10,2018,11,10,314,-67.5,-26.5,63.67,11.26,23.73,-1.25,3.47,299.5,21.12
2018-11-11,2018,11,11,315,-67.5,-26.5,63.61,9.51,21.94,-2.22,4.55,316.38,19.62
2018-11-12,2018,11,12,316,-67.5,-26.5,63.55,6.65,17.37,-2.88,6.42,319.31,22.56
2018-11-13,2018,11,13,317,-67.5,-26.5,63.62,4.26,14.31,-6.05,6.48,312.88,21
2018-11-14,2018,11,14,318,-67.5,-26.5,63.73,7.39,19.7,-5.12,3.02,275.31,21.19
2018-11-15,2018,11,15,319,-67.5,-26.5,63.77,9.1,21.13,-2.91,2.73,258.69,26.44
2018-11-16,2018,11,16,320,-67.5,-26.5,63.8,10.17,21.26,-0.15,2.46,300.5,38.25
2018-11-17,2018,11,17,321,-67.5,-26.5,63.79,8.92,19.79,-2.7,3.19,267.69,31.06
2018-11-18,2018,11,18,322,-67.5,-26.5,63.88,9.55,20.04,1.6,2.58,228.5,56.5
2018-11-19,2018,11,19,323,-67.5,-26.5,63.87,10.46,21.2,0.44,2.23,264.44,46.12
2018-11-20,2018,11,20,324,-67.5,-26.5,63.95,10.88,20.98,1.58,1.97,219.19,41.56
2018-11-21,2018,11,21,325,-67.5,-26.5,63.87,12.09,22.4,2.19,2.04,277.19,43.94
2018-11-22,2018,11,22,326,-67.5,-26.5,63.83,10.13,18.41,0.73,2.84,197.5,39.62
2018-11-23,2018,11,23,327,-67.5,-26.5,63.78,9.33,18.53,1.74,2.19,202.94,51.25
2018-11-24,2018,11,24,328,-67.5,-26.5,63.79,9.7,19.4,0.46,2.96,196.69,50.44
2018-11-25,2018,11,25,329,-67.5,-26.5,63.72,10.77,21.46,1,1.93,235.62,45.44
2018-11-26,2018,11,26,330,-67.5,-26.5,63.76,10.36,19.88,1.87,1.74,253.06,41.44
2018-11-27,2018,11,27,331,-67.5,-26.5,63.73,9.36,19.12,-1.56,1.34,199.38,37.44
2018-11-28,2018,11,28,332,-67.5,-26.5,63.72,10.01,19.4,3.22,2.8,220.19,44.94
2018-11-29,2018,11,29,333,-67.5,-26.5,63.73,7.49,17.46,-2.02,2.75,292.25,36.88
2018-11-30,2018,11,30,334,-67.5,-26.5,63.68,6.2,15.58,-4.17,3.26,284,32
2018-12-01,2018,12,1,335,-67.5,-26.5,63.73,5.93,15.46,-2.49,1.62,265.31,40.38
2018-12-02,2018,12,2,336,-67.5,-26.5,63.69,6.03,15.42,-1.66,2.16,281.31,41.44
2018-12-03,2018,12,3,337,-67.5,-26.5,63.63,5.73,15.95,-4.2,2.73,283.19,31.88
2018-12-04,2018,12,4,338,-67.5,-26.5,63.49,4.67,14.12,-4.31,4.84,307,29.31
2018-12-05,2018,12,5,339,-67.5,-26.5,63.57,5.24,16.08,-6.31,3.64,287.94,32.25
2018-12-06,2018,12,6,340,-67.5,-26.5,63.86,5.9,16.4,-2.89,2.39,271,43.31
2018-12-07,2018,12,7,341,-67.5,-26.5,64.04,7.93,19.3,-2.99,2.12,258.38,39.75
2018-12-08,2018,12,8,342,-67.5,-26.5,63.96,9.35,20.94,-2.92,4.73,304.75,20.94
2018-12-09,2018,12,9,343,-67.5,-26.5,63.99,10.33,21.19,-0.82,4.48,284.75,21.75
2018-12-10,2018,12,10,344,-67.5,-26.5,64.08,11.3,22.94,-2.09,3.43,287.94,20.69
2018-12-11,2018,12,11,345,-67.5,-26.5,64.1,12.58,23.92,0.18,2.58,262.31,28
2018-12-12,2018,12,12,346,-67.5,-26.5,64.02,13.45,24.1,4.75,2.2,238.94,43.94
2018-12-13,2018,12,13,347,-67.5,-26.5,63.93,10.89,20.71,0.94,4.88,305.94,31
2018-12-14,2018,12,14,348,-67.5,-26.5,63.95,10.3,18.98,1.76,4.26,275.25,33.62
2018-12-15,2018,12,15,349,-67.5,-26.5,63.98,10.99,21.23,0.68,2.83,262.56,35.94
2018-12-16,2018,12,16,350,-67.5,-26.5,64.02,10.83,19.76,1.56,2.65,295.62,37.38
2018-12-17,2018,12,17,351,-67.5,-26.5,63.93,11.55,19.87,3.39,2.16,253.69,42.25
2018-12-18,2018,12,18,352,-67.5,-26.5,63.86,9.92,18.63,4.22,2.2,230.19,59.31
2018-12-19,2018,12,19,353,-67.5,-26.5,63.77,9.29,19.19,-0.99,2.74,269.56,36.94
2018-12-20,2018,12,20,354,-67.5,-26.5,63.73,9.53,20.17,-3.49,2.23,266.12,35.12
2018-12-21,2018,12,21,355,-67.5,-26.5,63.73,9.57,18.41,3.39,2.02,219.62,60.69
2018-12-22,2018,12,22,356,-67.5,-26.5,63.83,10.23,19.07,1.15,1.84,268.94,43.88
2018-12-23,2018,12,23,357,-67.5,-26.5,63.94,10.23,17.26,3.56,2.48,152.5,56.56
2018-12-24,2018,12,24,358,-67.5,-26.5,63.83,11.55,20.26,4.69,1.68,165.94,56.31
2018-12-25,2018,12,25,359,-67.5,-26.5,63.87,12,20.45,4.3,2.13,181.19,49.75
2018-12-26,2018,12,26,360,-67.5,-26.5,63.86,12.59,20.8,5.9,1.73,140.81,56.75
2018-12-27,2018,12,27,361,-67.5,-26.5,63.78,13.35,21.4,4.94,2.37,172,56.62
2018-12-28,2018,12,28,362,-67.5,-26.5,63.8,12.99,21.44,6.08,1.92,184.06,56.25
2018-12-29,2018,12,29,363,-67.5,-26.5,63.85,12.84,20.68,5.92,2.01,185.81,58.5
2018-12-30,2018,12,30,364,-67.5,-26.5,63.9,13.32,21.83,5.08,2.28,129.88,53.5
2018-12-31,2018,12,31,365,-67.5,-26.5,63.83,13.15,21.37,5.9,1.56,174.25,59.56
2019-01-01,2019,1,1,1,-67.5,-26.5,63.87,12.42,18.41,7.49,1.05,208.31,60.75
2019-01-02,2019,1,2,2,-67.5,-26.5,63.9,12.57,21.68,6.4,1.65,170.06,63.38
2019-01-03,2019,1,3,3,-67.5,-26.5,63.95,8.66,16.05,3.42,2.16,174.62,71.31
2019-01-04,2019,1,4,4,-67.5,-26.5,63.89,11.9,21.07,4.06,1.6,191,56.5
2019-01-05,2019,1,5,5,-67.5,-26.5,63.84,12.51,21.9,4.51,1.35,168.81,56.56
2019-01-06,2019,1,6,6,-67.5,-26.5,63.73,9.99,19.78,1.26,5.1,307.44,35.12
2019-01-07,2019,1,7,7,-67.5,-26.5,63.68,7.29,17.2,-2.41,5.6,302.31,37.62
2019-01-08,2019,1,8,8,-67.5,-26.5,63.73,7.72,18.01,-1.81,5.37,302.25,40.56
2019-01-09,2019,1,9,9,-67.5,-26.5,63.68,7.17,17.56,-3.62,3.59,295.69,44.62
2019-01-10,2019,1,10,10,-67.5,-26.5,63.7,7.16,16.1,-1.66,1.78,188.31,53.69
2019-01-11,2019,1,11,11,-67.5,-26.5,63.79,8.6,18.94,-0.95,3,257.62,50.38
2019-01-12,2019,1,12,12,-67.5,-26.5,63.78,9.11,19.26,-1.28,2.48,293.88,44.62
2019-01-13,2019,1,13,13,-67.5,-26.5,63.81,9.92,20.21,-0.98,2,292.38,44.88
2019-01-14,2019,1,14,14,-67.5,-26.5,63.8,11.26,21.55,3.33,3.14,282,46
2019-01-15,2019,1,15,15,-67.5,-26.5,63.89,10,20.9,-1.7,2.74,261.69,44.25
2019-01-16,2019,1,16,16,-67.5,-26.5,63.92,12.2,22.47,2.59,2.62,277.38,49.5
2019-01-17,2019,1,17,17,-67.5,-26.5,63.98,10.96,22.63,1.13,2.27,272.94,42.12
2019-01-18,2019,1,18,18,-67.5,-26.5,64.06,10.13,19.96,1.99,2.64,212.19,56.88
2019-01-19,2019,1,19,19,-67.5,-26.5,64.06,11.23,21.33,1.91,1.73,177.12,59.31
2019-01-20,2019,1,20,20,-67.5,-26.5,63.97,13.72,23.22,3.62,1.94,187.44,58.12
2019-01-21,2019,1,21,21,-67.5,-26.5,64.07,12.94,22.54,6.69,2.45,159.25,57.81
2019-01-22,2019,1,22,22,-67.5,-26.5,64.08,14.26,25.09,4.43,2.07,202.94,57.81
2019-01-23,2019,1,23,23,-67.5,-26.5,64.16,13.83,21.08,7.46,1.99,141,62.06
2019-01-24,2019,1,24,24,-67.5,-26.5,64.22,11.84,17.91,5.86,2.12,318.62,63.94
2019-01-25,2019,1,25,25,-67.5,-26.5,64.19,11.9,21.6,5.58,1.71,235.31,59.19
2019-01-26,2019,1,26,26,-67.5,-26.5,64.26,10.37,17.32,5.67,2.45,203.62,66.44
2019-01-27,2019,1,27,27,-67.5,-26.5,64.12,11.48,18.99,4.18,2.3,182.12,60.62
2019-01-28,2019,1,28,28,-67.5,-26.5,64.01,13.05,20.76,6.22,2.62,133.38,62.62
2019-01-29,2019,1,29,29,-67.5,-26.5,63.99,11.55,19.78,3.36,1.84,168.5,62.81
2019-01-30,2019,1,30,30,-67.5,-26.5,63.95,8.09,10.87,4.48,2.89,189.75,78
2019-01-31,2019,1,31,31,-67.5,-26.5,63.9,7.65,14.4,2.85,1.52,151.06,76.25
2019-02-01,2019,2,1,32,-67.5,-26.5,63.99,7.4,14.68,1.92,3.26,185.5,79.31
2019-02-02,2019,2,2,33,-67.5,-26.5,64.29,6.32,12.42,1.59,3.46,155.81,78.56
2019-02-03,2019,2,3,34,-67.5,-26.5,64.25,7.85,15.23,2.71,2.31,122.56,74.81
2019-02-04,2019,2,4,35,-67.5,-26.5,64.23,10,18.57,3.86,2.42,190.88,65.62
2019-02-05,2019,2,5,36,-67.5,-26.5,64.25,9.52,18.84,1.08,2.55,172.62,55.25
2019-02-06,2019,2,6,37,-67.5,-26.5,64.1,9.9,19.42,-0.25,2.04,180.56,46.81
2019-02-07,2019,2,7,38,-67.5,-26.5,64.03,8.11,13.38,3.23,1.41,312,71.69
2019-02-08,2019,2,8,39,-67.5,-26.5,63.91,9.22,16.09,3.93,0.75,212.25,67.12
2019-02-09,2019,2,9,40,-67.5,-26.5,63.95,9.08,14.59,4.29,1.73,148.75,68.44
2019-02-10,2019,2,10,41,-67.5,-26.5,63.8,11.44,21.14,3.99,1.98,245.69,53.38
2019-02-11,2019,2,11,42,-67.5,-26.5,63.86,10.63,20.94,0.06,2.21,265.62,45.81
2019-02-12,2019,2,12,43,-67.5,-26.5,64.12,9.19,18.18,2.89,2.05,158.38,68.44
2019-02-13,2019,2,13,44,-67.5,-26.5,64.01,11.38,21.79,3.3,2.59,271.62,43.38
2019-02-14,2019,2,14,45,-67.5,-26.5,64.01,8.73,17.76,0.95,2.4,197.81,44.69
2019-02-15,2019,2,15,46,-67.5,-26.5,64.13,8.44,18.23,0.86,2.48,173.38,61.56
2019-02-16,2019,2,16,47,-67.5,-26.5,64.11,8.95,18.69,0.61,2.4,200.56,62.62
2019-02-17,2019,2,17,48,-67.5,-26.5,63.95,9.76,18.83,1.33,2.2,188.69,62.56
2019-02-18,2019,2,18,49,-67.5,-26.5,63.89,10.69,18.51,4.33,2.73,187.94,64
2019-02-19,2019,2,19,50,-67.5,-26.5,64.01,10.38,18.38,2.86,1.95,137.88,57.88
2019-02-20,2019,2,20,51,-67.5,-26.5,63.95,10.99,18.19,4.76,1.02,154.25,61.62
2019-02-21,2019,2,21,52,-67.5,-26.5,64.07,12.15,20.9,3.4,1.98,192.81,55.06
2019-02-22,2019,2,22,53,-67.5,-26.5,64.16,13.44,22.65,5.75,1.5,156.62,58.25
2019-02-23,2019,2,23,54,-67.5,-26.5,63.87,13.94,24.36,4.71,2.18,252.31,53.62
2019-02-24,2019,2,24,55,-67.5,-26.5,63.71,12.8,22.68,4.62,1.62,244.94,50.69
2019-02-25,2019,2,25,56,-67.5,-26.5,63.75,10.42,19.46,3.66,1.8,214.69,55.94
2019-02-26,2019,2,26,57,-67.5,-26.5,63.79,8.48,16.74,2.17,1.18,153.75,56
2019-02-27,2019,2,27,58,-67.5,-26.5,63.84,7.69,16.63,-0.22,2.66,214.44,52.81
2019-02-28,2019,2,28,59,-67.5,-26.5,63.98,8.22,17.2,-0.24,1.2,198.56,58.94
2019-03-01,2019,3,1,60,-67.5,-26.5,63.92,10.17,19.15,1.3,1.48,194.88,47.88
2019-03-02,2019,3,2,61,-67.5,-26.5,64.08,9.13,16.21,3.11,1.3,111.06,64.25
2019-03-03,2019,3,3,62,-67.5,-26.5,63.86,10.38,20.9,1.55,2.52,301.5,50.88
2019-03-04,2019,3,4,63,-67.5,-26.5,63.9,8.75,19.31,-1.1,3.34,295.88,37.62
2019-03-05,2019,3,5,64,-67.5,-26.5,64.06,9.14,19.86,-1.04,2.03,288.62,34.94
2019-03-06,2019,3,6,65,-67.5,-26.5,64,9.73,21.27,-1.01,2.08,287.44,35.12
2019-03-07,2019,3,7,66,-67.5,-26.5,63.91,9.24,21.14,-2.47,2.37,255.88,36.62
2019-03-08,2019,3,8,67,-67.5,-26.5,63.9,9.55,20.39,3.35,2.29,237.56,64.31
2019-03-09,2019,3,9,68,-67.5,-26.5,63.87,7.94,19.09,0.3,2.51,215.75,59.19
2019-03-10,2019,3,10,69,-67.5,-26.5,63.85,7.15,18.21,-1.64,3.66,280.75,42.25
2019-03-11,2019,3,11,70,-67.5,-26.5,63.75,5.13,16.01,-4.05,4.3,309.25,39.12
2019-03-12,2019,3,12,71,-67.5,-26.5,63.76,4.93,16.16,-5.66,2.69,261.69,42.38
2019-03-13,2019,3,13,72,-67.5,-26.5,63.82,6.15,15.8,-2.62,2.07,274.38,46.5
2019-03-14,2019,3,14,73,-67.5,-26.5,63.78,6.88,17.4,-3.41,2.04,285.81,40.06
2019-03-15,2019,3,15,74,-67.5,-26.5,63.79,6.44,17.03,-3.82,2.93,302.19,38.62
2019-03-16,2019,3,16,75,-67.5,-26.5,63.8,5.19,15.06,-4.28,2.65,306.88,41.5
2019-03-17,2019,3,17,76,-67.5,-26.5,63.78,4.92,15.65,-6.14,2.33,261.62,48.94
2019-03-18,2019,3,18,77,-67.5,-26.5,63.9,8.05,18.77,-1.87,1.55,298.88,44.5
2019-03-19,2019,3,19,78,-67.5,-26.5,63.89,7.08,18.11,-2.67,2.07,246.62,48.31
2019-03-20,2019,3,20,79,-67.5,-26.5,63.92,7.5,16.94,1.54,2.25,225.69,61.38
2019-03-21,2019,3,21,80,-67.5,-26.5,63.86,7.29,17.25,-3.47,1.75,242.38,43
2019-03-22,2019,3,22,81,-67.5,-26.5,63.97,7.27,17.21,-1.24,1.84,209.69,45.06
2019-03-23,2019,3,23,82,-67.5,-26.5,64.02,8.14,18.28,-0.88,1.32,249.69,60.44
2019-03-24,2019,3,24,83,-67.5,-26.5,64.09,7.44,15.19,0.56,1.63,156.62,68.75
2019-03-25,2019,3,25,84,-67.5,-26.5,63.9,8.51,17.95,0.97,1.69,253.12,60.88
2019-03-26,2019,3,26,85,-67.5,-26.5,63.87,7.72,17.03,1.53,1.49,184.56,57.31
2019-03-27,2019,3,27,86,-67.5,-26.5,63.95,7.08,17.44,-1.14,2.34,300.81,52.69
2019-03-28,2019,3,28,87,-67.5,-26.5,64.06,6.85,18.08,-2.6,2.03,290.69,41.88
2019-03-29,2019,3,29,88,-67.5,-26.5,64.11,7.95,18.53,-0.17,1.9,282.31,41.44
2019-03-30,2019,3,30,89,-67.5,-26.5,64.01,10.31,19.34,2.65,1.73,251.44,48.88
2019-03-31,2019,3,31,90,-67.5,-26.5,63.97,9.49,19.01,0.99,2.16,278.75,49.56
2019-04-01,2019,4,1,91,-67.5,-26.5,63.87,8.27,17.13,-0.28,2.27,281.81,48.12
2019-04-02,2019,4,2,92,-67.5,-26.5,64.02,6.59,15.11,0.45,1.23,169.5,57
2019-04-03,2019,4,3,93,-67.5,-26.5,63.99,7.37,16.33,-1.12,1.2,228.25,60.62
2019-04-04,2019,4,4,94,-67.5,-26.5,63.67,6.56,15.19,-1.37,1.74,246,59.75
2019-04-05,2019,4,5,95,-67.5,-26.5,63.9,0.4,3.95,-3.26,2.23,146.06,80.56
2019-04-06,2019,4,6,96,-67.5,-26.5,64.1,1.56,10.51,-5.42,1.8,217.31,59.56
2019-04-07,2019,4,7,97,-67.5,-26.5,64.25,3.95,13.58,-3.74,1.26,197.5,38.88
2019-04-08,2019,4,8,98,-67.5,-26.5,64.11,6.99,17.02,-1.32,1.38,233.56,37.88
2019-04-09,2019,4,9,99,-67.5,-26.5,63.95,6.48,18.5,-4.28,1.95,305.94,32.81
2019-04-10,2019,4,10,100,-67.5,-26.5,63.93,4.61,14.95,-4.52,1.81,202,45
2019-04-11,2019,4,11,101,-67.5,-26.5,63.88,5.4,14.13,-0.54,1.28,194.5,66.69
2019-04-12,2019,4,12,102,-67.5,-26.5,63.76,4.15,13.3,-3.14,2.16,293.31,50.5
2019-04-13,2019,4,13,103,-67.5,-26.5,63.75,2.94,14.86,-6.5,2.34,303.44,36.75
2019-04-14,2019,4,14,104,-67.5,-26.5,63.92,4.18,16.1,-5.23,1.51,297.88,35.19
2019-04-15,2019,4,15,105,-67.5,-26.5,64.13,4.26,14.63,-4.79,1.93,219.19,41.12
2019-04-16,2019,4,16,106,-67.5,-26.5,64.13,6.14,17.15,-3.52,1.96,307.62,53.88
2019-04-17,2019,4,17,107,-67.5,-26.5,63.99,6.12,17.55,-3.38,1.8,293.69,27.94
2019-04-18,2019,4,18,108,-67.5,-26.5,63.92,6.19,18.21,-2.77,2.85,307.19,25.38
2019-04-19,2019,4,19,109,-67.5,-26.5,63.97,5.39,17.4,-4.1,2.8,308.5,26
2019-04-20,2019,4,20,110,-67.5,-26.5,63.98,4.98,16.24,-3.47,2.16,307,29.88
2019-04-21,2019,4,21,111,-67.5,-26.5,63.83,2.96,14.33,-5.31,3.23,314.12,33.81
2019-04-22,2019,4,22,112,-67.5,-26.5,63.72,2.15,12.65,-5.31,4.09,313,38.31
2019-04-23,2019,4,23,113,-67.5,-26.5,63.81,3.47,13.48,-4.31,3.12,313.38,39.19
2019-04-24,2019,4,24,114,-67.5,-26.5,63.8,2.41,11.57,-4.03,4.7,333.44,46.31
2019-04-25,2019,4,25,115,-67.5,-26.5,63.83,1.75,12.07,-4.84,4.68,324.75,44.5
2019-04-26,2019,4,26,116,-67.5,-26.5,63.89,1.95,10.61,-4.01,3.62,308.12,49.94
2019-04-27,2019,4,27,117,-67.5,-26.5,63.97,2.66,11.34,-5.27,1.29,235.25,43.38
2019-04-28,2019,4,28,118,-67.5,-26.5,63.96,5.86,17.22,-2.75,1.59,303.19,32.62
2019-04-29,2019,4,29,119,-67.5,-26.5,63.89,5.21,16.55,-3.12,1.57,272.44,35.5
2019-04-30,2019,4,30,120,-67.5,-26.5,63.81,2.99,12.19,-3.46,2.84,310.19,36.44
2019-05-01,2019,5,1,121,-67.5,-26.5,63.95,3.2,11.87,-3.57,1.07,236.56,33.19
2019-05-02,2019,5,2,122,-67.5,-26.5,63.78,5.08,15.78,-4.01,1.64,240.69,34.25
2019-05-03,2019,5,3,123,-67.5,-26.5,63.78,6,17.79,-2.49,1.81,316.69,36.06
2019-05-04,2019,5,4,124,-67.5,-26.5,63.81,4.51,16.25,-4.06,2.36,304.31,32.69
2019-05-05,2019,5,5,125,-67.5,-26.5,64.02,4.51,15.76,-3.36,2.15,279.12,35.12
2019-05-06,2019,5,6,126,-67.5,-26.5,64.13,6.34,15.78,-0.38,1.45,311.25,35.62
2019-05-07,2019,5,7,127,-67.5,-26.5,63.99,4.95,13.7,-1.6,3.97,308.69,45.06
2019-05-08,2019,5,8,128,-67.5,-26.5,63.88,3.29,12.48,-3.32,4.16,320.25,58.75
2019-05-09,2019,5,9,129,-67.5,-26.5,63.62,2.18,10.37,-2.67,6.24,320.88,55.19
2019-05-10,2019,5,10,130,-67.5,-26.5,63.47,0.8,8.73,-5.26,5.27,323.44,61.06
2019-05-11,2019,5,11,131,-67.5,-26.5,63.61,-2.76,1.81,-5.82,1.44,259.31,62.44
2019-05-12,2019,5,12,132,-67.5,-26.5,63.92,0.01,9.69,-6.88,1.57,236.94,50.25
2019-05-13,2019,5,13,133,-67.5,-26.5,64.21,1.37,9.05,-3.73,1.67,208.31,48.31
2019-05-14,2019,5,14,134,-67.5,-26.5,64.18,1.81,10.6,-4,1.23,249.62,62.5
2019-05-15,2019,5,15,135,-67.5,-26.5,64.09,2.94,11.2,-2.84,1.01,212.5,40.5
2019-05-16,2019,5,16,136,-67.5,-26.5,63.93,3.16,13.75,-3.92,1.92,326.19,31.88
2019-05-17,2019,5,17,137,-67.5,-26.5,63.69,1.85,14.09,-4.71,3.83,315,36.75
2019-05-18,2019,5,18,138,-67.5,-26.5,63.69,1.69,11.28,-4.42,3.56,299.44,37.69
2019-05-19,2019,5,19,139,-67.5,-26.5,63.65,0.85,10.48,-4.64,3.46,317.62,41.88
2019-05-20,2019,5,20,140,-67.5,-26.5,63.47,-1.3,5.68,-6.09,5.31,316.44,51.25
2019-05-21,2019,5,21,141,-67.5,-26.5,63.47,-1.85,6.87,-6.55,5.51,314.19,44.25
2019-05-22,2019,5,22,142,-67.5,-26.5,63.41,-4.19,3.81,-9.42,5.6,308.31,38.31
2019-05-23,2019,5,23,143,-67.5,-26.5,63.74,-4.94,2.58,-11.67,3.11,244.81,34.44
2019-05-24,2019,5,24,144,-67.5,-26.5,63.83,-0.95,8.83,-8.85,1.96,311.94,30.56
2019-05-25,2019,5,25,145,-67.5,-26.5,63.56,-0.1,8.1,-4.3,3.55,320.81,36.5
2019-05-26,2019,5,26,146,-67.5,-26.5,63.5,-0.98,5.83,-5.67,5.39,326.56,45.44
2019-05-27,2019,5,27,147,-67.5,-26.5,63.36,-1.74,2.75,-5.11,6.66,317.81,52.75
2019-05-28,2019,5,28,148,-67.5,-26.5,63.59,-0.7,7.65,-6.14,5.44,311.69,50.19
2019-05-29,2019,5,29,149,-67.5,-26.5,63.59,0.87,9.07,-3.49,6.06,319.56,48.94
2019-05-30,2019,5,30,150,-67.5,-26.5,63.54,-0.38,6.59,-4.33,6.8,311.25,53.06
2019-05-31,2019,5,31,151,-67.5,-26.5,63.56,-0.82,7.78,-5.18,6.11,309.25,44.69
2019-06-01,2019,6,1,152,-67.5,-26.5,63.68,-0.88,7.49,-6.01,3.12,300.5,44
2019-06-02,2019,6,2,153,-67.5,-26.5,63.93,-0.45,8.38,-7.81,1.7,275.19,38.38
2019-06-03,2019,6,3,154,-67.5,-26.5,64.18,2.3,10.23,-4.04,1.28,292.12,27.19
2019-06-04,2019,6,4,155,-67.5,-26.5,64.22,4.09,13.37,-2.37,1.46,325.44,29
2019-06-05,2019,6,5,156,-67.5,-26.5,64.14,5.15,15.91,-1.42,2.02,320.75,27.31
2019-06-06,2019,6,6,157,-67.5,-26.5,63.98,3.19,15.46,-3.22,3.2,319.69,26.62
2019-06-07,2019,6,7,158,-67.5,-26.5,63.89,2.54,13.25,-3.35,2.73,313.25,27.12
2019-06-08,2019,6,8,159,-67.5,-26.5,63.91,2.43,11.21,-2.46,1.63,278.81,23.31
2019-06-09,2019,6,9,160,-67.5,-26.5,63.88,1.1,11.33,-4.28,2.77,313.62,26.75
2019-06-10,2019,6,10,161,-67.5,-26.5,63.9,0.7,10.08,-3.7,3.54,313.44,31.19
2019-06-11,2019,6,11,162,-67.5,-26.5,63.73,0.71,9.24,-4.05,5.4,320.75,34.75
2019-06-12,2019,6,12,163,-67.5,-26.5,63.71,0.94,9.67,-3.33,6.11,327.06,31.12
2019-06-13,2019,6,13,164,-67.5,-26.5,63.73,0.56,8.36,-3.8,6.91,325,32.31
2019-06-14,2019,6,14,165,-67.5,-26.5,63.71,0.19,9.22,-5.1,5.95,326.19,30.19
2019-06-15,2019,6,15,166,-67.5,-26.5,63.47,-0.2,7.23,-3.97,7.29,333.5,46.25
2019-06-16,2019,6,16,167,-67.5,-26.5,63.57,-1.27,6.69,-6.01,6.2,336.25,50.06
2019-06-17,2019,6,17,168,-67.5,-26.5,63.55,-0.2,6.45,-3.54,9.09,326.19,43.69
2019-06-18,2019,6,18,169,-67.5,-26.5,63.83,-0.22,9.11,-5.72,5.66,303.44,28.38
2019-06-19,2019,6,19,170,-67.5,-26.5,64.16,2.62,11.47,-3.74,1.38,244,27.38
2019-06-20,2019,6,20,171,-67.5,-26.5,64.16,3.35,13.96,-2.36,2.51,331,29.38
2019-06-21,2019,6,21,172,-67.5,-26.5,64.27,3.44,13.55,-2.48,2.84,318.81,27.44
2019-06-22,2019,6,22,173,-67.5,-26.5,64.37,4.49,13.69,-2.82,1.57,305.62,25.62
2019-06-23,2019,6,23,174,-67.5,-26.5,64.22,5.2,14.26,-1.27,1.58,286.88,25.31
2019-06-24,2019,6,24,175,-67.5,-26.5,63.69,2.8,12.23,-2.85,4.2,311.44,38.38
2019-06-25,2019,6,25,176,-67.5,-26.5,63.35,-2.35,3.23,-6.77,4.96,307.62,55.12
2019-06-26,2019,6,26,177,-67.5,-26.5,63.44,-1.85,8,-7.64,4.21,306.12,43.81
2019-06-27,2019,6,27,178,-67.5,-26.5,63.37,-0.16,9.8,-5.68,4.78,317.44,33.94
2019-06-28,2019,6,28,179,-67.5,-26.5,63.36,0.23,7.68,-3.99,8.1,316.5,40.69
2019-06-29,2019,6,29,180,-67.5,-26.5,63.47,-0.6,5.98,-3.99,7.84,321,42.94
2019-06-30,2019,6,30,181,-67.5,-26.5,63.67,0.07,7.78,-3.91,6.5,319.5,48.88
2019-07-01,2019,7,1,182,-67.5,-26.5,63.75,0.81,9.35,-3.67,5.3,314.12,43
2019-07-02,2019,7,2,183,-67.5,-26.5,63.53,-0.16,6.16,-4.52,6.16,301.38,42.94
2019-07-03,2019,7,3,184,-67.5,-26.5,63.51,-0,11.37,-6.38,3.16,294,50.69
2019-07-04,2019,7,4,185,-67.5,-26.5,63.66,0.33,11.1,-6.14,2.91,281.19,35.94
2019-07-05,2019,7,5,186,-67.5,-26.5,63.98,2.7,12.62,-4.46,1.77,269.88,25.5
2019-07-06,2019,7,6,187,-67.5,-26.5,64.08,4.12,12.78,-1.46,1.08,260.12,22.25
2019-07-07,2019,7,7,188,-67.5,-26.5,64.04,2.85,12.15,-2.47,3.16,317.44,28.5
2019-07-08,2019,7,8,189,-67.5,-26.5,64.05,2.91,12.74,-2.42,3.52,318.25,32.88
2019-07-09,2019,7,9,190,-67.5,-26.5,64.05,2.32,12.22,-2.92,3.59,322.56,37.12
2019-07-10,2019,7,10,191,-67.5,-26.5,63.96,1.96,12.01,-3.27,3.72,312.94,36.38
2019-07-11,2019,7,11,192,-67.5,-26.5,63.7,1.38,9.79,-3.63,6.03,311.25,35.81
2019-07-12,2019,7,12,193,-67.5,-26.5,63.68,0.87,9.4,-3.94,5.28,312.5,36.88
2019-07-13,2019,7,13,194,-67.5,-26.5,63.69,0.35,9.42,-4.06,4.95,315.62,38.69
2019-07-14,2019,7,14,195,-67.5,-26.5,63.74,0.02,8.1,-4.49,3.41,302.69,36.56
2019-07-15,2019,7,15,196,-67.5,-26.5,63.85,0.15,8.22,-5.6,1.3,295.94,31.5
2019-07-16,2019,7,16,197,-67.5,-26.5,63.83,0.88,9.51,-5.49,2.97,299.25,25.06
2019-07-17,2019,7,17,198,-67.5,-26.5,63.98,0.73,9.98,-5.45,1.95,300.25,23.69
2019-07-18,2019,7,18,199,-67.5,-26.5,63.98,1.06,9.69,-4.67,1.41,280.81,24.38
2019-07-19,2019,7,19,200,-67.5,-26.5,63.92,2.07,11.31,-5.02,1.66,301.81,21.56
2019-07-20,2019,7,20,201,-67.5,-26.5,63.72,0.75,11.41,-5.39,3.08,305.38,23.12
2019-07-21,2019,7,21,202,-67.5,-26.5,63.44,0.46,8.66,-4.32,6.31,303.38,21.75
2019-07-22,2019,7,22,203,-67.5,-26.5,63.42,-0.41,6.61,-4.87,5.69,321.12,32.56
2019-07-23,2019,7,23,204,-67.5,-26.5,63.24,-1.83,4.3,-5.79,6.76,331.31,43.12
2019-07-24,2019,7,24,205,-67.5,-26.5,63.31,-3.7,2.08,-7.15,2.58,244.81,53.88
2019-07-25,2019,7,25,206,-67.5,-26.5,63.47,-4.63,0.26,-8.64,1.98,221.75,47.94
2019-07-26,2019,7,26,207,-67.5,-26.5,63.88,-1.69,8.9,-11.04,1.97,300.88,34.81
2019-07-27,2019,7,27,208,-67.5,-26.5,63.91,0.98,11.12,-5.42,2.72,318.31,26.19
2019-07-28,2019,7,28,209,-67.5,-26.5,63.82,-0.85,7.78,-5.78,3.57,309.06,22.88
2019-07-29,2019,7,29,210,-67.5,-26.5,63.9,0.16,9.56,-7.2,2.51,276.25,23.62
2019-07-30,2019,7,30,211,-67.5,-26.5,64.12,3.12,12.13,-3.21,1.21,279.69,24.44
2019-07-31,2019,7,31,212,-67.5,-26.5,63.94,2.44,13.38,-3.67,2.59,296.44,24.88
2019-08-01,2019,8,1,213,-67.5,-26.5,63.68,0.26,8.83,-5.38,5.35,302.81,28.06
2019-08-02,2019,8,2,214,-67.5,-26.5,63.92,-5.04,0.15,-9.27,2.91,203.12,39.81
2019-08-03,2019,8,3,215,-67.5,-26.5,64.14,-0.65,9.22,-9.82,1.4,247.44,21.75
2019-08-04,2019,8,4,216,-67.5,-26.5,64.09,3.31,12.14,-3.24,1.06,256.75,18.56
2019-08-05,2019,8,5,217,-67.5,-26.5,64.06,5.03,14.94,-1.36,1.27,281.06,16.88
2019-08-06,2019,8,6,218,-67.5,-26.5,63.99,3.72,15.51,-3.04,2.76,312.94,16.31
2019-08-07,2019,8,7,219,-67.5,-26.5,63.85,2.39,13.57,-3.6,3.94,320,19.12
2019-08-08,2019,8,8,220,-67.5,-26.5,63.5,1.94,10.9,-3.45,7.2,315.06,27.56
2019-08-09,2019,8,9,221,-67.5,-26.5,63.45,-1.37,5.86,-5.42,5.69,284.19,23
2019-08-10,2019,8,10,222,-67.5,-26.5,63.76,0.07,10.99,-5.84,3.15,310.19,21.38
2019-08-11,2019,8,11,223,-67.5,-26.5,63.72,-0.31,8.48,-4.81,4.52,309.25,22.56
2019-08-12,2019,8,12,224,-67.5,-26.5,63.97,0.23,9.1,-6.37,2.65,285.12,21.94
2019-08-13,2019,8,13,225,-67.5,-26.5,64.06,2.41,12.61,-4.47,1.27,274.62,19.31
2019-08-14,2019,8,14,226,-67.5,-26.5,64.05,3.73,14.03,-1.3,2.12,315.5,17.44
2019-08-15,2019,8,15,227,-67.5,-26.5,64.03,4.59,15.37,-2.64,2.55,303.81,24.62
2019-08-16,2019,8,16,228,-67.5,-26.5,63.92,3.03,14.24,-3.6,4.48,319.38,29.25
2019-08-17,2019,8,17,229,-67.5,-26.5,63.84,2,12.83,-4.36,4.59,315.31,28.56
2019-08-18,2019,8,18,230,-67.5,-26.5,63.81,1.43,11.12,-4.24,4.21,301.81,24.69
2019-08-19,2019,8,19,231,-67.5,-26.5,63.85,1.65,12.19,-5.1,3.77,293.88,28.06
2019-08-20,2019,8,20,232,-67.5,-26.5,64.01,3.36,14.44,-4.98,1.7,279.12,24.38
2019-08-21,2019,8,21,233,-67.5,-26.5,64.05,4.15,15.68,-3.41,2.5,295.19,18.38
2019-08-22,2019,8,22,234,-67.5,-26.5,64.26,2.13,10.6,-3.95,2.44,226.44,26.81
2019-08-23,2019,8,23,235,-67.5,-26.5,64.11,4.52,15.23,-4.28,1.31,239.25,28.12
2019-08-24,2019,8,24,236,-67.5,-26.5,63.95,4.66,14.26,-1.77,1.73,259.5,24.25
2019-08-25,2019,8,25,237,-67.5,-26.5,63.91,2.59,12.26,-5,2.77,281.81,27.75
2019-08-26,2019,8,26,238,-67.5,-26.5,64.08,3.47,13.96,-4.4,1.29,262.88,30.12
2019-08-27,2019,8,27,239,-67.5,-26.5,64.13,5.44,15.4,-2.45,1,233.12,36.31
2019-08-28,2019,8,28,240,-67.5,-26.5,64.05,6.53,17.71,-2.74,1.73,255.94,24
2019-08-29,2019,8,29,241,-67.5,-26.5,63.99,6.01,17.36,-1.82,2.09,284.25,18.06
2019-08-30,2019,8,30,242,-67.5,-26.5,63.8,2.13,13.17,-5.16,4.28,299.56,18.06
2019-08-31,2019,8,31,243,-67.5,-26.5,63.68,1.58,12.66,-5.52,3.47,290.81,22.81
2019-09-01,2019,9,1,244,-67.5,-26.5,63.58,1.99,12.8,-4.6,2.71,290.25,24.12
2019-09-02,2019,9,2,245,-67.5,-26.5,63.56,1.73,12.48,-5.32,4.47,297.38,24.81
2019-09-03,2019,9,3,246,-67.5,-26.5,63.59,1.27,11.87,-5.51,4.8,305.94,23.12
2019-09-04,2019,9,4,247,-67.5,-26.5,63.76,1.61,12.83,-5.78,4.41,312,24.5
2019-09-05,2019,9,5,248,-67.5,-26.5,63.76,2.37,12.63,-4.51,5.57,319.5,29.88
2019-09-06,2019,9,6,249,-67.5,-26.5,63.53,2.8,11.32,-3.24,8.61,324.19,37
2019-09-07,2019,9,7,250,-67.5,-26.5,63.51,1.87,10.55,-3.99,7.8,327.94,44.94
2019-09-08,2019,9,8,251,-67.5,-26.5,63.42,1.61,9.08,-3.99,8.13,325.25,48.44
2019-09-09,2019,9,9,252,-67.5,-26.5,63.27,0.08,9.4,-7.36,9.37,318.12,29.12
2019-09-10,2019,9,10,253,-67.5,-26.5,63.28,0.73,9.56,-5.13,8.36,324.31,28.56
2019-09-11,2019,9,11,254,-67.5,-26.5,63.43,-0.63,8.42,-6.17,6.42,310.88,31.12
2019-09-12,2019,9,12,255,-67.5,-26.5,63.7,1.63,12.94,-6.73,2.52,305.5,22.88
2019-09-13,2019,9,13,256,-67.5,-26.5,63.71,2.75,13.39,-4.65,4.61,319.56,24.38
2019-09-14,2019,9,14,257,-67.5,-26.5,63.72,3.74,14.83,-3.82,6.02,310.12,30
2019-09-15,2019,9,15,258,-67.5,-26.5,63.78,3.69,14.8,-3.98,6.12,318.19,23.69
2019-09-16,2019,9,16,259,-67.5,-26.5,63.8,4.17,16.23,-4.45,5.88,314.81,25.38
2019-09-17,2019,9,17,260,-67.5,-26.5,63.55,3.15,14.48,-4.87,6.94,314.62,21
2019-09-18,2019,9,18,261,-67.5,-26.5,63.45,3.4,16.44,-5.04,3.53,283.81,14.31
2019-09-19,2019,9,19,262,-67.5,-26.5,63.39,2.32,13,-5.27,6.36,302.06,15.38
2019-09-20,2019,9,20,263,-67.5,-26.5,63.63,2.83,13.96,-5.6,5.59,302.94,18.88
2019-09-21,2019,9,21,264,-67.5,-26.5,63.94,5.61,17.44,-3.97,3.34,293.56,17.81
2019-09-22,2019,9,22,265,-67.5,-26.5,64.12,7.44,19.12,-2.49,2.67,295.62,19.12
2019-09-23,2019,9,23,266,-67.5,-26.5,64.1,8.66,19.87,-1.09,3.37,293.56,26.12
2019-09-24,2019,9,24,267,-67.5,-26.5,64.11,7.3,18.75,-1.25,2.77,262.44,41.5
2019-09-25,2019,9,25,268,-67.5,-26.5,64.25,4.03,13.74,-3.45,2.1,183.62,53.88
2019-09-26,2019,9,26,269,-67.5,-26.5,64.15,6.7,18.8,-3.7,1.43,218,41.69
2019-09-27,2019,9,27,270,-67.5,-26.5,63.98,8.52,20.46,-2.66,3.65,292.31,22.56
2019-09-28,2019,9,28,271,-67.5,-26.5,64.02,8.19,19.87,-2.31,1.33,222.81,21.56
2019-09-29,2019,9,29,272,-67.5,-26.5,63.84,9.01,21.42,-1.43,2.87,299,21.06
2019-09-30,2019,9,30,273,-67.5,-26.5,63.64,6.87,19.29,-3.49,4.54,317.44,20.75
2019-10-01,2019,10,1,274,-67.5,-26.5,63.42,4.91,15.58,-3.56,6.04,321.62,31.25
2019-10-02,2019,10,2,275,-67.5,-26.5,63.46,3.26,13.45,-5.3,5.58,312.12,27.12
2019-10-03,2019,10,3,276,-67.5,-26.5,63.55,2.35,12.05,-4.96,6,317,33.31
2019-10-04,2019,10,4,277,-67.5,-26.5,63.6,1.49,10.86,-5.57,4.98,318.5,41.44
2019-10-05,2019,10,5,278,-67.5,-26.5,63.64,0.82,9.69,-5.88,3.25,267.06,39.81
2019-10-06,2019,10,6,279,-67.5,-26.5,63.81,2.63,11.86,-5.02,1.91,202.19,34.5
2019-10-07,2019,10,7,280,-67.5,-26.5,63.92,5.37,14.64,-1.88,1.56,198.38,27.31
2019-10-08,2019,10,8,281,-67.5,-26.5,64.02,5.94,15.42,-1.86,1.47,197.5,36.56
2019-10-09,2019,10,9,282,-67.5,-26.5,63.97,7.87,19.96,-3.06,1.89,263.19,45.25
2019-10-10,2019,10,10,283,-67.5,-26.5,63.85,9.87,21.48,-0.62,2.8,259,34.69
2019-10-11,2019,10,11,284,-67.5,-26.5,63.8,10.5,21.37,0.69,2.52,292.25,32.19
2019-10-12,2019,10,12,285,-67.5,-26.5,63.69,10.33,21.67,-0.59,3.16,280.12,31.94
2019-10-13,2019,10,13,286,-67.5,-26.5,63.69,9.56,19.52,2.44,2.55,259.06,46.69
2019-10-14,2019,10,14,287,-67.5,-26.5,63.68,5.81,15.58,-2,5.83,327.75,34.88
2019-10-15,2019,10,15,288,-67.5,-26.5,63.75,4.63,15.43,-4.88,5.67,320.69,34.69
2019-10-16,2019,10,16,289,-67.5,-26.5,63.74,4.99,15.66,-4.06,5.99,319.94,29.56
2019-10-17,2019,10,17,290,-67.5,-26.5,63.7,4.51,15.31,-4.95,5.45,311.88,25.69
2019-10-18,2019,10,18,291,-67.5,-26.5,63.74,6,17.83,-4.52,4.09,312.38,23.06
2019-10-19,2019,10,19,292,-67.5,-26.5,63.71,6.26,17.11,-3.28,4.98,301.31,27.81
2019-10-20,2019,10,20,293,-67.5,-26.5,63.62,4.81,14.73,-2.88,6.88,297.12,30.25
2019-10-21,2019,10,21,294,-67.5,-26.5,63.8,5.26,16.39,-5.19,2.08,241.25,29.06
2019-10-22,2019,10,22,295,-67.5,-26.5,63.73,6.22,16.99,-4.22,3.83,274,25.81
2019-10-23,2019,10,23,296,-67.5,-26.5,63.71,6.1,17.6,-5.06,3.34,280.25,24.31
2019-10-24,2019,10,24,297,-67.5,-26.5,63.79,6.72,18.36,-4.31,4.08,293.31,16.06
2019-10-25,2019,10,25,298,-67.5,-26.5,63.89,7.78,20.14,-2.21,2.07,276.62,16.69
2019-10-26,2019,10,26,299,-67.5,-26.5,63.81,7.76,19.98,-3.06,5.37,293.94,12.81
2019-10-27,2019,10,27,300,-67.5,-26.5,63.84,8.74,21.15,-3.45,4.17,289.81,10.69
2019-10-28,2019,10,28,301,-67.5,-26.5,63.87,9.04,21.4,-2.63,4.43,307.5,11.12
2019-10-29,2019,10,29,302,-67.5,-26.5,63.8,9.44,22.18,-3.15,4.41,298.75,11.62
2019-10-30,2019,10,30,303,-67.5,-26.5,63.87,8.76,19.63,-2.54,2.98,277.5,19.38
2019-10-31,2019,10,31,304,-67.5,-26.5,63.94,11.17,20.82,1.95,2.62,264.62,33.06
2019-11-01,2019,11,1,305,-67.5,-26.5,63.92,12.18,22.89,1.69,3.5,287.88,27.94
2019-11-02,2019,11,2,306,-67.5,-26.5,63.89,11.3,22.16,4.02,1.82,204.06,54.88
2019-11-03,2019,11,3,307,-67.5,-26.5,63.61,9.98,19.6,2.58,4.42,291.75,47
2019-11-04,2019,11,4,308,-67.5,-26.5,63.56,8.47,19,-1.24,4.04,268.06,35.06
2019-11-05,2019,11,5,309,-67.5,-26.5,63.73,8.81,20.02,-1.97,2.78,295.19,33.44
2019-11-06,2019,11,6,310,-67.5,-26.5,63.82,8.59,19.76,-3.02,3.69,259.38,33.25
2019-11-07,2019,11,7,311,-67.5,-26.5,63.88,9.96,20.58,0.5,2.31,205.56,49.06
2019-11-08,2019,11,8,312,-67.5,-26.5,63.77,11.31,21.51,1.15,2.09,254.5,48.06
2019-11-09,2019,11,9,313,-67.5,-26.5,63.94,10.73,19.2,3.8,2.8,157.62,55.44
2019-11-10,2019,11,10,314,-67.5,-26.5,64.01,10.09,17.75,4.26,2.33,136.06,59.25
2019-11-11,2019,11,11,315,-67.5,-26.5,63.89,10.7,20.05,2.07,2.04,260.75,48.12
2019-11-12,2019,11,12,316,-67.5,-26.5,63.79,11.05,19.48,4.2,1.62,264.75,44.69
2019-11-13,2019,11,13,317,-67.5,-26.5,63.84,8.73,17.67,-0,1.86,234.88,46
2019-11-14,2019,11,14,318,-67.5,-26.5,64.02,9.19,17.59,1.61,3.01,149.44,52.19
2019-11-15,2019,11,15,319,-67.5,-26.5,63.99,10.87,20.3,2.3,2.26,200.25,54
2019-11-16,2019,11,16,320,-67.5,-26.5,63.9,11.05,19.95,4.11,2.19,160.56,57.69
2019-11-17,2019,11,17,321,-67.5,-26.5,63.87,11.95,20.3,4.08,2.95,188.12,51.88
2019-11-18,2019,11,18,322,-67.5,-26.5,64.05,11.21,19.19,3.43,2.87,139.12,52.5
2019-11-19,2019,11,19,323,-67.5,-26.5,64.09,9.31,18.8,2.58,1.78,198.38,54.62
2019-11-20,2019,11,20,324,-67.5,-26.5,64.02,11.24,20.8,1.26,2.06,226.31,47
2019-11-21,2019,11,21,325,-67.5,-26.5,64.01,10.86,19.01,2.62,2.18,193.31,42.25
2019-11-22,2019,11,22,326,-67.5,-26.5,64.01,10.63,18.75,3.4,2,143.75,57
2019-11-23,2019,11,23,327,-67.5,-26.5,63.91,12.37,21.76,4.76,1.79,165.38,54.88
2019-11-24,2019,11,24,328,-67.5,-26.5,63.7,11.87,22.38,2.3,3.59,292.31,34.12
2019-11-25,2019,11,25,329,-67.5,-26.5,63.6,9.63,20.58,-0.82,4.1,298.62,29.81
2019-11-26,2019,11,26,330,-67.5,-26.5,63.62,7.73,18.05,-2.82,4.17,287.06,30.44
2019-11-27,2019,11,27,331,-67.5,-26.5,63.76,8.37,19.3,-3.99,2.25,238.19,31.25
2019-11-28,2019,11,28,332,-67.5,-26.5,63.78,10.11,21.44,-2.56,2.7,270.88,24.81
2019-11-29,2019,11,29,333,-67.5,-26.5,63.77,9.37,20.24,-3.13,2.95,267.5,26
2019-11-30,2019,11,30,334,-67.5,-26.5,63.83,11.23,20.91,2.73,1.42,234.94,45.75
2019-12-01,2019,12,1,335,-67.5,-26.5,64.01,11.16,20.68,5.01,1.74,205.38,50.38
2019-12-02,2019,12,2,336,-67.5,-26.5,63.83,10.09,19.98,1.56,1.7,268.62,42.12
2019-12-03,2019,12,3,337,-67.5,-26.5,63.59,8.87,20.3,-1.49,2.97,286.06,28.94
2019-12-04,2019,12,4,338,-67.5,-26.5,63.68,7.8,18.21,-2.09,3.44,286.38,32.56
2019-12-05,2019,12,5,339,-67.5,-26.5,63.85,8.16,18.08,-1.75,2.03,249.06,37
2019-12-06,2019,12,6,340,-67.5,-26.5,63.83,8.73,19.58,-2.92,1.75,249.69,30.75
2019-12-07,2019,12,7,341,-67.5,-26.5,63.72,8.69,19.33,-1.64,3.24,287.56,30.44
2019-12-08,2019,12,8,342,-67.5,-26.5,63.73,6.96,16.9,-3.82,2.24,229.81,39.12
2019-12-09,2019,12,9,343,-67.5,-26.5,63.81,9.02,19.58,1.32,1.74,197.69,48.75
2019-12-10,2019,12,10,344,-67.5,-26.5,63.89,9.26,18.12,1.27,2.55,175.69,49.75
2019-12-11,2019,12,11,345,-67.5,-26.5,63.8,12.19,22.06,2.21,2.05,213.25,50.5
2019-12-12,2019,12,12,346,-67.5,-26.5,63.94,11.05,20.11,4.24,1.62,125.06,62.38
2019-12-13,2019,12,13,347,-67.5,-26.5,63.82,13.08,23,3.18,2.66,209.75,46.62
2019-12-14,2019,12,14,348,-67.5,-26.5,63.82,12.73,23.62,4.15,2.81,259.38,35
2019-12-15,2019,12,15,349,-67.5,-26.5,63.74,11.13,21.66,0.69,2.02,242.62,31.12
2019-12-16,2019,12,16,350,-67.5,-26.5,63.61,10.21,20.27,0.7,3.31,247.62,39.31
2019-12-17,2019,12,17,351,-67.5,-26.5,63.71,9.93,19.42,1.96,2.82,128,53.81
2019-12-18,2019,12,18,352,-67.5,-26.5,63.74,11.83,20.94,3.37,2.29,193.5,51.31
2019-12-19,2019,12,19,353,-67.5,-26.5,63.82,12.87,22.44,5.08,1.67,187.19,47.69
2019-12-20,2019,12,20,354,-67.5,-26.5,63.83,11.15,22.06,-0.14,2.67,211.12,36.88
2019-12-21,2019,12,21,355,-67.5,-26.5,63.8,11.48,21.44,3.27,2.39,203.75,50.25
2019-12-22,2019,12,22,356,-67.5,-26.5,63.91,10.91,19.81,3.4,3.15,156.75,50.56
2019-12-23,2019,12,23,357,-67.5,-26.5,64.03,12.54,22.01,3.09,2.56,136.25,46.5
2019-12-24,2019,12,24,358,-67.5,-26.5,63.86,14.05,23.98,4.97,1.34,200.12,39.19
2019-12-25,2019,12,25,359,-67.5,-26.5,63.87,13.22,22.08,6.99,1.74,149.81,44
2019-12-26,2019,12,26,360,-67.5,-26.5,63.92,13.88,24.34,3.37,2.73,228,46.31
2019-12-27,2019,12,27,361,-67.5,-26.5,64.08,9.77,16.08,5.19,1.44,165.62,71.12
2019-12-28,2019,12,28,362,-67.5,-26.5,63.97,12.05,21.36,5.08,2.22,192.94,55.94
2019-12-29,2019,12,29,363,-67.5,-26.5,63.96,10.27,18.23,3.41,2.41,206.38,58.5
2019-12-30,2019,12,30,364,-67.5,-26.5,64,10.13,16.93,4.6,3.7,163,61.5
2019-12-31,2019,12,31,365,-67.5,-26.5,64.01,11.01,18.87,2.88,2.98,130.81,56.12
2020-01-01,2020,1,1,1,-67.5,-26.5,64.03,10.42,17.27,5.7,3.29,144.88,64.38
2020-01-02,2020,1,2,2,-67.5,-26.5,64.06,10.88,18.3,5.08,3.02,139.44,63.25
2020-01-03,2020,1,3,3,-67.5,-26.5,64.16,11.12,18.93,5.49,3.66,147.88,60.88
2020-01-04,2020,1,4,4,-67.5,-26.5,64.03,10.37,18.55,3.48,3.32,163.25,58.31
2020-01-05,2020,1,5,5,-67.5,-26.5,63.65,11.03,20.27,2.87,2.15,260.31,51.12
2020-01-06,2020,1,6,6,-67.5,-26.5,63.61,9.73,20.12,0.31,2.85,263.19,38
2020-01-07,2020,1,7,7,-67.5,-26.5,63.66,10.33,20.87,-0.53,2.33,290.12,37.31
2020-01-08,2020,1,8,8,-67.5,-26.5,63.73,10.26,20.96,-1.02,3.7,290.94,35.31
2020-01-09,2020,1,9,9,-67.5,-26.5,63.8,12.12,22.71,1.12,2.05,288.19,35.25
2020-01-10,2020,1,10,10,-67.5,-26.5,63.92,12.58,22.29,3.66,1.51,202.62,39
2020-01-11,2020,1,11,11,-67.5,-26.5,63.97,11.62,19.26,5.19,1.57,160.38,54.12
2020-01-12,2020,1,12,12,-67.5,-26.5,64.01,12.62,20.81,5.37,1.64,109.31,56.38
2020-01-13,2020,1,13,13,-67.5,-26.5,63.93,12.95,20.05,6.78,1.91,172.19,63.69
2020-01-14,2020,1,14,14,-67.5,-26.5,63.78,14.46,22.93,6.98,2.4,166.69,60.06
2020-01-15,2020,1,15,15,-67.5,-26.5,63.89,12.17,20.28,5.69,2.75,138.44,66.19
2020-01-16,2020,1,16,16,-67.5,-26.5,64.17,9.36,15.7,4.65,2.64,128.62,74.31
2020-01-17,2020,1,17,17,-67.5,-26.5,64.17,8.35,15.55,5.35,1.48,226,75.5
2020-01-18,2020,1,18,18,-67.5,-26.5,64.12,11.44,21.07,4.01,1.99,213.12,65
2020-01-19,2020,1,19,19,-67.5,-26.5,64.16,11.24,18.42,4.41,1.88,188.38,65.12
2020-01-20,2020,1,20,20,-67.5,-26.5,64.14,9.52,13.87,5.89,2.45,171.88,79.94
2020-01-21,2020,1,21,21,-67.5,-26.5,64.1,10.87,17.47,5.65,3.21,145.12,71.38
2020-01-22,2020,1,22,22,-67.5,-26.5,64.1,10.75,17.79,4.72,3.21,131.75,67.06
2020-01-23,2020,1,23,23,-67.5,-26.5,64.13,10.98,18.22,4.95,2.91,160.12,61.62
2020-01-24,2020,1,24,24,-67.5,-26.5,64.14,11.45,20.06,2.88,3.02,162.12,58.5
2020-01-25,2020,1,25,25,-67.5,-26.5,64.12,11.31,18.02,5.31,2.1,178,68.62
2020-01-26,2020,1,26,26,-67.5,-26.5,64.07,11.07,18.9,4.53,2.41,163.19,66.19
2020-01-27,2020,1,27,27,-67.5,-26.5,64.08,7.48,15.59,1.35,2.18,164.62,66.38
2020-01-28,2020,1,28,28,-67.5,-26.5,63.82,8.2,15.48,1.26,2.05,242.25,56.81
2020-01-29,2020,1,29,29,-67.5,-26.5,63.77,7.58,16.49,-2.84,1.35,260.69,45.5
2020-01-30,2020,1,30,30,-67.5,-26.5,63.9,7.51,16.33,1.37,1.77,190.69,59.5
2020-01-31,2020,1,31,31,-67.5,-26.5,63.98,7.83,15.89,0.63,1.86,183.88,56.88
2020-02-01,2020,2,1,32,-67.5,-26.5,63.94,9.55,19.62,0.58,1.39,231.88,49.19
2020-02-02,2020,2,2,33,-67.5,-26.5,64.08,10.07,17.96,3.23,2.2,176.19,53.19
2020-02-03,2020,2,3,34,-67.5,-26.5,63.99,11.57,20.55,3.89,1.23,188.75,53.88
2020-02-04,2020,2,4,35,-67.5,-26.5,63.81,11.26,21.32,-0.2,2.09,265.44,39.06
2020-02-05,2020,2,5,36,-67.5,-26.5,63.74,11.51,22.68,0.83,2.58,309.69,37.75
2020-02-06,2020,2,6,37,-67.5,-26.5,63.92,10.61,21.26,-1.24,3.31,292.69,41.44
2020-02-07,2020,2,7,38,-67.5,-26.5,64.07,12.1,20.53,5.43,2,181.5,61.88
2020-02-08,2020,2,8,39,-67.5,-26.5,64.07,10.23,16.42,5.24,2.69,150.25,77.44
2020-02-09,2020,2,9,40,-67.5,-26.5,64.06,11.23,18.51,4.62,2.12,173.88,71.94
2020-02-10,2020,2,10,41,-67.5,-26.5,64.06,11.62,19.5,6.01,2.07,147.56,70.38
2020-02-11,2020,2,11,42,-67.5,-26.5,64.03,12.3,21.42,5.48,2.31,204.25,62.38
2020-02-12,2020,2,12,43,-67.5,-26.5,63.92,12.99,22.48,4.47,2.09,200.81,63.25
2020-02-13,2020,2,13,44,-67.5,-26.5,63.85,13.48,22.26,5.77,2.08,183,59.56
2020-02-14,2020,2,14,45,-67.5,-26.5,63.97,12.33,19.15,7.08,1.61,140.12,70.19
2020-02-15,2020,2,15,46,-67.5,-26.5,63.91,13.03,19.56,8.1,1.5,152.31,68.19
2020-02-16,2020,2,16,47,-67.5,-26.5,63.78,13.54,21.53,6.69,1.51,191.44,61
2020-02-17,2020,2,17,48,-67.5,-26.5,63.78,13.89,22.05,7.33,1.72,226.81,58.31
2020-02-18,2020,2,18,49,-67.5,-26.5,63.96,12.88,20.94,7.25,1.85,164.62,68.75
2020-02-19,2020,2,19,50,-67.5,-26.5,63.98,12.8,21.94,5.67,2.56,219.62,58.75
2020-02-20,2020,2,20,51,-67.5,-26.5,64.12,10.73,17.76,4.76,1.74,132.94,70.56
2020-02-21,2020,2,21,52,-67.5,-26.5,64.13,10.82,18.66,5.92,2.99,145.06,69.94
2020-02-22,2020,2,22,53,-67.5,-26.5,64.05,10.76,20.61,3.62,2.27,174.12,62.12
2020-02-23,2020,2,23,54,-67.5,-26.5,63.9,11.08,21.01,3.23,2.08,213.44,50
2020-02-24,2020,2,24,55,-67.5,-26.5,63.78,10.91,21.63,1.64,2.05,281.06,38.5
2020-02-25,2020,2,25,56,-67.5,-26.5,63.83,9.28,20.05,0.69,2.33,259.19,43.69
2020-02-26,2020,2,26,57,-67.5,-26.5,64.06,9.21,17.51,2.94,2.05,152.81,64.44
2020-02-27,2020,2,27,58,-67.5,-26.5,64.02,9.58,17.45,3.32,1.65,167.88,65.62
2020-02-28,2020,2,28,59,-67.5,-26.5,64.09,9.69,17.72,4.55,2.38,155.44,67.69
2020-02-29,2020,2,29,60,-67.5,-26.5,64.28,8.27,14.69,3.43,3.6,134.88,68.69
2020-03-01,2020,3,1,61,-67.5,-26.5,64.17,9.47,17.93,3.58,2.26,178,65.5
2020-03-02,2020,3,2,62,-67.5,-26.5,64.14,8.94,16.29,2.99,2.83,150,64.94
2020-03-03,2020,3,3,63,-67.5,-26.5,64.17,8.88,17.2,1.27,2.61,165.5,58.38
2020-03-04,2020,3,4,64,-67.5,-26.5,64.24,8.57,17.05,0.69,2.65,164.06,60.94
2020-03-05,2020,3,5,65,-67.5,-26.5,64.26,9.54,17.99,2.54,2.33,158.19,60.31
2020-03-06,2020,3,6,66,-67.5,-26.5,64.19,10.25,19.35,2.32,2,175.69,61.12
2020-03-07,2020,3,7,67,-67.5,-26.5,64.07,11.15,19.65,4.08,2.13,176.44,62.94
2020-03-08,2020,3,8,68,-67.5,-26.5,64.1,11.49,20.51,4.4,1.43,137.94,60.56
2020-03-09,2020,3,9,69,-67.5,-26.5,64.26,9.66,18.88,3.41,1.56,139.19,64.88
2020-03-10,2020,3,10,70,-67.5,-26.5,64.21,8.47,16.13,2.53,1.32,164.56,65.38
2020-03-11,2020,3,11,71,-67.5,-26.5,63.95,10.11,18.26,3.44,1.66,198.5,56.19
2020-03-12,2020,3,12,72,-67.5,-26.5,63.98,10.38,17.69,4.94,1.36,107.94,67.12
2020-03-13,2020,3,13,73,-67.5,-26.5,64.09,11.12,18.76,4.03,1.55,208.56,64.25
2020-03-14,2020,3,14,74,-67.5,-26.5,64.16,10.85,17.3,5.39,1.67,162.56,70.62
2020-03-15,2020,3,15,75,-67.5,-26.5,64.04,10.96,19.54,5.38,1.9,191.44,66.06
2020-03-16,2020,3,16,76,-67.5,-26.5,63.89,10.62,19.97,3.15,1.81,268.56,54.69
2020-03-17,2020,3,17,77,-67.5,-26.5,63.87,9.25,20.01,-0.81,2.04,250.31,44.88
2020-03-18,2020,3,18,78,-67.5,-26.5,63.99,10.01,20.79,2.21,2.05,248.81,59.81
2020-03-19,2020,3,19,79,-67.5,-26.5,64,9.13,19.11,1.23,2.15,223.62,56.75
2020-03-20,2020,3,20,80,-67.5,-26.5,63.84,8.58,18.6,0.64,1.83,242.06,54.44
2020-03-21,2020,3,21,81,-67.5,-26.5,63.82,7.55,17.6,-3.1,1.29,292.5,35.06
2020-03-22,2020,3,22,82,-67.5,-26.5,63.99,8.36,18.41,-2.39,1.49,205.19,42.69
2020-03-23,2020,3,23,83,-67.5,-26.5,64.09,10.94,21.81,0.98,2.14,274.94,51.62
2020-03-24,2020,3,24,84,-67.5,-26.5,64.01,12.06,21.99,3.49,1.48,282.69,52.56
2020-03-25,2020,3,25,85,-67.5,-26.5,63.8,8.97,19.27,1.19,2.48,272.5,44.31
2020-03-26,2020,3,26,86,-67.5,-26.5,63.7,6.18,16.52,-1.28,2.19,193.94,56.81
2020-03-27,2020,3,27,87,-67.5,-26.5,63.67,6.04,16.05,-4.57,1.41,233.56,44.88
2020-03-28,2020,3,28,88,-67.5,-26.5,63.76,7.76,18.7,-3,1.4,272.5,43.5
2020-03-29,2020,3,29,89,-67.5,-26.5,64.06,9.01,19.31,-0.43,1.66,182.94,50.5
2020-03-30,2020,3,30,90,-67.5,-26.5,64.11,11.03,20.39,3.18,1.66,251.94,68.31
2020-03-31,2020,3,31,91,-67.5,-26.5,64.06,12.12,20.51,6.7,1.45,212.38,67.44
2020-04-01,2020,4,1,92,-67.5,-26.5,64.11,11.23,20.22,3.21,2.02,227,62.5
2020-04-02,2020,4,2,93,-67.5,-26.5,64.25,9.55,17.8,4.4,1.95,171.31,75.06
2020-04-03,2020,4,3,94,-67.5,-26.5,63.97,9.4,20.14,0.05,1.87,239.5,57.38
2020-04-04,2020,4,4,95,-67.5,-26.5,63.77,9.3,19.82,-0,1.67,261.12,43.31
2020-04-05,2020,4,5,96,-67.5,-26.5,63.89,7.97,16.97,0.49,3.56,290.44,41.5
2020-04-06,2020,4,6,97,-67.5,-26.5,64.18,6.73,15.54,-1.24,1.68,258.44,49.75
2020-04-07,2020,4,7,98,-67.5,-26.5,64.08,6.75,15.73,-1.27,2.12,265.31,55.19
2020-04-08,2020,4,8,99,-67.5,-26.5,64.04,5.11,12.59,-2.78,2.55,284.19,45.81
2020-04-09,2020,4,9,100,-67.5,-26.5,63.94,4.8,13.57,-2.77,2,274.75,54.69
2020-04-10,2020,4,10,101,-67.5,-26.5,63.83,4.53,14.7,-4.17,1.83,283.12,54.62
2020-04-11,2020,4,11,102,-67.5,-26.5,63.84,3.78,14.73,-5.84,2.91,297.38,43.25
2020-04-12,2020,4,12,103,-67.5,-26.5,63.81,3.76,14.64,-4.49,4.17,311.5,35.5
2020-04-13,2020,4,13,104,-67.5,-26.5,63.79,3.95,13.92,-3.52,3.73,272.38,37.25
2020-04-14,2020,4,14,105,-67.5,-26.5,63.83,4.05,14.83,-4.29,2.01,248.12,40.62
2020-04-15,2020,4,15,106,-67.5,-26.5,63.92,4.65,13.95,-4.01,1.9,221.62,49.31
2020-04-16,2020,4,16,107,-67.5,-26.5,64.2,3.6,8.98,-0.7,0.97,177.81,69.94
2020-04-17,2020,4,17,108,-67.5,-26.5,64.33,4.39,13.25,-2.27,1.54,188.5,65.12
2020-04-18,2020,4,18,109,-67.5,-26.5,64.23,5.63,14.88,-2.06,1.18,219.75,56.19
2020-04-19,2020,4,19,110,-67.5,-26.5,64.23,6.41,15.42,0.67,1.82,216,42.69
2020-04-20,2020,4,20,111,-67.5,-26.5,64.22,5.75,15.64,-1.45,1.54,210.62,48.94
2020-04-21,2020,4,21,112,-67.5,-26.5,64.13,6.17,15.81,-1.6,1,190.25,58.12
2020-04-22,2020,4,22,113,-67.5,-26.5,63.99,6.35,17.3,-3.08,1.58,297.06,40.25
2020-04-23,2020,4,23,114,-67.5,-26.5,63.81,4.59,17.87,-4.85,3.77,315.25,30.94
2020-04-24,2020,4,24,115,-67.5,-26.5,63.75,3.72,15.78,-4.61,4.39,319.5,29.62
2020-04-25,2020,4,25,116,-67.5,-26.5,63.95,4.57,15.86,-4.31,3.12,311.31,34.31
2020-04-26,2020,4,26,117,-67.5,-26.5,64.08,4.84,15.65,-3.38,3.09,320.19,37.94
2020-04-27,2020,4,27,118,-67.5,-26.5,64.05,4.15,15.59,-3.72,4.12,317.25,35.75
2020-04-28,2020,4,28,119,-67.5,-26.5,64.04,4.98,15.97,-4.06,2.1,265.75,35.12
2020-04-29,2020,4,29,120,-67.5,-26.5,64.08,5.76,16.37,-3.31,1.66,289.94,25.81
2020-04-30,2020,4,30,121,-67.5,-26.5,64.15,6.06,17.81,-3.53,1.67,270.94,25.56
2020-05-01,2020,5,1,122,-67.5,-26.5,64.26,5.87,15.76,-1.01,1.15,277.44,33.38
2020-05-02,2020,5,2,123,-67.5,-26.5,64.15,6.51,16.97,-2.44,1.61,285.5,27.56
2020-05-03,2020,5,3,124,-67.5,-26.5,63.99,5.82,16.44,-1.87,3.07,305.94,23.56
2020-05-04,2020,5,4,125,-67.5,-26.5,63.86,4.12,14.42,-3.73,2.78,292.88,31.19
2020-05-05,2020,5,5,126,-67.5,-26.5,63.96,3.05,11.99,-3.71,1.41,240.38,38.38
2020-05-06,2020,5,6,127,-67.5,-26.5,64.08,3.19,12.58,-3.19,1.73,228,42.75
2020-05-07,2020,5,7,128,-67.5,-26.5,64.13,3.96,14.1,-2.95,1.86,240.44,33.62
2020-05-08,2020,5,8,129,-67.5,-26.5,64.1,5.72,16.94,-2.25,1.5,312.69,28.75
2020-05-09,2020,5,9,130,-67.5,-26.5,64.02,5.37,16.67,-4.17,1.2,275.19,23.88
2020-05-10,2020,5,10,131,-67.5,-26.5,63.89,5.17,16.76,-3.35,2.72,291,23.31
2020-05-11,2020,5,11,132,-67.5,-26.5,63.86,4.08,14.48,-2.58,1.53,288.19,25.38
2020-05-12,2020,5,12,133,-67.5,-26.5,63.78,1.81,12.18,-4.85,3.02,298.25,32.62
2020-05-13,2020,5,13,134,-67.5,-26.5,63.86,0.64,10.05,-5.42,1.88,292.62,39.44
2020-05-14,2020,5,14,135,-67.5,-26.5,63.94,0.66,9.75,-5.51,1.98,249.12,38.56
2020-05-15,2020,5,15,136,-67.5,-26.5,64.16,2.19,10.8,-3.59,1.58,208.75,31.81
2020-05-16,2020,5,16,137,-67.5,-26.5,64.09,3.59,13.57,-3.96,1.66,276.88,29
2020-05-17,2020,5,17,138,-67.5,-26.5,63.99,4.03,13.15,-1.56,1.55,293.75,24.06
2020-05-18,2020,5,18,139,-67.5,-26.5,63.99,1.98,11.9,-4.52,2.38,308.69,26.19
2020-05-19,2020,5,19,140,-67.5,-26.5,63.82,1.07,11.81,-5.81,2.94,315.62,28.06
2020-05-20,2020,5,20,141,-67.5,-26.5,63.7,0.61,11.43,-5.13,4.52,317.12,26.56
2020-05-21,2020,5,21,142,-67.5,-26.5,63.61,0.09,8.46,-4.96,6.28,311.25,27.44
2020-05-22,2020,5,22,143,-67.5,-26.5,63.8,0.58,9.97,-4.43,5.05,252.12,24.44
2020-05-23,2020,5,23,144,-67.5,-26.5,64.16,1.4,9.52,-4.31,2.35,230.94,24.12
2020-05-24,2020,5,24,145,-67.5,-26.5,64.31,3.87,13.86,-2.9,1.65,236.12,28.56
2020-05-25,2020,5,25,146,-67.5,-26.5,64.42,4.69,13.67,-1.08,1.12,229.31,26.69
2020-05-26,2020,5,26,147,-67.5,-26.5,64.25,5.47,15.76,-1.81,1.39,243.44,23.62
2020-05-27,2020,5,27,148,-67.5,-26.5,64.05,5,15.87,-2.26,2.3,330.88,22.44
2020-05-28,2020,5,28,149,-67.5,-26.5,63.9,3.39,12.8,-3.09,2.97,312.94,28.12
2020-05-29,2020,5,29,150,-67.5,-26.5,63.9,1.95,10.49,-3.35,3.66,321.38,43.12
2020-05-30,2020,5,30,151,-67.5,-26.5,63.76,1.47,10.02,-3.77,4.45,288.38,51.19
2020-05-31,2020,5,31,152,-67.5,-26.5,63.61,-0.37,6.12,-3.99,5.3,322.38,54.88
2020-06-01,2020,6,1,153,-67.5,-26.5,63.62,-2.07,5.46,-6.14,3.62,293,41.56
2020-06-02,2020,6,2,154,-67.5,-26.5,63.61,-1.5,8.43,-6.73,3.94,309.19,34.44
2020-06-03,2020,6,3,155,-67.5,-26.5,63.3,-1.74,5.31,-5.69,6.06,323.38,35.12
2020-06-04,2020,6,4,156,-67.5,-26.5,63.1,-4.2,1.32,-9.05,6.37,320.94,41.12
2020-06-05,2020,6,5,157,-67.5,-26.5,63.66,-3.66,6.97,-11.39,1.99,290.31,32
2020-06-06,2020,6,6,158,-67.5,-26.5,63.83,-1.43,9.19,-9.85,3.73,317.5,28.5
2020-06-07,2020,6,7,159,-67.5,-26.5,63.91,0.7,9.29,-4.6,6.98,316,36.56
2020-06-08,2020,6,8,160,-67.5,-26.5,63.94,1.26,11.15,-3.08,5.71,309.5,45.38
2020-06-09,2020,6,9,161,-67.5,-26.5,63.82,1.1,10.97,-4.03,4.98,314,34.25
2020-06-10,2020,6,10,162,-67.5,-26.5,63.68,1.93,10.9,-2.58,6.12,308.62,31.94
2020-06-11,2020,6,11,163,-67.5,-26.5,63.53,2.54,10.22,-1.62,8.41,317,59.25
2020-06-12,2020,6,12,164,-67.5,-26.5,63.69,-0.77,7.3,-5.69,5.57,308.06,54.12
2020-06-13,2020,6,13,165,-67.5,-26.5,63.96,-1.41,6.9,-7.07,1.18,270.12,44.62
2020-06-14,2020,6,14,166,-67.5,-26.5,63.83,0.13,9.73,-5.13,3.58,322.56,36.69
2020-06-15,2020,6,15,167,-67.5,-26.5,63.94,0.66,10.05,-4.65,4.95,318,35.81
2020-06-16,2020,6,16,168,-67.5,-26.5,63.75,2.01,11.53,-3.47,5.9,327.81,41
2020-06-17,2020,6,17,169,-67.5,-26.5,63.43,0.13,6.43,-3.06,10.34,321.94,32.25
2020-06-18,2020,6,18,170,-67.5,-26.5,63.81,2.05,12.31,-3.27,3.99,302.81,31.19
2020-06-19,2020,6,19,171,-67.5,-26.5,63.97,2.38,11.94,-2.81,3.16,317.56,32.81
2020-06-20,2020,6,20,172,-67.5,-26.5,63.84,1.87,13.15,-3.45,3.44,317.56,27.38
2020-06-21,2020,6,21,173,-67.5,-26.5,63.92,2.1,12.36,-3.4,2.3,314.81,26.75
2020-06-22,2020,6,22,174,-67.5,-26.5,63.75,2.02,12.99,-3.55,3.03,301.5,27.88
2020-06-23,2020,6,23,175,-67.5,-26.5,63.44,1.4,10.21,-2.86,6.8,313.75,24.06
2020-06-24,2020,6,24,176,-67.5,-26.5,63.3,-0.44,7.01,-4.27,8.3,313.31,36.62
2020-06-25,2020,6,25,177,-67.5,-26.5,63.57,-0.99,6.62,-6.54,3.89,299.19,40.12
2020-06-26,2020,6,26,178,-67.5,-26.5,63.52,-2.12,4.94,-6.45,4.05,297.56,40.69
2020-06-27,2020,6,27,179,-67.5,-26.5,63.6,-1.85,7.08,-7.77,2.93,302.31,38.44
2020-06-28,2020,6,28,180,-67.5,-26.5,63.45,-1.4,6.17,-6.36,4.45,315.44,40.75
2020-06-29,2020,6,29,181,-67.5,-26.5,63.35,-2.09,3.23,-5.14,8.31,306.75,43.69
2020-06-30,2020,6,30,182,-67.5,-26.5,63.51,-0.83,6.69,-4.85,7.11,276.94,32.06
2020-07-01,2020,7,1,183,-67.5,-26.5,63.64,-0.31,8.45,-6.19,2.95,287.19,44.38
2020-07-02,2020,7,2,184,-67.5,-26.5,63.66,-0.37,9.03,-5.96,1.95,286,41.31
2020-07-03,2020,7,3,185,-67.5,-26.5,63.67,-0.63,8.98,-6,3.09,297.94,33.06
2020-07-04,2020,7,4,186,-67.5,-26.5,63.5,-1.24,6.26,-6.08,6.5,308.62,20.88
2020-07-05,2020,7,5,187,-67.5,-26.5,63.62,-1.92,6.32,-8.19,4,309.44,24.12
2020-07-06,2020,7,6,188,-67.5,-26.5,63.3,-1.69,7.21,-8.28,5.57,323.62,24.69
2020-07-07,2020,7,7,189,-67.5,-26.5,63.15,-6.02,-2.31,-11.61,5.88,301.81,39.56
2020-07-08,2020,7,8,190,-67.5,-26.5,63.51,-5.04,3.92,-12.11,4.81,287.38,29.81
2020-07-09,2020,7,9,191,-67.5,-26.5,63.76,-1.95,9.5,-10.35,2.92,304.69,32.56
2020-07-10,2020,7,10,192,-67.5,-26.5,63.71,0.19,10.43,-6.56,3.38,298.56,28.69
2020-07-11,2020,7,11,193,-67.5,-26.5,63.69,0.44,10.94,-5.85,3.57,296.56,26.81
2020-07-12,2020,7,12,194,-67.5,-26.5,63.89,1.91,12.51,-5.23,2.02,292.81,26.5
2020-07-13,2020,7,13,195,-67.5,-26.5,63.95,2.01,11.61,-4.36,1.81,277,26.81
2020-07-14,2020,7,14,196,-67.5,-26.5,63.89,1.67,11.98,-4.1,2.42,312.69,23.12
2020-07-15,2020,7,15,197,-67.5,-26.5,63.76,0.73,10.81,-4.71,3.98,315.94,21.81
2020-07-16,2020,7,16,198,-67.5,-26.5,63.88,0.86,10.78,-4.6,3.67,308.19,25.62
2020-07-17,2020,7,17,199,-67.5,-26.5,63.81,1.19,11.48,-4.2,4.95,313.44,19.25
2020-07-18,2020,7,18,200,-67.5,-26.5,63.79,1.7,11.92,-3.59,4.34,315.5,20.94
2020-07-19,2020,7,19,201,-67.5,-26.5,63.83,1.94,12.09,-3,4.26,321.62,21.94
2020-07-20,2020,7,20,202,-67.5,-26.5,63.83,2.2,12.82,-3.08,4.18,329,21.56
2020-07-21,2020,7,21,203,-67.5,-26.5,63.71,2.03,12.37,-3.55,5.2,326.81,21
2020-07-22,2020,7,22,204,-67.5,-26.5,63.49,1.31,10.73,-3.59,6.07,327,19.06
2020-07-23,2020,7,23,205,-67.5,-26.5,63.07,-0.49,6.34,-4.57,10.54,329.88,17.81
2020-07-24,2020,7,24,206,-67.5,-26.5,63.17,-5.17,-1.35,-8.08,6.48,294.56,24.81
2020-07-25,2020,7,25,207,-67.5,-26.5,63.79,-1.65,9.44,-10.61,2.72,308.56,23.5
2020-07-26,2020,7,26,208,-67.5,-26.5,63.9,0.83,9.72,-5.46,1.94,278.75,24.56
2020-07-27,2020,7,27,209,-67.5,-26.5,63.86,-0.45,8.48,-5.81,3.06,298.62,27.69
2020-07-28,2020,7,28,210,-67.5,-26.5,63.78,-0.6,8.25,-6.66,2.95,289.75,27
2020-07-29,2020,7,29,211,-67.5,-26.5,63.74,0.29,10.64,-6.97,2.41,299.06,22.12
2020-07-30,2020,7,30,212,-67.5,-26.5,63.81,0.56,9.47,-5.95,3.25,306.69,21.31
2020-07-31,2020,7,31,213,-67.5,-26.5,63.96,1.76,10.7,-5.49,1.75,297,18.81
2020-08-01,2020,8,1,214,-67.5,-26.5,63.99,2.48,13.04,-4.42,3.08,317.19,17.31
2020-08-02,2020,8,2,215,-67.5,-26.5,64.16,2.86,12.51,-2.77,1.27,235.31,21.38
2020-08-03,2020,8,3,216,-67.5,-26.5,64.15,4.12,14.51,-3.17,1.48,275.56,23.31
2020-08-04,2020,8,4,217,-67.5,-26.5,64.1,4.39,15.58,-2.65,2.31,311.44,19.62
2020-08-05,2020,8,5,218,-67.5,-26.5,64.08,3.87,14.08,-3.82,1.51,312.88,20.12
2020-08-06,2020,8,6,219,-67.5,-26.5,64.02,3.87,13.56,-2.22,1.51,275,20.38
2020-08-07,2020,8,7,220,-67.5,-26.5,63.99,3.39,13.58,-4.06,2.4,279.62,22.44
2020-08-08,2020,8,8,221,-67.5,-26.5,64.05,3.94,14.48,-3.47,1.91,277.38,20.12
2020-08-09,2020,8,9,222,-67.5,-26.5,63.99,3.94,14.69,-3.31,2.32,296.5,21.75
2020-08-10,2020,8,10,223,-67.5,-26.5,63.85,4.36,14.51,-2.81,1.92,284,22.5
2020-08-11,2020,8,11,224,-67.5,-26.5,63.53,1.68,11.49,-4.77,3.41,285.12,28.31
2020-08-12,2020,8,12,225,-67.5,-26.5,63.35,-1.1,6.45,-5.81,5.27,301.31,32.44
2020-08-13,2020,8,13,226,-67.5,-26.5,63.29,-1.8,6.03,-5.68,5.46,308.06,29.88
2020-08-14,2020,8,14,227,-67.5,-26.5,63.19,-2.01,6.68,-6.44,5.87,295.44,26.69
2020-08-15,2020,8,15,228,-67.5,-26.5,63.36,-1.93,6.17,-7.13,4.59,303.38,28.88
2020-08-16,2020,8,16,229,-67.5,-26.5,63.38,-2.09,5.88,-7.38,4.47,302.5,29.56
2020-08-17,2020,8,17,230,-67.5,-26.5,63.35,-2.24,5.94,-7.92,4.26,312.56,32.19
2020-08-18,2020,8,18,231,-67.5,-26.5,63.2,-3.42,3.69,-8.54,5.12,295.5,31.69
2020-08-19,2020,8,19,232,-67.5,-26.5,63.36,-4.54,4.14,-11.99,3.6,274.69,41.56
2020-08-20,2020,8,20,233,-67.5,-26.5,63.61,-4.54,4.27,-10.46,1.6,174.19,47.06
2020-08-21,2020,8,21,234,-67.5,-26.5,63.66,-1.98,8.16,-9.36,1.97,284.31,39.25
2020-08-22,2020,8,22,235,-67.5,-26.5,63.49,0.23,10.39,-6.02,3.63,318.25,31
2020-08-23,2020,8,23,236,-67.5,-26.5,63.3,0.3,7.94,-3.83,7.66,318.31,39.06
2020-08-24,2020,8,24,237,-67.5,-26.5,63.3,1.24,8.29,-3.4,8.44,329.19,50.5
2020-08-25,2020,8,25,238,-67.5,-26.5,63.27,0.74,7.65,-3.46,9.35,331.31,46.44
2020-08-26,2020,8,26,239,-67.5,-26.5,63.46,0.92,9.61,-4.54,7.48,329.81,40.56
2020-08-27,2020,8,27,240,-67.5,-26.5,63.6,-0.52,8.14,-5.55,6.09,327.69,37
2020-08-28,2020,8,28,241,-67.5,-26.5,63.81,0.26,10.11,-5.59,5.61,317.81,26.69
2020-08-29,2020,8,29,242,-67.5,-26.5,63.74,1.58,12.24,-4.49,5.35,311.88,17.12
2020-08-30,2020,8,30,243,-67.5,-26.5,63.65,3.11,14.33,-4.52,4.23,326.19,22.44
2020-08-31,2020,8,31,244,-67.5,-26.5,63.62,3.62,11.66,-1.99,5,326.69,35.25
2020-09-01,2020,9,1,245,-67.5,-26.5,63.44,1.37,10.37,-6.05,7.44,329,37.38
2020-09-02,2020,9,2,246,-67.5,-26.5,63.53,-0.85,9.42,-7.72,4.36,297.94,21.38
2020-09-03,2020,9,3,247,-67.5,-26.5,63.64,0.12,8.84,-6.02,4.26,307.62,18.5
2020-09-04,2020,9,4,248,-67.5,-26.5,63.67,1.84,12.43,-4.8,5.18,315.38,22
2020-09-05,2020,9,5,249,-67.5,-26.5,63.75,1.83,12.22,-4.87,6.16,316.5,22.19
2020-09-06,2020,9,6,250,-67.5,-26.5,63.72,1.91,13.73,-5.34,4.59,315.56,19.69
2020-09-07,2020,9,7,251,-67.5,-26.5,63.66,1.7,12.42,-5.66,3.85,301.81,17.25
2020-09-08,2020,9,8,252,-67.5,-26.5,63.75,2.12,12.93,-5.07,4.58,310.38,18.44
2020-09-09,2020,9,9,253,-67.5,-26.5,63.93,4.93,16.53,-4.58,2.61,269.62,21.38
2020-09-10,2020,9,10,254,-67.5,-26.5,63.93,6.63,18.19,-3.25,2.26,295.38,18.44
2020-09-11,2020,9,11,255,-67.5,-26.5,63.73,5.58,16.32,-2.37,3.11,303.69,20.81
2020-09-12,2020,9,12,256,-67.5,-26.5,63.7,3.41,13.91,-4.74,4.26,313.88,24.62
2020-09-13,2020,9,13,257,-67.5,-26.5,63.89,3.61,13.87,-4.38,3.99,281.75,33.31
2020-09-14,2020,9,14,258,-67.5,-26.5,63.98,3.69,13.41,-3.16,3.13,272.81,48.31
2020-09-15,2020,9,15,259,-67.5,-26.5,63.8,1.3,9.87,-5.1,4.9,312.62,43.31
2020-09-16,2020,9,16,260,-67.5,-26.5,63.76,1.07,10.61,-6.04,3.73,286.69,27.5
2020-09-17,2020,9,17,261,-67.5,-26.5,63.95,3.58,13.44,-5.09,1.8,216,20.62
2020-09-18,2020,9,18,262,-67.5,-26.5,63.88,6.23,16.85,-2.13,1.28,251.88,23.12
2020-09-19,2020,9,19,263,-67.5,-26.5,63.93,3.85,15.17,-3.86,1.78,247.38,30.88
2020-09-20,2020,9,20,264,-67.5,-26.5,63.78,3.16,14.09,-5.16,2.25,252.38,32.44
2020-09-21,2020,9,21,265,-67.5,-26.5,63.85,2.69,11.51,-4.06,1.34,203.06,36.44
2020-09-22,2020,9,22,266,-67.5,-26.5,63.94,5.61,16.66,-4.05,2.26,277.06,22.88
2020-09-23,2020,9,23,267,-67.5,-26.5,64.09,7.05,18.73,-3.06,2.04,287.56,16.88
2020-09-24,2020,9,24,268,-67.5,-26.5,64.01,8.18,21.26,-2.85,3.74,311.44,15.25
2020-09-25,2020,9,25,269,-67.5,-26.5,63.9,6.94,19.08,-2.78,5.45,314.06,23.69
2020-09-26,2020,9,26,270,-67.5,-26.5,63.69,5.55,16.47,-2.54,6.08,313.44,26.06
2020-09-27,2020,9,27,271,-67.5,-26.5,63.5,3.34,13.73,-4.78,6.01,306.44,20.38
2020-09-28,2020,9,28,272,-67.5,-26.5,63.48,4.4,16.53,-5.06,4.9,314.19,20.88
2020-09-29,2020,9,29,273,-67.5,-26.5,63.61,4.19,15.11,-4.06,6.72,318.25,24.75
2020-09-30,2020,9,30,274,-67.5,-26.5,63.74,4.77,16.01,-3.77,5.66,318.5,26.44
2020-10-01,2020,10,1,275,-67.5,-26.5,63.75,4.19,15.27,-4.65,5.66,319.38,27.81
2020-10-02,2020,10,2,276,-67.5,-26.5,63.77,4.98,16.34,-4.23,5.84,318.69,30
2020-10-03,2020,10,3,277,-67.5,-26.5,63.83,6.69,18.81,-3.01,5.7,314.94,29
2020-10-04,2020,10,4,278,-67.5,-26.5,63.88,8.37,20.73,-2.55,5.13,305.12,20.19
2020-10-05,2020,10,5,279,-67.5,-26.5,63.87,9.66,21.1,-0.81,3.13,299.31,19.75
2020-10-06,2020,10,6,280,-67.5,-26.5,63.86,9.27,19.3,1,2.82,298.06,31.75
2020-10-07,2020,10,7,281,-67.5,-26.5,64.04,7.86,18.33,-0.92,3.62,301.44,39.19
2020-10-08,2020,10,8,282,-67.5,-26.5,64.05,7.35,19.29,-3.62,3.72,299.25,28.38
2020-10-09,2020,10,9,283,-67.5,-26.5,63.95,7.04,19.94,-4.42,2.43,259.5,27.38
2020-10-10,2020,10,10,284,-67.5,-26.5,63.87,8.55,20.29,-3.17,3.73,285.56,18.19
2020-10-11,2020,10,11,285,-67.5,-26.5,63.96,8.88,19.7,0.69,2.68,277,12.38
2020-10-12,2020,10,12,286,-67.5,-26.5,63.95,8.53,19.8,-1.81,3.12,267.38,21.31
2020-10-13,2020,10,13,287,-67.5,-26.5,63.78,8.58,19.9,-0.64,3.92,320.75,26.81
2020-10-14,2020,10,14,288,-67.5,-26.5,63.64,6.26,17.2,-3.31,4.02,326.38,22.56
2020-10-15,2020,10,15,289,-67.5,-26.5,63.87,7.55,20.34,-3.56,2.97,272.19,25.19
2020-10-16,2020,10,16,290,-67.5,-26.5,63.96,8.54,19.34,-1.21,3.25,285.44,30.5
2020-10-17,2020,10,17,291,-67.5,-26.5,63.98,8.58,19.43,-2.2,1.96,215.25,22.69
2020-10-18,2020,10,18,292,-67.5,-26.5,63.89,10.8,21.41,-0.24,1.81,295.06,37.25
2020-10-19,2020,10,19,293,-67.5,-26.5,63.85,11.13,20.94,3.53,2.22,147.25,31.44
2020-10-20,2020,10,20,294,-67.5,-26.5,63.88,10.08,20.67,1.23,1.9,249.75,50.19
2020-10-21,2020,10,21,295,-67.5,-26.5,63.95,10.64,20.74,1.37,2.38,254.19,39.62
2020-10-22,2020,10,22,296,-67.5,-26.5,63.95,10.22,20.33,0.57,2.41,269.94,33.44
2020-10-23,2020,10,23,297,-67.5,-26.5,63.92,9.26,19.62,-1.03,3.25,289,21.88
2020-10-24,2020,10,24,298,-67.5,-26.5,63.86,7.96,19.4,-2.79,3.95,304,16.62
2020-10-25,2020,10,25,299,-67.5,-26.5,63.83,6.3,17.4,-3.02,5.2,302.75,17.62
2020-10-26,2020,10,26,300,-67.5,-26.5,63.85,6.65,18.41,-5.35,2.72,271.25,14.69
2020-10-27,2020,10,27,301,-67.5,-26.5,63.58,6.93,18.87,-5.02,3.76,294.31,12.56
2020-10-28,2020,10,28,302,-67.5,-26.5,63.63,5.94,17.66,-5.42,3.42,248.69,22.69
2020-10-29,2020,10,29,303,-67.5,-26.5,63.68,5.54,15.71,-2.74,2.56,251.94,38.88
2020-10-30,2020,10,30,304,-67.5,-26.5,63.8,4.88,15.35,-4.48,3.37,208.81,39.88
2020-10-31,2020,10,31,305,-67.5,-26.5,63.91,5.98,17.59,-2.99,1.77,150.44,50.56
2020-11-01,2020,11,1,306,-67.5,-26.5,63.79,6.58,18.22,-2.24,2.34,234.62,48.44
2020-11-02,2020,11,2,307,-67.5,-26.5,63.83,5.73,14.09,-1.56,2.69,168.38,50.5
2020-11-03,2020,11,3,308,-67.5,-26.5,63.94,8.55,18.82,-1.37,2.69,198.5,43.62
2020-11-04,2020,11,4,309,-67.5,-26.5,63.94,10.76,22.23,0.33,1.55,258.56,41.88
2020-11-05,2020,11,5,310,-67.5,-26.5,63.88,10.19,20.75,-0.42,2.11,264.19,27.19
2020-11-06,2020,11,6,311,-67.5,-26.5,63.79,10.08,20.19,0.47,3.68,285.88,30.25
2020-11-07,2020,11,7,312,-67.5,-26.5,63.9,10.01,20.76,1.4,2.33,270.12,32.38
2020-11-08,2020,11,8,313,-67.5,-26.5,63.92,9.15,18.44,0.31,3.41,278.94,35.44
2020-11-09,2020,11,9,314,-67.5,-26.5,63.83,8.88,19.9,-2.1,2.21,271.06,27.88
2020-11-10,2020,11,10,315,-67.5,-26.5,63.76,8.38,19.04,-2.41,2.48,272.06,26.88
2020-11-11,2020,11,11,316,-67.5,-26.5,63.8,8.16,19.05,-3.75,2.12,259.19,29.12
2020-11-12,2020,11,12,317,-67.5,-26.5,63.83,8.83,18.99,-2.36,1.91,262.62,28.44
2020-11-13,2020,11,13,318,-67.5,-26.5,63.75,8.51,20.03,-3.17,3.2,294.5,18.62
2020-11-14,2020,11,14,319,-67.5,-26.5,63.63,7.69,18.3,-1.92,5.5,304.56,19.12
2020-11-15,2020,11,15,320,-67.5,-26.5,63.67,6.36,16.79,-2.78,5.39,311.56,19.56
2020-11-16,2020,11,16,321,-67.5,-26.5,63.65,5.93,16.91,-4.62,4.65,310.25,21.94
2020-11-17,2020,11,17,322,-67.5,-26.5,63.48,3.75,12.87,-4.32,4.88,314.94,23.12
2020-11-18,2020,11,18,323,-67.5,-26.5,63.61,0.86,10.35,-9.73,1.91,240.31,45.94
2020-11-19,2020,11,19,324,-67.5,-26.5,63.72,4.81,15.8,-5.71,2.65,268.44,39.06
2020-11-20,2020,11,20,325,-67.5,-26.5,63.7,4.67,15.17,-6.26,4.4,299.06,26.12
2020-11-21,2020,11,21,326,-67.5,-26.5,63.76,6.44,18.08,-6.04,2.52,257,28.81
2020-11-22,2020,11,22,327,-67.5,-26.5,63.86,9.76,20.76,-1.23,2.39,284.56,31.69
2020-11-23,2020,11,23,328,-67.5,-26.5,63.91,11.43,23.15,-2.15,3.77,296.88,18.38
2020-11-24,2020,11,24,329,-67.5,-26.5,63.98,12.37,23.62,1.8,4.13,297.44,20.25
2020-11-25,2020,11,25,330,-67.5,-26.5,63.95,11.84,23.12,-0.11,3.43,272.19,24.19
2020-11-26,2020,11,26,331,-67.5,-26.5,63.85,11.4,22.16,1.23,1.88,247.81,35.19
2020-11-27,2020,11,27,332,-67.5,-26.5,63.81,10.84,21.48,0.51,3.97,295.12,28.75
2020-11-28,2020,11,28,333,-67.5,-26.5,63.93,10.4,22.16,-2.1,3.34,267.75,29.56
2020-11-29,2020,11,29,334,-67.5,-26.5,63.99,11.88,22.65,0.78,2.63,255.06,38
2020-11-30,2020,11,30,335,-67.5,-26.5,63.96,11.38,20.95,5.76,2.43,174,61.81
2020-12-01,2020,12,1,336,-67.5,-26.5,63.85,11.29,21.4,2.71,2.31,254.62,37.5
2020-12-02,2020,12,2,337,-67.5,-26.5,63.7,9.18,20.38,-2.43,2.83,261.06,26
2020-12-03,2020,12,3,338,-67.5,-26.5,63.63,8.87,20.06,-2.92,2.54,262.94,30.62
2020-12-04,2020,12,4,339,-67.5,-26.5,63.73,7.89,18.37,0.72,2.1,241.19,44.69
2020-12-05,2020,12,5,340,-67.5,-26.5,63.94,6.4,17.02,-2.85,2.77,238.19,48.06
2020-12-06,2020,12,6,341,-67.5,-26.5,63.93,7.78,17.22,-1.5,2.36,181.5,51.06
2020-12-07,2020,12,7,342,-67.5,-26.5,63.89,10.33,19.19,1.31,2.02,188.75,48.56
2020-12-08,2020,12,8,343,-67.5,-26.5,64.04,10.59,19.35,2.59,3.4,189.06,44.81
2020-12-09,2020,12,9,344,-67.5,-26.5,64.2,10.4,18.13,3.11,2.92,139.88,43.81
2020-12-10,2020,12,10,345,-67.5,-26.5,63.8,12.77,22.67,2.37,1.56,249.12,40.19
2020-12-11,2020,12,11,346,-67.5,-26.5,63.75,11.49,22.55,0.76,2.27,218.12,32.5
2020-12-12,2020,12,12,347,-67.5,-26.5,63.72,11.03,20.83,0.15,2.96,263.19,31.5
2020-12-13,2020,12,13,348,-67.5,-26.5,63.9,9.95,18.18,3.48,2.22,169.81,43.88
2020-12-14,2020,12,14,349,-67.5,-26.5,63.77,10.5,20.4,1.59,1.7,274.19,46.69
2020-12-15,2020,12,15,350,-67.5,-26.5,63.7,8.97,19.48,-2.47,2.13,246.94,31.69
2020-12-16,2020,12,16,351,-67.5,-26.5,63.78,9.86,20.07,0.5,2.21,257.19,36.19
2020-12-17,2020,12,17,352,-67.5,-26.5,63.81,10.65,20.7,1.39,2.49,280.12,33.44
2020-12-18,2020,12,18,353,-67.5,-26.5,63.72,10.11,21.75,-1.55,3.97,296.75,21.81
2020-12-19,2020,12,19,354,-67.5,-26.5,63.67,8.99,20.47,-2.52,4.99,301.81,17.62
2020-12-20,2020,12,20,355,-67.5,-26.5,63.7,9.46,21.79,-3.19,3.45,257.62,27.94
2020-12-21,2020,12,21,356,-67.5,-26.5,63.95,11.33,23,0.56,2.58,235.25,40.5
2020-12-22,2020,12,22,357,-67.5,-26.5,63.97,12.53,23.16,2.53,2.09,201.88,46.38
2020-12-23,2020,12,23,358,-67.5,-26.5,63.9,12.48,20.43,5.27,1.38,138,53.19
2020-12-24,2020,12,24,359,-67.5,-26.5,63.83,13.4,23,5.1,1.99,212,51.69
2020-12-25,2020,12,25,360,-67.5,-26.5,63.88,10.85,17.25,4.96,3.52,183.06,60.38
2020-12-26,2020,12,26,361,-67.5,-26.5,63.84,10.61,17.28,4.58,2.79,135.12,60.12
2020-12-27,2020,12,27,362,-67.5,-26.5,63.82,12.53,21.83,4.78,2.09,132.88,54
2020-12-28,2020,12,28,363,-67.5,-26.5,63.93,12.98,21.67,5.91,2.89,204,58.94
2020-12-29,2020,12,29,364,-67.5,-26.5,63.88,12.31,19.41,6.34,1.97,93,63
2020-12-30,2020,12,30,365,-67.5,-26.5,63.85,13.65,21.57,7.19,2.7,152.25,56.69
2020-12-31,2020,12,31,366,-67.5,-26.5,63.97,12.08,21.11,4.45,2.77,122.81,61.5
2021-01-01,2021,1,1,1,-67.5,-26.5,64.01,13.19,22.87,4.4,2.27,182.75,56.44
2021-01-02,2021,1,2,2,-67.5,-26.5,63.89,14.39,23.94,7.29,1.98,184.31,53.81
2021-01-03,2021,1,3,3,-67.5,-26.5,63.74,11.62,21.26,1.79,2.32,248.19,41.75
2021-01-04,2021,1,4,4,-67.5,-26.5,63.73,8.55,15.45,2.15,2.04,180.12,62.19
2021-01-05,2021,1,5,5,-67.5,-26.5,63.68,10.01,17.52,3.92,2.22,190.81,59.25
2021-01-06,2021,1,6,6,-67.5,-26.5,63.72,9.23,18.36,3.99,2.29,227.94,58.5
2021-01-07,2021,1,7,7,-67.5,-26.5,63.82,9.32,17.97,1.98,1.93,226.88,50.62
2021-01-08,2021,1,8,8,-67.5,-26.5,63.8,9.88,19.39,2.19,1.98,237.88,44.62
2021-01-09,2021,1,9,9,-67.5,-26.5,63.77,9.19,19.45,-3.1,1.87,296,33.44
2021-01-10,2021,1,10,10,-67.5,-26.5,63.78,9.64,20.55,-1.33,3.32,297.56,26.44
2021-01-11,2021,1,11,11,-67.5,-26.5,63.85,10.05,21.05,-2.98,2.98,275.81,29.31
2021-01-12,2021,1,12,12,-67.5,-26.5,63.92,12.14,21.82,5.68,2.48,246.06,50.5
2021-01-13,2021,1,13,13,-67.5,-26.5,63.97,12.08,21.74,3.09,2.15,166,54.88
2021-01-14,2021,1,14,14,-67.5,-26.5,63.88,13.4,22.63,5.87,1.66,232.62,57.25
2021-01-15,2021,1,15,15,-67.5,-26.5,63.73,13.34,22.17,5.38,2.09,221,55.62
2021-01-16,2021,1,16,16,-67.5,-26.5,63.6,11.73,21.32,3.47,1.61,219.38,50.12
2021-01-17,2021,1,17,17,-67.5,-26.5,63.78,6.93,15.21,1.84,3.33,154.19,64.06
2021-01-18,2021,1,18,18,-67.5,-26.5,63.95,6.86,16.12,-2.1,2.55,162.06,53.88
2021-01-19,2021,1,19,19,-67.5,-26.5,63.97,6.64,13.99,1.3,2.46,170.06,66
2021-01-20,2021,1,20,20,-67.5,-26.5,63.99,6.45,15.28,-0.79,2.31,134.75,64.44
2021-01-21,2021,1,21,21,-67.5,-26.5,64.01,6.88,14.86,-0.46,2.25,126.44,62.38
2021-01-22,2021,1,22,22,-67.5,-26.5,64.1,7.72,15.38,1.79,2.61,127.06,64.62
2021-01-23,2021,1,23,23,-67.5,-26.5,63.99,7.67,13.33,2.92,1.84,140.38,70.38
2021-01-24,2021,1,24,24,-67.5,-26.5,63.86,9.32,15.73,4.35,2.5,153.75,70.12
2021-01-25,2021,1,25,25,-67.5,-26.5,63.71,10.04,16.4,4.61,1.66,182.25,61.75
2021-01-26,2021,1,26,26,-67.5,-26.5,63.68,6.47,13.87,1.76,1.59,222.56,64.88
2021-01-27,2021,1,27,27,-67.5,-26.5,63.76,8.33,14.94,1.44,1.06,204.88,54.25
2021-01-28,2021,1,28,28,-67.5,-26.5,63.61,9.3,16.36,1.89,1.59,228.56,50.94
2021-01-29,2021,1,29,29,-67.5,-26.5,63.6,9.87,19.62,-1.19,1.79,214.75,36.06
2021-01-30,2021,1,30,30,-67.5,-26.5,63.68,9.99,20.83,-1.42,2.51,279.19,39.5
2021-01-31,2021,1,31,31,-67.5,-26.5,63.71,9.08,19.85,-1.06,4.06,299.62,35.25
2021-02-01,2021,2,1,32,-67.5,-26.5,63.66,7.59,19.07,-4.09,4.64,302.69,27.06
2021-02-02,2021,2,2,33,-67.5,-26.5,63.67,8.3,19.5,-3.73,4.16,305,32.62
2021-02-03,2021,2,3,34,-67.5,-26.5,63.92,10.16,21.01,1.45,3.23,247.44,45.31
2021-02-04,2021,2,4,35,-67.5,-26.5,64.17,9.99,20.23,2.34,2.69,135.38,63.56
2021-02-05,2021,2,5,36,-67.5,-26.5,64.03,11.24,21.31,2.88,2.57,184.44,61.44
2021-02-06,2021,2,6,37,-67.5,-26.5,63.95,11.69,20.69,4.8,2.44,162.75,61.56
2021-02-07,2021,2,7,38,-67.5,-26.5,63.93,11.58,19.15,5.56,2.89,170.44,65.12
2021-02-08,2021,2,8,39,-67.5,-26.5,63.79,10.87,19.26,5.65,2.41,140.81,64.38
2021-02-09,2021,2,9,40,-67.5,-26.5,63.79,7.35,14.27,2.56,3.17,159.44,69.31
2021-02-10,2021,2,10,41,-67.5,-26.5,63.75,5.79,13.41,0.2,2.16,166.69,68.31
2021-02-11,2021,2,11,42,-67.5,-26.5,63.75,5.37,12.4,-0.41,2.34,180.38,66.75
2021-02-12,2021,2,12,43,-67.5,-26.5,63.7,7.42,16.3,0.5,1.85,204.19,58.69
2021-02-13,2021,2,13,44,-67.5,-26.5,63.69,7.73,17.12,0.45,2.04,222.38,52.81
2021-02-14,2021,2,14,45,-67.5,-26.5,63.73,7.99,18.41,-2.81,2.98,288.44,42.75
2021-02-15,2021,2,15,46,-67.5,-26.5,63.76,7.73,18.05,-1.84,2.2,271.25,44.69
2021-02-16,2021,2,16,47,-67.5,-26.5,63.77,7.52,17.71,-2.93,2.02,264.56,48.94
2021-02-17,2021,2,17,48,-67.5,-26.5,63.77,8.08,17.57,-1.7,1.54,251.5,45.69
2021-02-18,2021,2,18,49,-67.5,-26.5,63.77,9.21,18.72,1.98,2.25,279.81,46.5
2021-02-19,2021,2,19,50,-67.5,-26.5,63.91,8.16,18.16,-2.53,1.48,190.5,47.56
2021-02-20,2021,2,20,51,-67.5,-26.5,63.92,10.01,20.37,2.23,2.68,283.25,45
2021-02-21,2021,2,21,52,-67.5,-26.5,63.92,9.56,21.01,-2.56,1.74,242.25,39.88
2021-02-22,2021,2,22,53,-67.5,-26.5,64.01,11.62,21.49,1.66,2.22,207.69,49.5
2021-02-23,2021,2,23,54,-67.5,-26.5,64.08,12.57,21.58,5.58,2.01,138,65.5
2021-02-24,2021,2,24,55,-67.5,-26.5,64.1,12.65,21.53,6.75,2.3,196.94,66.25
2021-02-25,2021,2,25,56,-67.5,-26.5,64.09,12.15,20.55,4.91,1.88,116.69,59.81
2021-02-26,2021,2,26,57,-67.5,-26.5,63.97,11.4,19.23,5.62,2.15,171.75,67
2021-02-27,2021,2,27,58,-67.5,-26.5,64.04,9.46,15.41,5.45,1.47,99.62,71.12
2021-02-28,2021,2,28,59,-67.5,-26.5,63.92,10.54,18.54,3.86,2.05,178.38,65.94
2021-03-01,2021,3,1,60,-67.5,-26.5,63.68,11.09,18.53,6.33,1.18,164.81,65.12
2021-03-02,2021,3,2,61,-67.5,-26.5,63.73,9.95,18.72,3.09,1.57,243.44,56
2021-03-03,2021,3,3,62,-67.5,-26.5,63.95,8.82,16.08,4.25,2.43,173.81,71.12
2021-03-04,2021,3,4,63,-67.5,-26.5,64.11,7.25,13.71,2.68,3.35,167.44,68.31
2021-03-05,2021,3,5,64,-67.5,-26.5,64.08,7.22,15.08,1.79,2.49,162.75,68.62
2021-03-06,2021,3,6,65,-67.5,-26.5,64.02,8.12,18.03,-0.64,1.99,198.44,59.12
2021-03-07,2021,3,7,66,-67.5,-26.5,64.08,9.14,18.19,1.24,1.93,204.19,59.62
2021-03-08,2021,3,8,67,-67.5,-26.5,64.2,8.83,16.19,2.17,2.51,160.69,66.88
2021-03-09,2021,3,9,68,-67.5,-26.5,64.04,9.9,18.19,3.82,2.01,174.44,66.5
2021-03-10,2021,3,10,69,-67.5,-26.5,63.93,9.71,18.71,2.28,2.07,206.81,59.12
2021-03-11,2021,3,11,70,-67.5,-26.5,63.89,9.42,15.91,3.71,1.73,159.94,62.25
2021-03-12,2021,3,12,71,-67.5,-26.5,63.86,9.87,18.18,4.27,1.41,170,65.62
2021-03-13,2021,3,13,72,-67.5,-26.5,63.87,8.98,17.43,0.83,1.66,273.75,58.06
2021-03-14,2021,3,14,73,-67.5,-26.5,63.88,9.41,17.71,1.92,1.59,257.25,53.25
2021-03-15,2021,3,15,74,-67.5,-26.5,63.8,7.7,17.49,-0,3.9,318.56,49.38
2021-03-16,2021,3,16,75,-67.5,-26.5,63.76,6.94,17.43,-2.06,3.59,287.62,42.62
2021-03-17,2021,3,17,76,-67.5,-26.5,63.78,6.8,16.76,-3.09,1.95,285.75,48.69
2021-03-18,2021,3,18,77,-67.5,-26.5,63.66,7.09,17.95,-2.44,3.51,308.88,46.5
2021-03-19,2021,3,19,78,-67.5,-26.5,63.51,5.23,15.28,-2.52,5.73,323.75,53.81
2021-03-20,2021,3,20,79,-67.5,-26.5,63.72,5.47,15.91,-3.45,3.49,281.5,51.69
2021-03-21,2021,3,21,80,-67.5,-26.5,63.95,6.9,17.44,-1.13,1.84,235.75,55.31
2021-03-22,2021,3,22,81,-67.5,-26.5,63.97,6.62,18.06,-4.11,2.35,240,45.69
2021-03-23,2021,3,23,82,-67.5,-26.5,63.93,8.04,19.05,-1.44,1.93,282.44,58.75
2021-03-24,2021,3,24,83,-67.5,-26.5,63.85,7.19,17.75,-2.32,1.58,313.38,44.75
2021-03-25,2021,3,25,84,-67.5,-26.5,63.83,6.23,16.33,-2.46,3.35,310.5,40.44
2021-03-26,2021,3,26,85,-67.5,-26.5,63.79,4.88,16.47,-5.27,3.02,307.44,38.81
2021-03-27,2021,3,27,86,-67.5,-26.5,63.76,4.01,14.88,-4.62,2.21,252.31,49.75
2021-03-28,2021,3,28,87,-67.5,-26.5,63.76,4.62,16.05,-3.2,2.02,270.81,60.81
2021-03-29,2021,3,29,88,-67.5,-26.5,63.87,4.6,15.33,-3.85,1.61,254.06,61.62
2021-03-30,2021,3,30,89,-67.5,-26.5,63.82,5.97,16.62,-4.04,1.56,281.19,50.25
2021-03-31,2021,3,31,90,-67.5,-26.5,63.73,6.49,16.71,-3.51,2.02,277.88,42.06
2021-04-01,2021,4,1,91,-67.5,-26.5,63.64,5.35,15.57,-4.67,2.6,263.44,43.5
2021-04-02,2021,4,2,92,-67.5,-26.5,63.79,6.05,16.39,-4.53,1.37,284.44,44.94
2021-04-03,2021,4,3,93,-67.5,-26.5,63.86,7.04,17.52,-2.99,1.78,276.94,45.12
2021-04-04,2021,4,4,94,-67.5,-26.5,63.85,7.33,16.66,0.26,2.38,295.69,50.06
2021-04-05,2021,4,5,95,-67.5,-26.5,63.91,5.31,15.44,-3.7,2.35,294.38,44.94
2021-04-06,2021,4,6,96,-67.5,-26.5,63.97,6.31,16.62,-3.51,1.98,289.94,43.44
2021-04-07,2021,4,7,97,-67.5,-26.5,63.91,7.55,18.91,-2.57,2.56,314.12,39.44
2021-04-08,2021,4,8,98,-67.5,-26.5,63.85,6.6,18.34,-3.38,3.46,316.69,38.5
2021-04-09,2021,4,9,99,-67.5,-26.5,63.87,6.83,18.73,-3,2.74,318.81,34.81
2021-04-10,2021,4,10,100,-67.5,-26.5,63.81,7.41,18.2,-1.74,3.4,303.25,34.81
2021-04-11,2021,4,11,101,-67.5,-26.5,63.92,5.93,16.51,-0.88,1.49,231.81,47.81
2021-04-12,2021,4,12,102,-67.5,-26.5,64.01,6.13,17.05,-2.77,1.64,265.19,58.38
2021-04-13,2021,4,13,103,-67.5,-26.5,64.02,7.29,17.37,-0.6,1.32,255.06,55.81
2021-04-14,2021,4,14,104,-67.5,-26.5,63.86,6.11,16.34,-2.83,2.51,295.69,39.75
2021-04-15,2021,4,15,105,-67.5,-26.5,63.85,5.15,14.44,-3.13,1.45,258.56,39.31
2021-04-16,2021,4,16,106,-67.5,-26.5,63.9,5.12,13.34,-1.59,1.29,189.94,64.69
2021-04-17,2021,4,17,107,-67.5,-26.5,63.89,5.55,14.88,-2.43,1.44,237.56,57.38
2021-04-18,2021,4,18,108,-67.5,-26.5,63.93,5.4,14.15,-3.1,1.09,223.06,47.12
2021-04-19,2021,4,19,109,-67.5,-26.5,63.96,5.68,15.56,-2.88,1.92,290.06,37.38
2021-04-20,2021,4,20,110,-67.5,-26.5,63.84,4.35,15.53,-3.85,3.48,318.12,34.25
2021-04-21,2021,4,21,111,-67.5,-26.5,63.76,3.71,14.65,-4,3.86,309.88,31.5
2021-04-22,2021,4,22,112,-67.5,-26.5,63.63,2.26,13.19,-5.16,4.12,321.31,32.5
2021-04-23,2021,4,23,113,-67.5,-26.5,63.61,0.89,9.13,-5.3,3.59,320.5,37
2021-04-24,2021,4,24,114,-67.5,-26.5,63.81,-1.18,5.2,-5.42,0.87,205.06,53.75
2021-04-25,2021,4,25,115,-67.5,-26.5,63.82,-0.53,7.82,-7.05,0.93,263.81,64.94
2021-04-26,2021,4,26,116,-67.5,-26.5,63.78,1.83,12.08,-6.01,1.64,269.38,47.62
2021-04-27,2021,4,27,117,-67.5,-26.5,63.78,2.06,10.75,-4.49,1.38,293.81,44.44
2021-04-28,2021,4,28,118,-67.5,-26.5,63.94,1.01,6.83,-2.45,1.27,174.12,59.25
2021-04-29,2021,4,29,119,-67.5,-26.5,63.96,1.84,9.76,-4.39,0.95,259.94,61.88
2021-04-30,2021,4,30,120,-67.5,-26.5,63.81,2.66,13.62,-4.95,1.79,296.19,36.31
2021-05-01,2021,5,1,121,-67.5,-26.5,63.85,2.38,13.54,-4.93,2.57,307.75,33.31
2021-05-02,2021,5,2,122,-67.5,-26.5,63.83,3.06,14.76,-4.29,3.2,314.19,30.38
2021-05-03,2021,5,3,123,-67.5,-26.5,63.73,2.3,12.65,-3.85,5.3,325.06,32.38
2021-05-04,2021,5,4,124,-67.5,-26.5,63.78,0.74,9.93,-4.99,4.45,331.12,46.38
2021-05-05,2021,5,5,125,-67.5,-26.5,63.71,-0.38,9.3,-6.45,4.92,318.5,42.56
2021-05-06,2021,5,6,126,-67.5,-26.5,63.88,1.14,10,-5.08,1.79,241.31,36.44
2021-05-07,2021,5,7,127,-67.5,-26.5,63.79,1.96,11.54,-3.7,4.2,324.12,40.5
2021-05-08,2021,5,8,128,-67.5,-26.5,63.85,2.44,13.16,-3.82,4.23,321.75,42.56
2021-05-09,2021,5,9,129,-67.5,-26.5,63.88,2.98,13.26,-3.52,4.05,317.88,37.81
2021-05-10,2021,5,10,130,-67.5,-26.5,63.86,2.17,12.49,-4.46,3.71,310.06,36.88
2021-05-11,2021,5,11,131,-67.5,-26.5,63.82,1.95,10.39,-3.71,4.02,297.94,39.88
2021-05-12,2021,5,12,132,-67.5,-26.5,63.87,1.93,11.39,-5.63,1.59,276.44,39.94
2021-05-13,2021,5,13,133,-67.5,-26.5,63.87,2.48,9.04,-2.92,1.95,296.19,45.81
2021-05-14,2021,5,14,134,-67.5,-26.5,63.93,2.4,12.62,-4.59,2.08,308.62,42.5
2021-05-15,2021,5,15,135,-67.5,-26.5,63.97,2.71,12.71,-4.19,1.83,303,37.44
2021-05-16,2021,5,16,136,-67.5,-26.5,64.03,2.88,12.44,-3.92,1.23,264.44,40.44
2021-05-17,2021,5,17,137,-67.5,-26.5,64.04,3.4,12.33,-3.54,1.25,274.5,29.81
2021-05-18,2021,5,18,138,-67.5,-26.5,63.88,1.68,12.14,-4.7,3.54,315.56,33.25
2021-05-19,2021,5,19,139,-67.5,-26.5,63.66,0.33,8.73,-4.26,5.43,316.56,42.5
2021-05-20,2021,5,20,140,-67.5,-26.5,63.46,-0.33,7.37,-5.01,6.13,325.88,53.81
2021-05-21,2021,5,21,141,-67.5,-26.5,63.38,-1.7,5.64,-5.32,7.35,302,34.38
2021-05-22,2021,5,22,142,-67.5,-26.5,63.54,-0.8,6.79,-5.1,6.4,292.25,30.62
2021-05-23,2021,5,23,143,-67.5,-26.5,63.8,-0.45,8.8,-6.32,2.3,290.25,39.81
2021-05-24,2021,5,24,144,-67.5,-26.5,63.88,1.03,10.19,-4.49,3.48,302.12,35.69
2021-05-25,2021,5,25,145,-67.5,-26.5,64.05,2.02,10.22,-3.14,2.55,301.25,35.38
2021-05-26,2021,5,26,146,-67.5,-26.5,64.1,2.91,11.42,-2.39,2.93,298.75,43.5
2021-05-27,2021,5,27,147,-67.5,-26.5,63.86,1.53,10.66,-3.32,3.8,306.31,55.44
2021-05-28,2021,5,28,148,-67.5,-26.5,63.6,0.2,8.73,-4.74,4.12,290,54.69
2021-05-29,2021,5,29,149,-67.5,-26.5,63.74,-0.33,7.98,-5.67,1.72,302.81,50.69
2021-05-30,2021,5,30,150,-67.5,-26.5,63.87,-0.53,7.02,-5.47,2.32,274.5,42.12
2021-05-31,2021,5,31,151,-67.5,-26.5,64.01,0.89,9.34,-6.01,1.41,264.19,36.38
2021-06-01,2021,6,1,152,-67.5,-26.5,63.94,2.75,13.15,-4,2.15,280.62,34.88
2021-06-02,2021,6,2,153,-67.5,-26.5,63.9,2.98,11.51,-2.99,1.37,295.56,35.44
2021-06-03,2021,6,3,154,-67.5,-26.5,63.88,3.38,12.15,-3.48,1.07,263.5,37.31
2021-06-04,2021,6,4,155,-67.5,-26.5,63.77,2.15,12.68,-3.56,2.9,310.56,36.75
2021-06-05,2021,6,5,156,-67.5,-26.5,63.79,0.9,9.35,-4.48,1.56,290.06,42.06
2021-06-06,2021,6,6,157,-67.5,-26.5,63.63,-0.71,7.69,-5.2,3.12,310.5,36
2021-06-07,2021,6,7,158,-67.5,-26.5,63.7,-1.49,6.91,-6.17,3.95,306.69,35.94
2021-06-08,2021,6,8,159,-67.5,-26.5,63.76,-1.01,8.87,-6.97,3.01,311.94,34.06
2021-06-09,2021,6,9,160,-67.5,-26.5,63.71,-2.01,5.08,-6.31,4.54,304.62,44.75
2021-06-10,2021,6,10,161,-67.5,-26.5,63.97,-2.32,5.6,-8.94,1.42,235,46.56
2021-06-11,2021,6,11,162,-67.5,-26.5,64.07,0.57,9.33,-6.24,1,237.44,33.31
2021-06-12,2021,6,12,163,-67.5,-26.5,63.94,2.36,11.91,-4.4,1.81,311.62,28
2021-06-13,2021,6,13,164,-67.5,-26.5,63.89,2.44,11.65,-4.5,1.59,315.94,23.12
2021-06-14,2021,6,14,165,-67.5,-26.5,63.9,1.58,10.22,-4.16,2.09,308.56,28.81
2021-06-15,2021,6,15,166,-67.5,-26.5,63.67,0.31,7.16,-4.21,4.89,328.44,53.88
2021-06-16,2021,6,16,167,-67.5,-26.5,63.51,-1.09,4.61,-4.94,5.91,312.5,53
2021-06-17,2021,6,17,168,-67.5,-26.5,63.44,-2.03,4.9,-6.2,5.3,317.12,56.44
2021-06-18,2021,6,18,169,-67.5,-26.5,63.33,-3.35,2.3,-7.88,6.35,310.12,52.25
2021-06-19,2021,6,19,170,-67.5,-26.5,63.68,-3.13,8.17,-11.62,3.66,309.44,40.81
2021-06-20,2021,6,20,171,-67.5,-26.5,63.6,-1.38,6.7,-7.09,5.45,317,44.56
2021-06-21,2021,6,21,172,-67.5,-26.5,63.74,-1.88,7.42,-9.31,4.1,311,35.5
2021-06-22,2021,6,22,173,-67.5,-26.5,63.55,-2.2,6.58,-9.27,5.18,330.38,40.25
2021-06-23,2021,6,23,174,-67.5,-26.5,63.19,-4.2,0.44,-9.04,9.55,318.19,51
2021-06-24,2021,6,24,175,-67.5,-26.5,63.58,-3.35,7.58,-11.26,4.43,302.44,34
2021-06-25,2021,6,25,176,-67.5,-26.5,63.52,-1.56,7.12,-7.11,4.67,306.88,37.56
2021-06-26,2021,6,26,177,-67.5,-26.5,63.35,-3.44,2.87,-8.08,6.27,310,37.62
2021-06-27,2021,6,27,178,-67.5,-26.5,63.34,-6.31,1.49,-11.89,4.37,296.38,37.75
2021-06-28,2021,6,28,179,-67.5,-26.5,63.81,-5.63,3.76,-14.31,2.02,244.12,35.31
2021-06-29,2021,6,29,180,-67.5,-26.5,64.15,-1.18,6.47,-7.28,0.91,238.75,22.88
2021-06-30,2021,6,30,181,-67.5,-26.5,63.95,0.45,10.71,-7.88,2.28,325.12,26.69
2021-07-01,2021,7,1,182,-67.5,-26.5,63.96,0.86,11.77,-6.2,2.89,320.5,27.62
2021-07-02,2021,7,2,183,-67.5,-26.5,64.1,1.83,12.16,-5.34,2.57,315.94,27.94
2021-07-03,2021,7,3,184,-67.5,-26.5,64.07,2.02,12.67,-4.06,2.48,318.62,28.19
2021-07-04,2021,7,4,185,-67.5,-26.5,64.01,1.8,11.55,-3.52,2.85,328,32.94
2021-07-05,2021,7,5,186,-67.5,-26.5,64.02,1.66,11.7,-4.32,2.45,330,33.12
2021-07-06,2021,7,6,187,-67.5,-26.5,63.8,0.31,9.5,-4.56,4.62,314.69,32.94
2021-07-07,2021,7,7,188,-67.5,-26.5,63.94,1.52,10.4,-5.85,1.29,297.25,26.81
2021-07-08,2021,7,8,189,-67.5,-26.5,63.89,2.3,10.8,-4.36,1.45,310.25,22.81
2021-07-09,2021,7,9,190,-67.5,-26.5,63.93,1.56,11.19,-5.7,2.21,309,24.75
2021-07-10,2021,7,10,191,-67.5,-26.5,63.99,1.97,10.54,-4.04,1.23,301.31,23.5
2021-07-11,2021,7,11,192,-67.5,-26.5,63.82,2.12,11.98,-3.07,3.71,315.69,31.12
2021-07-12,2021,7,12,193,-67.5,-26.5,63.89,1.03,6.9,-2.34,4.39,320.94,47.69
2021-07-13,2021,7,13,194,-67.5,-26.5,63.73,1.3,8.19,-2.3,4.99,331.12,65.25
2021-07-14,2021,7,14,195,-67.5,-26.5,63.57,-0.13,6.54,-4.73,5.9,316.5,50.94
2021-07-15,2021,7,15,196,-67.5,-26.5,63.63,-1.2,7.04,-5.38,2.84,305.19,41
2021-07-16,2021,7,16,197,-67.5,-26.5,63.67,-1.92,6.71,-7.7,3.99,289.75,32.06
2021-07-17,2021,7,17,198,-67.5,-26.5,63.91,0.19,8.67,-6.23,2.41,272.38,27.69
2021-07-18,2021,7,18,199,-67.5,-26.5,64.02,1.55,9.63,-3.03,1.05,273.31,27.19
2021-07-19,2021,7,19,200,-67.5,-26.5,63.83,1.52,9.62,-2.98,2.82,293.38,27.62
2021-07-20,2021,7,20,201,-67.5,-26.5,63.95,0.33,8.98,-5.54,1.61,258.75,25.81
2021-07-21,2021,7,21,202,-67.5,-26.5,64.11,1.78,11.33,-5.34,2.36,327.31,25.88
2021-07-22,2021,7,22,203,-67.5,-26.5,64.16,3.37,12.81,-3.04,2.29,305.19,28.75
2021-07-23,2021,7,23,204,-67.5,-26.5,63.98,2.23,11.96,-2.39,3.03,316.44,30.81
2021-07-24,2021,7,24,205,-67.5,-26.5,63.77,0.19,7.37,-4.95,6.08,316.19,35.94
2021-07-25,2021,7,25,206,-67.5,-26.5,63.68,-1.16,7.14,-5.84,5.45,319.69,26.44
2021-07-26,2021,7,26,207,-67.5,-26.5,63.55,-2.15,4.8,-6.06,6.22,311.19,25.06
2021-07-27,2021,7,27,208,-67.5,-26.5,63.53,-3.7,4.82,-10.38,4.17,299,28.62
2021-07-28,2021,7,28,209,-67.5,-26.5,63.63,-4.37,5.62,-11.15,2.56,255.44,34.44
2021-07-29,2021,7,29,210,-67.5,-26.5,63.65,-2.67,5.55,-9.83,3.01,302,36.5
2021-07-30,2021,7,30,211,-67.5,-26.5,63.71,-1.21,5.72,-8.74,2.62,295.56,38.19
2021-07-31,2021,7,31,212,-67.5,-26.5,63.96,-1.36,3.17,-4.86,1.67,195.56,47.69
2021-08-01,2021,8,1,213,-67.5,-26.5,64.19,-1.55,6.3,-6.79,0.95,152.31,51.06
2021-08-02,2021,8,2,214,-67.5,-26.5,64.11,0.62,9.18,-4.87,1.4,312.06,41.25
2021-08-03,2021,8,3,215,-67.5,-26.5,64.09,0.54,8.6,-4.62,1.65,236.75,45.88
2021-08-04,2021,8,4,216,-67.5,-26.5,64.04,0.48,7.62,-4.69,1.07,193.25,59.69
2021-08-05,2021,8,5,217,-67.5,-26.5,64.01,0.06,6.62,-4.8,1.61,252.38,37.44
2021-08-06,2021,8,6,218,-67.5,-26.5,63.98,2.44,12.8,-4.31,1.4,291.5,27.5
2021-08-07,2021,8,7,219,-67.5,-26.5,63.78,1.69,12.29,-4.24,4.61,322.5,24.94
2021-08-08,2021,8,8,220,-67.5,-26.5,63.66,1.1,9.52,-4.56,7.34,321.25,28.88
2021-08-09,2021,8,9,221,-67.5,-26.5,63.75,0.75,11.1,-4.88,5.69,310.38,24.69
2021-08-10,2021,8,10,222,-67.5,-26.5,63.79,0.87,10.5,-4.99,3.85,303.06,22
2021-08-11,2021,8,11,223,-67.5,-26.5,63.73,0.64,9.65,-4.3,3.55,308.19,26.19
2021-08-12,2021,8,12,224,-67.5,-26.5,63.66,-1.33,6.21,-5.77,3.31,301.81,36.5
2021-08-13,2021,8,13,225,-67.5,-26.5,63.7,-1.04,8.44,-6.14,4.13,293.31,26.94
2021-08-14,2021,8,14,226,-67.5,-26.5,63.85,0.17,10.48,-6.21,3.1,303.69,32.75
2021-08-15,2021,8,15,227,-67.5,-26.5,63.76,1.07,10.9,-4.54,4.48,302,37
2021-08-16,2021,8,16,228,-67.5,-26.5,63.77,2.14,12.55,-3.69,4.85,304.25,32.06
2021-08-17,2021,8,17,229,-67.5,-26.5,63.96,2.52,13.65,-3.87,3.73,302.81,29.06
2021-08-18,2021,8,18,230,-67.5,-26.5,64.02,2.25,13.39,-3.96,3.6,312.94,22.19
2021-08-19,2021,8,19,231,-67.5,-26.5,63.86,1.13,10.42,-4.05,6.09,312.06,31.88
2021-08-20,2021,8,20,232,-67.5,-26.5,63.73,2.31,12.89,-4.13,4.38,301.19,32.62
2021-08-21,2021,8,21,233,-67.5,-26.5,63.71,2.15,13.65,-4.38,4.49,310.25,25.75
2021-08-22,2021,8,22,234,-67.5,-26.5,63.67,2.44,14.41,-4.5,4.65,314.12,18.12
2021-08-23,2021,8,23,235,-67.5,-26.5,63.34,1.69,11.92,-4.19,6.66,318.56,16.62
2021-08-24,2021,8,24,236,-67.5,-26.5,62.93,0.08,8.27,-5.17,9.2,331.69,21.19
2021-08-25,2021,8,25,237,-67.5,-26.5,63.06,-4.27,2.62,-8.74,4.9,287.12,32.25
2021-08-26,2021,8,26,238,-67.5,-26.5,63.4,-1.52,7.95,-7.85,3.77,297.88,22
2021-08-27,2021,8,27,239,-67.5,-26.5,63.62,-1.27,8.54,-8.42,2.45,307.75,23.38
2021-08-28,2021,8,28,240,-67.5,-26.5,63.91,0.88,11.08,-5.99,1.38,218.31,27.56
2021-08-29,2021,8,29,241,-67.5,-26.5,63.98,2.61,13.02,-3.93,2.88,336.69,26.94
2021-08-30,2021,8,30,242,-67.5,-26.5,63.87,2.29,13.62,-4.56,4.23,315.31,24.12
2021-08-31,2021,8,31,243,-67.5,-26.5,63.92,3.66,14.98,-4.27,3.73,318.06,25.19
2021-09-01,2021,9,1,244,-67.5,-26.5,63.87,3.95,14.86,-3.06,4.1,323.12,30.06
2021-09-02,2021,9,2,245,-67.5,-26.5,63.93,2.96,13.88,-5.06,3.02,303.44,31.12
2021-09-03,2021,9,3,246,-67.5,-26.5,63.86,2.65,14.08,-4.95,3.82,311,20.62
2021-09-04,2021,9,4,247,-67.5,-26.5,63.87,2.83,13.08,-5.11,3.21,300.56,19.06
2021-09-05,2021,9,5,248,-67.5,-26.5,63.75,3.21,15.02,-4.55,4.63,318.56,17.88
2021-09-06,2021,9,6,249,-67.5,-26.5,63.6,3.41,13.88,-3.51,6.16,318.06,21.12
2021-09-07,2021,9,7,250,-67.5,-26.5,63.48,0.43,8.55,-5.52,7.04,315.88,20.5
2021-09-08,2021,9,8,251,-67.5,-26.5,63.56,1.08,11.46,-5.76,5.35,293.38,20.19
2021-09-09,2021,9,9,252,-67.5,-26.5,63.7,2.07,12.67,-5.56,3.1,298.19,25.69
2021-09-10,2021,9,10,253,-67.5,-26.5,63.73,2.99,13.48,-4.63,2.41,304.44,24.12
2021-09-11,2021,9,11,254,-67.5,-26.5,63.65,3.52,15.08,-4.55,6,320.62,19.44
2021-09-12,2021,9,12,255,-67.5,-26.5,63.6,2.36,12.55,-4.38,7.14,324.06,18.44
2021-09-13,2021,9,13,256,-67.5,-26.5,63.56,0.53,9.76,-5.31,5.82,313.25,22.06
2021-09-14,2021,9,14,257,-67.5,-26.5,63.56,0.43,10.69,-5.99,4.78,313.38,25.94
2021-09-15,2021,9,15,258,-67.5,-26.5,63.68,1.01,11,-5.93,3.98,303.56,26.06
2021-09-16,2021,9,16,259,-67.5,-26.5,63.84,2.37,13.9,-4.77,3.6,318.81,22.31
2021-09-17,2021,9,17,260,-67.5,-26.5,63.88,3.87,16.35,-5.26,5.02,309.62,16.44
2021-09-18,2021,9,18,261,-67.5,-26.5,63.83,5.1,17.06,-4.14,4.78,315.5,17.12
2021-09-19,2021,9,19,262,-67.5,-26.5,63.75,5.08,15.99,-3.05,4.75,326.62,29.56
2021-09-20,2021,9,20,263,-67.5,-26.5,63.83,6.08,17.48,-3.13,3.45,284.44,45.31
2021-09-21,2021,9,21,264,-67.5,-26.5,63.85,5.32,15.02,-1.71,3.55,309.25,48.06
2021-09-22,2021,9,22,265,-67.5,-26.5,63.79,4.07,13.87,-2.6,5.99,313.19,37.44
2021-09-23,2021,9,23,266,-67.5,-26.5,63.92,3.57,14.77,-5.17,1.83,267.25,30.19
2021-09-24,2021,9,24,267,-67.5,-26.5,64.01,5.51,16.87,-4.04,2.08,288.62,30.69
2021-09-25,2021,9,25,268,-67.5,-26.5,64.06,5.96,16.59,-4.66,2.7,265.69,18.62
2021-09-26,2021,9,26,269,-67.5,-26.5,64.05,7.45,17.94,-0.97,1.6,247.81,18.75
2021-09-27,2021,9,27,270,-67.5,-26.5,64.04,6.87,18.4,-3.82,2.24,286.12,23.44
2021-09-28,2021,9,28,271,-67.5,-26.5,63.99,7.77,19.48,-1.79,1.72,266.81,33.81
2021-09-29,2021,9,29,272,-67.5,-26.5,63.8,7.67,20.42,-3.22,2.85,300.31,20.81
2021-09-30,2021,9,30,273,-67.5,-26.5,63.87,4.5,15.23,-3.81,4.52,307.56,22.44
2021-10-01,2021,10,1,274,-67.5,-26.5,63.7,3.62,14.74,-5.27,4.82,309.81,24.88
2021-10-02,2021,10,2,275,-67.5,-26.5,63.5,2.92,13.72,-5.48,5.04,297,22.19
2021-10-03,2021,10,3,276,-67.5,-26.5,63.39,1.45,11.58,-6.93,5.73,311.06,23.25
2021-10-04,2021,10,4,277,-67.5,-26.5,63.56,3,14.82,-6.03,4.61,300.5,20.44
2021-10-05,2021,10,5,278,-67.5,-26.5,63.65,4.5,16.08,-4.74,4.75,309.19,18.31
2021-10-06,2021,10,6,279,-67.5,-26.5,63.82,5.81,16.27,-2.99,3.65,310.44,30.06
2021-10-07,2021,10,7,280,-67.5,-26.5,63.71,6.24,16.28,-2.7,6.02,317.38,36.25
2021-10-08,2021,10,8,281,-67.5,-26.5,63.59,5.27,14.37,-1.79,7.6,322.38,34.5
2021-10-09,2021,10,9,282,-67.5,-26.5,63.63,4.23,13.97,-3.45,6.64,320.19,36.69
2021-10-10,2021,10,10,283,-67.5,-26.5,63.75,4.33,14.43,-3.85,6.02,288.5,25.75
2021-10-11,2021,10,11,284,-67.5,-26.5,63.87,6.86,19.33,-4.31,3.1,299.88,16.81
2021-10-12,2021,10,12,285,-67.5,-26.5,63.75,7.19,19.99,-4.02,5.03,311.88,18.44
2021-10-13,2021,10,13,286,-67.5,-26.5,63.62,6.37,17.55,-2.88,5.58,302.94,14.19
2021-10-14,2021,10,14,287,-67.5,-26.5,63.51,4.51,15.37,-4.6,6.03,308.56,17.88
2021-10-15,2021,10,15,288,-67.5,-26.5,63.58,2.9,13.23,-6.35,5.12,300.94,26.38
2021-10-16,2021,10,16,289,-67.5,-26.5,63.66,2.65,12.91,-5.81,5.09,302.69,26.69
2021-10-17,2021,10,17,290,-67.5,-26.5,63.69,2.43,12.96,-6.34,4.2,279.19,23.19
2021-10-18,2021,10,18,291,-67.5,-26.5,63.78,2.83,13.62,-4.6,2.61,190.25,43.38
2021-10-19,2021,10,19,292,-67.5,-26.5,63.83,4.55,16.16,-5.04,2.3,269.38,44.81
2021-10-20,2021,10,20,293,-67.5,-26.5,63.83,4.26,14.33,-4.64,4.65,299.44,22.5
2021-10-21,2021,10,21,294,-67.5,-26.5,63.75,4.76,17.05,-5.9,3.86,304.44,20.44
2021-10-22,2021,10,22,295,-67.5,-26.5,63.65,4.98,16.09,-4.53,6.12,301.56,19.06
2021-10-23,2021,10,23,296,-67.5,-26.5,63.52,2.95,11.37,-4.98,5.06,270.25,25.25
2021-10-24,2021,10,24,297,-67.5,-26.5,63.93,4.67,14.96,-4.6,2.02,185.69,40.88
2021-10-25,2021,10,25,298,-67.5,-26.5,64.06,6.8,16.63,-3.02,2.09,174.5,38.12
2021-10-26,2021,10,26,299,-67.5,-26.5,64.02,6.15,15.38,-0.76,1.45,153.25,46
2021-10-27,2021,10,27,300,-67.5,-26.5,64,7.47,17.12,-2.41,1.92,259.38,38.75
2021-10-28,2021,10,28,301,-67.5,-26.5,64.12,8.37,17.89,-0.51,1.55,144.44,49.25
2021-10-29,2021,10,29,302,-67.5,-26.5,63.99,9.96,19.16,2.62,1.34,188.38,47.06
2021-10-30,2021,10,30,303,-67.5,-26.5,63.95,9.44,17.74,0.79,2.39,174.12,47.38
2021-10-31,2021,10,31,304,-67.5,-26.5,63.93,10.41,19.71,3.99,1.82,286.5,48
2021-11-01,2021,11,1,305,-67.5,-26.5,63.84,8.78,19.54,-1.93,2.8,302.94,30.38
2021-11-02,2021,11,2,306,-67.5,-26.5,63.81,7.49,17.73,-3.36,3.16,273.44,30.94
2021-11-03,2021,11,3,307,-67.5,-26.5,63.69,8.52,20.15,-3.85,2.72,291,27.44
2021-11-04,2021,11,4,308,-67.5,-26.5,63.64,8.01,19.21,-3.15,3.29,309.94,28.19
2021-11-05,2021,11,5,309,-67.5,-26.5,63.69,5.98,16.82,-2.97,2.65,284,36.56
2021-11-06,2021,11,6,310,-67.5,-26.5,63.76,5.93,16.49,-5.07,4.03,295.12,29.75
2021-11-07,2021,11,7,311,-67.5,-26.5,63.76,6.71,17.71,-4.42,3.59,284.38,24.31
2021-11-08,2021,11,8,312,-67.5,-26.5,63.78,7.35,18.23,-3.14,3.75,287.06,24.44
2021-11-09,2021,11,9,313,-67.5,-26.5,63.81,6.66,16.52,-3.18,4.04,300.38,26.81
2021-11-10,2021,11,10,314,-67.5,-26.5,63.74,5.06,14.18,-3.98,3.45,292.19,36.81
2021-11-11,2021,11,11,315,-67.5,-26.5,63.86,7.21,17.37,-3.25,2.14,267.69,36.5
2021-11-12,2021,11,12,316,-67.5,-26.5,63.86,9.03,19.05,-2.07,1.73,289.06,33.19
2021-11-13,2021,11,13,317,-67.5,-26.5,63.73,9.15,19.33,-2.49,3.88,267.81,28.75
2021-11-14,2021,11,14,318,-67.5,-26.5,63.71,10.4,20.13,3.56,2.66,267.75,39.12
2021-11-15,2021,11,15,319,-67.5,-26.5,63.71,8.65,20.42,-3.35,3.03,281.44,21.12
2021-11-16,2021,11,16,320,-67.5,-26.5,63.75,8.83,20.32,0.73,3.16,217,35.69
2021-11-17,2021,11,17,321,-67.5,-26.5,63.66,6.05,16.55,-2.48,2.87,251.69,38.38
2021-11-18,2021,11,18,322,-67.5,-26.5,63.73,6.44,15.19,-1.72,2.42,175.5,38.75
2021-11-19,2021,11,19,323,-67.5,-26.5,63.76,7.62,18.05,-1,1.59,249.06,49
2021-11-20,2021,11,20,324,-67.5,-26.5,63.84,9.63,19.94,0.51,2.21,255.94,44.06
2021-11-21,2021,11,21,325,-67.5,-26.5,63.86,11.35,21.83,1.59,2.3,257.31,40.5
2021-11-22,2021,11,22,326,-67.5,-26.5,63.88,11.37,21.59,1.26,2.27,251.12,39.12
2021-11-23,2021,11,23,327,-67.5,-26.5,63.97,11.7,22.49,4.4,1.84,190.19,58.19
2021-11-24,2021,11,24,328,-67.5,-26.5,63.87,11.58,22.98,1.68,3.78,276.19,34.38
2021-11-25,2021,11,25,329,-67.5,-26.5,63.94,10.67,22.37,-1.55,2.66,230.94,25.94
2021-11-26,2021,11,26,330,-67.5,-26.5,63.85,12.55,23.93,1.93,2.63,255,38.81
2021-11-27,2021,11,27,331,-67.5,-26.5,63.67,10.22,21.06,-0.81,5.12,299,22.12
2021-11-28,2021,11,28,332,-67.5,-26.5,63.68,8.08,18.53,-1.97,2.41,199.25,34.56
2021-11-29,2021,11,29,333,-67.5,-26.5,63.66,8.93,18.42,-0.7,1.34,226.62,39.25
2021-11-30,2021,11,30,334,-67.5,-26.5,63.62,9.05,19.76,-1.01,2.94,287.69,30.38
2021-12-01,2021,12,1,335,-67.5,-26.5,63.67,8.99,20.56,-3.67,3.29,268.44,27.38
2021-12-02,2021,12,2,336,-67.5,-26.5,63.77,11.24,22.52,-0.88,2.45,259.12,32.81
2021-12-03,2021,12,3,337,-67.5,-26.5,63.76,11.56,21.97,0.74,2.66,271.75,37.06
2021-12-04,2021,12,4,338,-67.5,-26.5,63.9,12.15,21.79,5.22,2.41,177.94,55.62
2021-12-05,2021,12,5,339,-67.5,-26.5,64.08,11.93,20.92,5.26,2.87,131.25,58.25
2021-12-06,2021,12,6,340,-67.5,-26.5,64.06,12.26,21.01,5.59,1.91,98.88,58.88
2021-12-07,2021,12,7,341,-67.5,-26.5,63.94,13.71,23.09,6.4,2.38,208.94,53.12
2021-12-08,2021,12,8,342,-67.5,-26.5,63.92,13.13,21.79,5.97,2.74,163.5,49.88
2021-12-09,2021,12,9,343,-67.5,-26.5,63.75,12.93,22.49,5.81,1.98,169.12,52.75
2021-12-10,2021,12,10,344,-67.5,-26.5,63.62,11.89,21.54,4.62,2.7,258.06,41.38
2021-12-11,2021,12,11,345,-67.5,-26.5,63.5,9.29,17.91,0.96,2.93,290.25,31.69
2021-12-12,2021,12,12,346,-67.5,-26.5,63.43,8.91,19.9,-1.84,3.04,301,30.88
2021-12-13,2021,12,13,347,-67.5,-26.5,63.6,7.12,17.21,-2.23,2.68,294.38,39.94
2021-12-14,2021,12,14,348,-67.5,-26.5,63.73,7.63,17.65,-3.32,3.77,287.06,38.81
2021-12-15,2021,12,15,349,-67.5,-26.5,63.83,9.64,19.65,-1.2,2.1,269.5,38.5
2021-12-16,2021,12,16,350,-67.5,-26.5,63.88,11.58,20.67,4.24,1.76,158.75,52.12
2021-12-17,2021,12,17,351,-67.5,-26.5,63.97,11.68,19.07,5.35,2.18,157.62,56.31
2021-12-18,2021,12,18,352,-67.5,-26.5,64.01,11.12,16.23,5.69,1.11,95.25,57.44
2021-12-19,2021,12,19,353,-67.5,-26.5,64.02,10.66,17.6,5.55,3.17,157.5,66.12
2021-12-20,2021,12,20,354,-67.5,-26.5,64.07,10.4,17.44,4.01,4.21,153.06,58
2021-12-21,2021,12,21,355,-67.5,-26.5,63.9,11.77,19.56,5.12,3.4,155,55.56
2021-12-22,2021,12,22,356,-67.5,-26.5,63.92,11.08,18.62,5.37,3.61,125.5,64.31
2021-12-23,2021,12,23,357,-67.5,-26.5,63.99,8.65,17.03,2.87,2.12,147.25,73.62
2021-12-24,2021,12,24,358,-67.5,-26.5,63.95,10.4,18.19,3.19,3.78,163.19,64.31
2021-12-25,2021,12,25,359,-67.5,-26.5,64.02,10.76,18.96,4.05,3.94,135.62,57.25
2021-12-26,2021,12,26,360,-67.5,-26.5,64.02,10.04,17.82,4.83,2.82,132.38,62.81
2021-12-27,2021,12,27,361,-67.5,-26.5,63.94,10.68,17.88,5.01,2.54,142.94,62.56
2021-12-28,2021,12,28,362,-67.5,-26.5,63.93,11,19.44,4.75,2.61,156,58.5
2021-12-29,2021,12,29,363,-67.5,-26.5,63.99,12.57,22.83,2.66,1.88,193.69,46.56
2021-12-30,2021,12,30,364,-67.5,-26.5,64.04,13.17,22.25,4.01,4,196.25,39.62
2021-12-31,2021,12,31,365,-67.5,-26.5,63.86,14.03,24.26,5.9,2.1,203.44,50.06
