lon,lat,site_id,year,mm,dd,doy,prectotcorr,qv2m
-67.5,-26.5,A,2012,1,1,1,0.2,6.65
-67.5,-26.5,A,2012,1,2,2,0,5.62
-67.5,-26.5,A,2012,1,3,3,0,5.74
-67.5,-26.5,A,2012,1,4,4,2.4,6.23
-67.5,-26.5,A,2012,1,5,5,1.25,6.16
-67.5,-26.5,A,2012,1,6,6,3.4,6.23
-67.5,-26.5,A,2012,1,7,7,8.35,6.16
-67.5,-26.5,A,2012,1,8,8,0.44,7.02
-67.5,-26.5,A,2012,1,9,9,0.06,6.77
-67.5,-26.5,A,2012,1,10,10,3.18,6.35
-67.5,-26.5,A,2012,1,11,11,10.22,5.25
-67.5,-26.5,A,2012,1,12,12,2.16,6.35
-67.5,-26.5,A,2012,1,13,13,0,5.98
-67.5,-26.5,A,2012,1,14,14,0.21,5.68
-67.5,-26.5,A,2012,1,15,15,0.04,5.13
-67.5,-26.5,A,2012,1,16,16,0.43,5.92
-67.5,-26.5,A,2012,1,17,17,1.68,5.43
-67.5,-26.5,A,2012,1,18,18,2.31,5.8
-67.5,-26.5,A,2012,1,19,19,2.22,5.37
-67.5,-26.5,A,2012,1,20,20,0,4.21
-67.5,-26.5,A,2012,1,21,21,6.04,3.6
-67.5,-26.5,A,2012,1,22,22,2.98,4.58
-67.5,-26.5,A,2012,1,23,23,0.12,3.17
-67.5,-26.5,A,2012,1,24,24,4.58,4.15
-67.5,-26.5,A,2012,1,25,25,10.51,6.65
-67.5,-26.5,A,2012,1,26,26,0.79,6.96
-67.5,-26.5,A,2012,1,27,27,0,7.14
-67.5,-26.5,A,2012,1,28,28,0,6.9
-67.5,-26.5,A,2012,1,29,29,0,7.08
-67.5,-26.5,A,2012,1,30,30,1.34,7.75
-67.5,-26.5,A,2012,1,31,31,3.68,5.74
-67.5,-26.5,A,2012,2,1,32,0.63,6.65
-67.5,-26.5,A,2012,2,2,33,0.44,6.53
-67.5,-26.5,A,2012,2,3,34,0.03,6.77
-67.5,-26.5,A,2012,2,4,35,0,8.18
-67.5,-26.5,A,2012,2,5,36,1,8.61
-67.5,-26.5,A,2012,2,6,37,1.22,7.57
-67.5,-26.5,A,2012,2,7,38,0.37,7.81
-67.5,-26.5,A,2012,2,8,39,28.05,7.93
-67.5,-26.5,A,2012,2,9,40,5.94,7.45
-67.5,-26.5,A,2012,2,10,41,2.08,6.53
-67.5,-26.5,A,2012,2,11,42,0.02,5.43
-67.5,-26.5,A,2012,2,12,43,0,6.35
-67.5,-26.5,A,2012,2,13,44,0.04,6.84
-67.5,-26.5,A,2012,2,14,45,0,7.45
-67.5,-26.5,A,2012,2,15,46,0,8.06
-67.5,-26.5,A,2012,2,16,47,0,7.45
-67.5,-26.5,A,2012,2,17,48,0.31,7.63
-67.5,-26.5,A,2012,2,18,49,1.66,6.71
-67.5,-26.5,A,2012,2,19,50,12.6,7.81
-67.5,-26.5,A,2012,2,20,51,8.25,6.59
-67.5,-26.5,A,2012,2,21,52,6.84,6.84
-67.5,-26.5,A,2012,2,22,53,1.8,6.47
-67.5,-26.5,A,2012,2,23,54,7.66,6.23
-67.5,-26.5,A,2012,2,24,55,8.79,4.82
-67.5,-26.5,A,2012,2,25,56,2.51,4.7
-67.5,-26.5,A,2012,2,26,57,0.31,6.04
-67.5,-26.5,A,2012,2,27,58,0.02,6.1
-67.5,-26.5,A,2012,2,28,59,0,5.68
-67.5,-26.5,A,2012,2,29,60,16.24,6.16
-67.5,-26.5,A,2012,3,1,61,1,6.16
-67.5,-26.5,A,2012,3,2,62,0.03,5.92
-67.5,-26.5,A,2012,3,3,63,0,6.47
-67.5,-26.5,A,2012,3,4,64,1.07,7.14
-67.5,-26.5,A,2012,3,5,65,1.47,5.62
-67.5,-26.5,A,2012,3,6,66,13.82,7.57
-67.5,-26.5,A,2012,3,7,67,2.2,8
-67.5,-26.5,A,2012,3,8,68,0.03,7.81
-67.5,-26.5,A,2012,3,9,69,0,7.75
-67.5,-26.5,A,2012,3,10,70,0,7.26
-67.5,-26.5,A,2012,3,11,71,0,5.98
-67.5,-26.5,A,2012,3,12,72,3.84,5.62
-67.5,-26.5,A,2012,3,13,73,2.33,6.1
-67.5,-26.5,A,2012,3,14,74,1.09,7.14
-67.5,-26.5,A,2012,3,15,75,0,6.71
-67.5,-26.5,A,2012,3,16,76,0,6.23
-67.5,-26.5,A,2012,3,17,77,0,4.52
-67.5,-26.5,A,2012,3,18,78,0,4.58
-67.5,-26.5,A,2012,3,19,79,0,5.68
-67.5,-26.5,A,2012,3,20,80,0.33,6.9
-67.5,-26.5,A,2012,3,21,81,1.82,5.68
-67.5,-26.5,A,2012,3,22,82,9.69,5.68
-67.5,-26.5,A,2012,3,23,83,1.95,5.8
-67.5,-26.5,A,2012,3,24,84,0.13,5.62
-67.5,-26.5,A,2012,3,25,85,1.42,4.33
-67.5,-26.5,A,2012,3,26,86,10.24,4.46
-67.5,-26.5,A,2012,3,27,87,1.99,4.88
-67.5,-26.5,A,2012,3,28,88,0,4.15
-67.5,-26.5,A,2012,3,29,89,0,3.54
-67.5,-26.5,A,2012,3,30,90,0,4.94
-67.5,-26.5,A,2012,3,31,91,0,4.15
-67.5,-26.5,A,2012,4,1,92,0,2.69
-67.5,-26.5,A,2012,4,2,93,6.92,3.6
-67.5,-26.5,A,2012,4,3,94,8.26,3.72
-67.5,-26.5,A,2012,4,4,95,0,3.05
-67.5,-26.5,A,2012,4,5,96,0.07,3.23
-67.5,-26.5,A,2012,4,6,97,0.11,3.11
-67.5,-26.5,A,2012,4,7,98,0,2.93
-67.5,-26.5,A,2012,4,8,99,1.55,3.17
-67.5,-26.5,A,2012,4,9,100,6.43,3.3
-67.5,-26.5,A,2012,4,10,101,11.22,3.97
-67.5,-26.5,A,2012,4,11,102,0.92,4.03
-67.5,-26.5,A,2012,4,12,103,7.6,6.16
-67.5,-26.5,A,2012,4,13,104,0.28,4.15
-67.5,-26.5,A,2012,4,14,105,2.04,3.36
-67.5,-26.5,A,2012,4,15,106,1.73,2.62
-67.5,-26.5,A,2012,4,16,107,0,2.26
-67.5,-26.5,A,2012,4,17,108,0,2.2
-67.5,-26.5,A,2012,4,18,109,0.05,2.08
-67.5,-26.5,A,2012,4,19,110,1.09,2.56
-67.5,-26.5,A,2012,4,20,111,2.84,2.44
-67.5,-26.5,A,2012,4,21,112,0.56,2.75
-67.5,-26.5,A,2012,4,22,113,0.18,2.38
-67.5,-26.5,A,2012,4,23,114,8.55,2.99
-67.5,-26.5,A,2012,4,24,115,1.68,2.99
-67.5,-26.5,A,2012,4,25,116,4.35,3.36
-67.5,-26.5,A,2012,4,26,117,0,2.26
-67.5,-26.5,A,2012,4,27,118,9.27,2.56
-67.5,-26.5,A,2012,4,28,119,0.42,1.83
-67.5,-26.5,A,2012,4,29,120,0.01,2.56
-67.5,-26.5,A,2012,4,30,121,0,2.32
-67.5,-26.5,A,2012,5,1,122,0,2.26
-67.5,-26.5,A,2012,5,2,123,0,2.26
-67.5,-26.5,A,2012,5,3,124,0,2.38
-67.5,-26.5,A,2012,5,4,125,0,2.62
-67.5,-26.5,A,2012,5,5,126,0,3.11
-67.5,-26.5,A,2012,5,6,127,0,2.99
-67.5,-26.5,A,2012,5,7,128,0,3.91
-67.5,-26.5,A,2012,5,8,129,0,3.54
-67.5,-26.5,A,2012,5,9,130,0,2.2
-67.5,-26.5,A,2012,5,10,131,0.01,2.32
-67.5,-26.5,A,2012,5,11,132,0.35,2.26
-67.5,-26.5,A,2012,5,12,133,0.13,2.44
-67.5,-26.5,A,2012,5,13,134,0.04,2.75
-67.5,-26.5,A,2012,5,14,135,0,2.44
-67.5,-26.5,A,2012,5,15,136,0,1.89
-67.5,-26.5,A,2012,5,16,137,0,2.01
-67.5,-26.5,A,2012,5,17,138,0,1.77
-67.5,-26.5,A,2012,5,18,139,0.19,2.01
-67.5,-26.5,A,2012,5,19,140,0.35,1.95
-67.5,-26.5,A,2012,5,20,141,0.01,2.01
-67.5,-26.5,A,2012,5,21,142,0,1.83
-67.5,-26.5,A,2012,5,22,143,0,1.59
-67.5,-26.5,A,2012,5,23,144,0,1.59
-67.5,-26.5,A,2012,5,24,145,0,1.83
-67.5,-26.5,A,2012,5,25,146,0,2.01
-67.5,-26.5,A,2012,5,26,147,0,2.44
-67.5,-26.5,A,2012,5,27,148,0,2.87
-67.5,-26.5,A,2012,5,28,149,0,2.2
-67.5,-26.5,A,2012,5,29,150,0.02,2.01
-67.5,-26.5,A,2012,5,30,151,1.59,2.14
-67.5,-26.5,A,2012,5,31,152,0.42,2.08
-67.5,-26.5,A,2012,6,1,153,0,2.26
-67.5,-26.5,A,2012,6,2,154,0,2.38
-67.5,-26.5,A,2012,6,3,155,0,1.71
-67.5,-26.5,A,2012,6,4,156,0,1.83
-67.5,-26.5,A,2012,6,5,157,0,1.65
-67.5,-26.5,A,2012,6,6,158,0,1.71
-67.5,-26.5,A,2012,6,7,159,0,1.65
-67.5,-26.5,A,2012,6,8,160,0,1.89
-67.5,-26.5,A,2012,6,9,161,0,2.75
-67.5,-26.5,A,2012,6,10,162,0,2.32
-67.5,-26.5,A,2012,6,11,163,0,1.77
-67.5,-26.5,A,2012,6,12,164,0,1.77
-67.5,-26.5,A,2012,6,13,165,0,2.2
-67.5,-26.5,A,2012,6,14,166,0,1.95
-67.5,-26.5,A,2012,6,15,167,0.02,2.38
-67.5,-26.5,A,2012,6,16,168,0.03,2.69
-67.5,-26.5,A,2012,6,17,169,0.24,2.56
-67.5,-26.5,A,2012,6,18,170,0,2.08
-67.5,-26.5,A,2012,6,19,171,0,2.01
-67.5,-26.5,A,2012,6,20,172,0,2.08
-67.5,-26.5,A,2012,6,21,173,0,1.4
-67.5,-26.5,A,2012,6,22,174,0,1.46
-67.5,-26.5,A,2012,6,23,175,0,1.53
-67.5,-26.5,A,2012,6,24,176,0,1.59
-67.5,-26.5,A,2012,6,25,177,0,1.53
-67.5,-26.5,A,2012,6,26,178,0,1.59
-67.5,-26.5,A,2012,6,27,179,0,1.59
-67.5,-26.5,A,2012,6,28,180,0.21,1.65
-67.5,-26.5,A,2012,6,29,181,0,1.65
-67.5,-26.5,A,2012,6,30,182,0,1.46
-67.5,-26.5,A,2012,7,1,183,0,1.34
-67.5,-26.5,A,2012,7,2,184,0,1.53
-67.5,-26.5,A,2012,7,3,185,3.06,1.65
-67.5,-26.5,A,2012,7,4,186,0,1.53
-67.5,-26.5,A,2012,7,5,187,0,1.28
-67.5,-26.5,A,2012,7,6,188,0,1.28
-67.5,-26.5,A,2012,7,7,189,0,1.22
-67.5,-26.5,A,2012,7,8,190,0,0.98
-67.5,-26.5,A,2012,7,9,191,0,1.71
-67.5,-26.5,A,2012,7,10,192,0,2.81
-67.5,-26.5,A,2012,7,11,193,0,2.26
-67.5,-26.5,A,2012,7,12,194,0,1.34
-67.5,-26.5,A,2012,7,13,195,0.02,1.53
-67.5,-26.5,A,2012,7,14,196,0,1.77
-67.5,-26.5,A,2012,7,15,197,0,1.71
-67.5,-26.5,A,2012,7,16,198,0.42,1.53
-67.5,-26.5,A,2012,7,17,199,0,1.1
-67.5,-26.5,A,2012,7,18,200,0,1.28
-67.5,-26.5,A,2012,7,19,201,0,1.53
-67.5,-26.5,A,2012,7,20,202,0,1.34
-67.5,-26.5,A,2012,7,21,203,0,1.1
-67.5,-26.5,A,2012,7,22,204,0,1.22
-67.5,-26.5,A,2012,7,23,205,0.02,1.1
-67.5,-26.5,A,2012,7,24,206,0,1.16
-67.5,-26.5,A,2012,7,25,207,0.02,1.28
-67.5,-26.5,A,2012,7,26,208,0,1.34
-67.5,-26.5,A,2012,7,27,209,0,1.34
-67.5,-26.5,A,2012,7,28,210,0,1.16
-67.5,-26.5,A,2012,7,29,211,0,1.4
-67.5,-26.5,A,2012,7,30,212,0,1.46
-67.5,-26.5,A,2012,7,31,213,0,1.4
-67.5,-26.5,A,2012,8,1,214,0,1.53
-67.5,-26.5,A,2012,8,2,215,0,1.83
-67.5,-26.5,A,2012,8,3,216,0,1.65
-67.5,-26.5,A,2012,8,4,217,0,1.53
-67.5,-26.5,A,2012,8,5,218,0,2.14
-67.5,-26.5,A,2012,8,6,219,0,2.26
-67.5,-26.5,A,2012,8,7,220,0.31,1.28
-67.5,-26.5,A,2012,8,8,221,0,1.1
-67.5,-26.5,A,2012,8,9,222,0,2.08
-67.5,-26.5,A,2012,8,10,223,0,1.89
-67.5,-26.5,A,2012,8,11,224,0,1.77
-67.5,-26.5,A,2012,8,12,225,0,1.22
-67.5,-26.5,A,2012,8,13,226,0,1.1
-67.5,-26.5,A,2012,8,14,227,0,2.08
-67.5,-26.5,A,2012,8,15,228,0,2.14
-67.5,-26.5,A,2012,8,16,229,0,2.01
-67.5,-26.5,A,2012,8,17,230,0,1.53
-67.5,-26.5,A,2012,8,18,231,0,0.98
-67.5,-26.5,A,2012,8,19,232,0,1.1
-67.5,-26.5,A,2012,8,20,233,0,1.28
-67.5,-26.5,A,2012,8,21,234,0,1.16
-67.5,-26.5,A,2012,8,22,235,0,1.04
-67.5,-26.5,A,2012,8,23,236,0,0.85
-67.5,-26.5,A,2012,8,24,237,0,0.79
-67.5,-26.5,A,2012,8,25,238,0,0.85
-67.5,-26.5,A,2012,8,26,239,0,1.1
-67.5,-26.5,A,2012,8,27,240,0,1.28
-67.5,-26.5,A,2012,8,28,241,0,1.46
-67.5,-26.5,A,2012,8,29,242,0,1.46
-67.5,-26.5,A,2012,8,30,243,0,1.4
-67.5,-26.5,A,2012,8,31,244,0,2.08
-67.5,-26.5,A,2012,9,1,245,0,3.36
-67.5,-26.5,A,2012,9,2,246,0,4.27
-67.5,-26.5,A,2012,9,3,247,0,2.56
-67.5,-26.5,A,2012,9,4,248,0,2.08
-67.5,-26.5,A,2012,9,5,249,0.64,2.62
-67.5,-26.5,A,2012,9,6,250,1.63,1.46
-67.5,-26.5,A,2012,9,7,251,0.44,1.1
-67.5,-26.5,A,2012,9,8,252,0,1.65
-67.5,-26.5,A,2012,9,9,253,0.02,1.53
-67.5,-26.5,A,2012,9,10,254,1.23,1.53
-67.5,-26.5,A,2012,9,11,255,0.02,1.28
-67.5,-26.5,A,2012,9,12,256,0.05,2.26
-67.5,-26.5,A,2012,9,13,257,0,2.14
-67.5,-26.5,A,2012,9,14,258,0,1.53
-67.5,-26.5,A,2012,9,15,259,0,1.95
-67.5,-26.5,A,2012,9,16,260,0,1.71
-67.5,-26.5,A,2012,9,17,261,2.51,2.14
-67.5,-26.5,A,2012,9,18,262,2.61,1.89
-67.5,-26.5,A,2012,9,19,263,0,0.98
-67.5,-26.5,A,2012,9,20,264,0,1.22
-67.5,-26.5,A,2012,9,21,265,0,1.22
-67.5,-26.5,A,2012,9,22,266,0,1.46
-67.5,-26.5,A,2012,9,23,267,0,1.22
-67.5,-26.5,A,2012,9,24,268,0,1.59
-67.5,-26.5,A,2012,9,25,269,0.01,2.56
-67.5,-26.5,A,2012,9,26,270,0.02,2.5
-67.5,-26.5,A,2012,9,27,271,0,1.28
-67.5,-26.5,A,2012,9,28,272,0,1.4
-67.5,-26.5,A,2012,9,29,273,0,1.34
-67.5,-26.5,A,2012,9,30,274,0,1.22
-67.5,-26.5,A,2012,10,1,275,0,1.34
-67.5,-26.5,A,2012,10,2,276,0,1.16
-67.5,-26.5,A,2012,10,3,277,0,1.34
-67.5,-26.5,A,2012,10,4,278,0,1.1
-67.5,-26.5,A,2012,10,5,279,0,1.22
-67.5,-26.5,A,2012,10,6,280,0.07,1.1
-67.5,-26.5,A,2012,10,7,281,4.49,1.28
-67.5,-26.5,A,2012,10,8,282,1.96,1.4
-67.5,-26.5,A,2012,10,9,283,0,1.46
-67.5,-26.5,A,2012,10,10,284,0,1.83
-67.5,-26.5,A,2012,10,11,285,0,2.08
-67.5,-26.5,A,2012,10,12,286,0,1.83
-67.5,-26.5,A,2012,10,13,287,0,1.34
-67.5,-26.5,A,2012,10,14,288,0,1.59
-67.5,-26.5,A,2012,10,15,289,0,1.1
-67.5,-26.5,A,2012,10,16,290,0,1.04
-67.5,-26.5,A,2012,10,17,291,0,0.98
-67.5,-26.5,A,2012,10,18,292,0,0.98
-67.5,-26.5,A,2012,10,19,293,0,1.16
-67.5,-26.5,A,2012,10,20,294,0.05,1.04
-67.5,-26.5,A,2012,10,21,295,3.16,1.28
-67.5,-26.5,A,2012,10,22,296,2.12,1.22
-67.5,-26.5,A,2012,10,23,297,0,1.34
-67.5,-26.5,A,2012,10,24,298,0,1.16
-67.5,-26.5,A,2012,10,25,299,0,1.1
-67.5,-26.5,A,2012,10,26,300,0,1.1
-67.5,-26.5,A,2012,10,27,301,10.25,3.3
-67.5,-26.5,A,2012,10,28,302,5.87,4.94
-67.5,-26.5,A,2012,10,29,303,0.77,3.54
-67.5,-26.5,A,2012,10,30,304,1.57,2.87
-67.5,-26.5,A,2012,10,31,305,0,2.01
-67.5,-26.5,A,2012,11,1,306,2.68,2.81
-67.5,-26.5,A,2012,11,2,307,4.78,3.17
-67.5,-26.5,A,2012,11,3,308,0.42,3.05
-67.5,-26.5,A,2012,11,4,309,4.93,4.03
-67.5,-26.5,A,2012,11,5,310,4.37,4.82
-67.5,-26.5,A,2012,11,6,311,11.41,5.37
-67.5,-26.5,A,2012,11,7,312,1.15,4.39
-67.5,-26.5,A,2012,11,8,313,0,2.14
-67.5,-26.5,A,2012,11,9,314,0.01,1.71
-67.5,-26.5,A,2012,11,10,315,0.32,1.65
-67.5,-26.5,A,2012,11,11,316,0.76,2.44
-67.5,-26.5,A,2012,11,12,317,0.89,3.36
-67.5,-26.5,A,2012,11,13,318,0.73,2.5
-67.5,-26.5,A,2012,11,14,319,0.47,2.69
-67.5,-26.5,A,2012,11,15,320,0,2.38
-67.5,-26.5,A,2012,11,16,321,0,1.89
-67.5,-26.5,A,2012,11,17,322,0.04,2.32
-67.5,-26.5,A,2012,11,18,323,3.79,4.03
-67.5,-26.5,A,2012,11,19,324,2.65,6.04
-67.5,-26.5,A,2012,11,20,325,0.77,5.07
-67.5,-26.5,A,2012,11,21,326,0,2.62
-67.5,-26.5,A,2012,11,22,327,1.39,2.32
-67.5,-26.5,A,2012,11,23,328,2.92,2.32
-67.5,-26.5,A,2012,11,24,329,0.27,2.62
-67.5,-26.5,A,2012,11,25,330,0.46,2.62
-67.5,-26.5,A,2012,11,26,331,0,1.89
-67.5,-26.5,A,2012,11,27,332,0,1.53
-67.5,-26.5,A,2012,11,28,333,1.84,1.83
-67.5,-26.5,A,2012,11,29,334,0.82,1.65
-67.5,-26.5,A,2012,11,30,335,0.84,2.01
-67.5,-26.5,A,2012,12,1,336,5.44,3.85
-67.5,-26.5,A,2012,12,2,337,0.63,4.52
-67.5,-26.5,A,2012,12,3,338,0.12,4.27
-67.5,-26.5,A,2012,12,4,339,8.96,5.8
-67.5,-26.5,A,2012,12,5,340,0.65,4.33
-67.5,-26.5,A,2012,12,6,341,3.05,4.15
-67.5,-26.5,A,2012,12,7,342,7.02,6.04
-67.5,-26.5,A,2012,12,8,343,0.01,6.29
-67.5,-26.5,A,2012,12,9,344,0,6.9
-67.5,-26.5,A,2012,12,10,345,0.95,5.62
-67.5,-26.5,A,2012,12,11,346,0.24,5.68
-67.5,-26.5,A,2012,12,12,347,0.39,3.23
-67.5,-26.5,A,2012,12,13,348,0.18,5.62
-67.5,-26.5,A,2012,12,14,349,0,5.31
-67.5,-26.5,A,2012,12,15,350,0.01,6.16
-67.5,-26.5,A,2012,12,16,351,0,4.03
-67.5,-26.5,A,2012,12,17,352,0.05,5.25
-67.5,-26.5,A,2012,12,18,353,0.62,3.05
-67.5,-26.5,A,2012,12,19,354,4.22,2.62
-67.5,-26.5,A,2012,12,20,355,14.34,3.36
-67.5,-26.5,A,2012,12,21,356,3.15,4.03
-67.5,-26.5,A,2012,12,22,357,1.03,5.19
-67.5,-26.5,A,2012,12,23,358,0.02,5.07
-67.5,-26.5,A,2012,12,24,359,0,4.09
-67.5,-26.5,A,2012,12,25,360,1.89,3.6
-67.5,-26.5,A,2012,12,26,361,0.76,4.21
-67.5,-26.5,A,2012,12,27,362,0.18,2.81
-67.5,-26.5,A,2012,12,28,363,0,3.3
-67.5,-26.5,A,2012,12,29,364,0,3.85
-67.5,-26.5,A,2012,12,30,365,0,3.54
-67.5,-26.5,A,2012,12,31,366,5.58,2.44
-67.5,-26.5,A,2013,1,1,1,8.85,5.55
-67.5,-26.5,A,2013,1,2,2,0.19,3.66
-67.5,-26.5,A,2013,1,3,3,0.15,1.77
-67.5,-26.5,A,2013,1,4,4,0,1.59
-67.5,-26.5,A,2013,1,5,5,1.18,2.01
-67.5,-26.5,A,2013,1,6,6,3.76,2.32
-67.5,-26.5,A,2013,1,7,7,4.55,3.91
-67.5,-26.5,A,2013,1,8,8,23.03,5.8
-67.5,-26.5,A,2013,1,9,9,5.54,7.69
-67.5,-26.5,A,2013,1,10,10,14.8,7.39
-67.5,-26.5,A,2013,1,11,11,1.77,8.06
-67.5,-26.5,A,2013,1,12,12,1.99,7.57
-67.5,-26.5,A,2013,1,13,13,3.18,7.69
-67.5,-26.5,A,2013,1,14,14,3.82,7.45
-67.5,-26.5,A,2013,1,15,15,0.27,7.39
-67.5,-26.5,A,2013,1,16,16,16.18,7.75
-67.5,-26.5,A,2013,1,17,17,13.36,7.26
-67.5,-26.5,A,2013,1,18,18,7.41,7.14
-67.5,-26.5,A,2013,1,19,19,7.14,6.77
-67.5,-26.5,A,2013,1,20,20,1.68,6.47
-67.5,-26.5,A,2013,1,21,21,0.4,6.04
-67.5,-26.5,A,2013,1,22,22,0,5.37
-67.5,-26.5,A,2013,1,23,23,0.02,5.98
-67.5,-26.5,A,2013,1,24,24,0.33,4.03
-67.5,-26.5,A,2013,1,25,25,2.3,4.46
-67.5,-26.5,A,2013,1,26,26,0.01,5.25
-67.5,-26.5,A,2013,1,27,27,0,3.54
-67.5,-26.5,A,2013,1,28,28,0,3.05
-67.5,-26.5,A,2013,1,29,29,0,3.91
-67.5,-26.5,A,2013,1,30,30,0.02,5.74
-67.5,-26.5,A,2013,1,31,31,0.12,4.39
-67.5,-26.5,A,2013,2,1,32,0.01,5.31
-67.5,-26.5,A,2013,2,2,33,4.59,7.39
-67.5,-26.5,A,2013,2,3,34,1.24,8.24
-67.5,-26.5,A,2013,2,4,35,0,6.84
-67.5,-26.5,A,2013,2,5,36,0,7.14
-67.5,-26.5,A,2013,2,6,37,2.72,6.59
-67.5,-26.5,A,2013,2,7,38,0.15,6.65
-67.5,-26.5,A,2013,2,8,39,0,6.1
-67.5,-26.5,A,2013,2,9,40,0.01,6.41
-67.5,-26.5,A,2013,2,10,41,7.27,4.46
-67.5,-26.5,A,2013,2,11,42,5.04,6.35
-67.5,-26.5,A,2013,2,12,43,0.01,5.37
-67.5,-26.5,A,2013,2,13,44,10.03,6.16
-67.5,-26.5,A,2013,2,14,45,1.01,7.02
-67.5,-26.5,A,2013,2,15,46,0.14,6.71
-67.5,-26.5,A,2013,2,16,47,0,4.58
-67.5,-26.5,A,2013,2,17,48,19.23,5.25
-67.5,-26.5,A,2013,2,18,49,5.41,4.52
-67.5,-26.5,A,2013,2,19,50,3.69,3.3
-67.5,-26.5,A,2013,2,20,51,0.45,3.91
-67.5,-26.5,A,2013,2,21,52,0,5.8
-67.5,-26.5,A,2013,2,22,53,0.63,6.77
-67.5,-26.5,A,2013,2,23,54,0.01,6.84
-67.5,-26.5,A,2013,2,24,55,29.87,7.14
-67.5,-26.5,A,2013,2,25,56,4.08,7.32
-67.5,-26.5,A,2013,2,26,57,0.19,5.8
-67.5,-26.5,A,2013,2,27,58,0,5
-67.5,-26.5,A,2013,2,28,59,0,5.55
-67.5,-26.5,A,2013,3,1,60,0,3.11
-67.5,-26.5,A,2013,3,2,61,0.19,3.3
-67.5,-26.5,A,2013,3,3,62,0.43,3.85
-67.5,-26.5,A,2013,3,4,63,0.09,4.21
-67.5,-26.5,A,2013,3,5,64,0.03,3.23
-67.5,-26.5,A,2013,3,6,65,0,3.36
-67.5,-26.5,A,2013,3,7,66,0,3.78
-67.5,-26.5,A,2013,3,8,67,0,5.31
-67.5,-26.5,A,2013,3,9,68,0.1,4.82
-67.5,-26.5,A,2013,3,10,69,4.51,6.04
-67.5,-26.5,A,2013,3,11,70,0.02,2.62
-67.5,-26.5,A,2013,3,12,71,0.71,2.14
-67.5,-26.5,A,2013,3,13,72,4.69,2.56
-67.5,-26.5,A,2013,3,14,73,12.36,3.17
-67.5,-26.5,A,2013,3,15,74,4.11,3.17
-67.5,-26.5,A,2013,3,16,75,2.54,2.99
-67.5,-26.5,A,2013,3,17,76,1.55,2.81
-67.5,-26.5,A,2013,3,18,77,1.74,2.69
-67.5,-26.5,A,2013,3,19,78,0.08,2.69
-67.5,-26.5,A,2013,3,20,79,0,2.62
-67.5,-26.5,A,2013,3,21,80,0,3.23
-67.5,-26.5,A,2013,3,22,81,0.86,3.54
-67.5,-26.5,A,2013,3,23,82,3.18,3.36
-67.5,-26.5,A,2013,3,24,83,0.79,2.75
-67.5,-26.5,A,2013,3,25,84,0.03,3.54
-67.5,-26.5,A,2013,3,26,85,0.01,4.76
-67.5,-26.5,A,2013,3,27,86,0,5.19
-67.5,-26.5,A,2013,3,28,87,0.58,4.94
-67.5,-26.5,A,2013,3,29,88,0.04,3.54
-67.5,-26.5,A,2013,3,30,89,0,2.38
-67.5,-26.5,A,2013,3,31,90,0.06,1.71
-67.5,-26.5,A,2013,4,1,91,0.23,1.59
-67.5,-26.5,A,2013,4,2,92,4.44,1.95
-67.5,-26.5,A,2013,4,3,93,5.12,2.2
-67.5,-26.5,A,2013,4,4,94,0.1,1.83
-67.5,-26.5,A,2013,4,5,95,0,1.65
-67.5,-26.5,A,2013,4,6,96,0,2.26
-67.5,-26.5,A,2013,4,7,97,0,2.26
-67.5,-26.5,A,2013,4,8,98,0,2.5
-67.5,-26.5,A,2013,4,9,99,0,1.95
-67.5,-26.5,A,2013,4,10,100,0,1.95
-67.5,-26.5,A,2013,4,11,101,4.61,2.56
-67.5,-26.5,A,2013,4,12,102,4.48,2.14
-67.5,-26.5,A,2013,4,13,103,1.96,2.26
-67.5,-26.5,A,2013,4,14,104,0.31,2.81
-67.5,-26.5,A,2013,4,15,105,0,3.17
-67.5,-26.5,A,2013,4,16,106,0,2.93
-67.5,-26.5,A,2013,4,17,107,0,2.62
-67.5,-26.5,A,2013,4,18,108,0,2.87
-67.5,-26.5,A,2013,4,19,109,0,3.42
-67.5,-26.5,A,2013,4,20,110,0,2.93
-67.5,-26.5,A,2013,4,21,111,0,3.48
-67.5,-26.5,A,2013,4,22,112,0,3.6
-67.5,-26.5,A,2013,4,23,113,0,3.54
-67.5,-26.5,A,2013,4,24,114,0,3.36
-67.5,-26.5,A,2013,4,25,115,0,2.2
-67.5,-26.5,A,2013,4,26,116,0,1.95
-67.5,-26.5,A,2013,4,27,117,0,1.59
-67.5,-26.5,A,2013,4,28,118,0,1.89
-67.5,-26.5,A,2013,4,29,119,0,2.08
-67.5,-26.5,A,2013,4,30,120,0.01,1.59
-67.5,-26.5,A,2013,5,1,121,0,1.83
-67.5,-26.5,A,2013,5,2,122,0.02,1.89
-67.5,-26.5,A,2013,5,3,123,0.6,1.65
-67.5,-26.5,A,2013,5,4,124,0.65,1.59
-67.5,-26.5,A,2013,5,5,125,1.7,1.46
-67.5,-26.5,A,2013,5,6,126,0,1.77
-67.5,-26.5,A,2013,5,7,127,0,2.14
-67.5,-26.5,A,2013,5,8,128,19.54,1.95
-67.5,-26.5,A,2013,5,9,129,0,1.59
-67.5,-26.5,A,2013,5,10,130,0,2.2
-67.5,-26.5,A,2013,5,11,131,0,2.14
-67.5,-26.5,A,2013,5,12,132,0,1.89
-67.5,-26.5,A,2013,5,13,133,0,2.01
-67.5,-26.5,A,2013,5,14,134,0,1.65
-67.5,-26.5,A,2013,5,15,135,0.51,1.59
-67.5,-26.5,A,2013,5,16,136,3.22,2.32
-67.5,-26.5,A,2013,5,17,137,0.54,4.33
-67.5,-26.5,A,2013,5,18,138,0.17,3.48
-67.5,-26.5,A,2013,5,19,139,0.03,2.62
-67.5,-26.5,A,2013,5,20,140,0,2.14
-67.5,-26.5,A,2013,5,21,141,0,2.75
-67.5,-26.5,A,2013,5,22,142,0,2.5
-67.5,-26.5,A,2013,5,23,143,0,2.14
-67.5,-26.5,A,2013,5,24,144,0,1.83
-67.5,-26.5,A,2013,5,25,145,0,1.77
-67.5,-26.5,A,2013,5,26,146,0,1.34
-67.5,-26.5,A,2013,5,27,147,0.04,1.16
-67.5,-26.5,A,2013,5,28,148,0,1.34
-67.5,-26.5,A,2013,5,29,149,0,1.65
-67.5,-26.5,A,2013,5,30,150,0,1.77
-67.5,-26.5,A,2013,5,31,151,0,1.4
-67.5,-26.5,A,2013,6,1,152,0,1.65
-67.5,-26.5,A,2013,6,2,153,0,1.71
-67.5,-26.5,A,2013,6,3,154,0,1.65
-67.5,-26.5,A,2013,6,4,155,0,1.4
-67.5,-26.5,A,2013,6,5,156,0,1.46
-67.5,-26.5,A,2013,6,6,157,0,1.59
-67.5,-26.5,A,2013,6,7,158,0,1.95
-67.5,-26.5,A,2013,6,8,159,0,2.44
-67.5,-26.5,A,2013,6,9,160,0,2.69
-67.5,-26.5,A,2013,6,10,161,0,2.81
-67.5,-26.5,A,2013,6,11,162,0,2.26
-67.5,-26.5,A,2013,6,12,163,0,2.32
-67.5,-26.5,A,2013,6,13,164,0.08,3.17
-67.5,-26.5,A,2013,6,14,165,3.34,3.05
-67.5,-26.5,A,2013,6,15,166,0.02,2.2
-67.5,-26.5,A,2013,6,16,167,0,1.77
-67.5,-26.5,A,2013,6,17,168,4.21,1.53
-67.5,-26.5,A,2013,6,18,169,0.17,1.53
-67.5,-26.5,A,2013,6,19,170,6.75,1.83
-67.5,-26.5,A,2013,6,20,171,0.09,1.53
-67.5,-26.5,A,2013,6,21,172,0,1.1
-67.5,-26.5,A,2013,6,22,173,0,1.16
-67.5,-26.5,A,2013,6,23,174,0,1.4
-67.5,-26.5,A,2013,6,24,175,0,1.28
-67.5,-26.5,A,2013,6,25,176,0,1.53
-67.5,-26.5,A,2013,6,26,177,0,1.46
-67.5,-26.5,A,2013,6,27,178,0.01,2.69
-67.5,-26.5,A,2013,6,28,179,0.02,2.26
-67.5,-26.5,A,2013,6,29,180,0,1.59
-67.5,-26.5,A,2013,6,30,181,0,1.34
-67.5,-26.5,A,2013,7,1,182,0.02,1.16
-67.5,-26.5,A,2013,7,2,183,0,1.28
-67.5,-26.5,A,2013,7,3,184,0,1.22
-67.5,-26.5,A,2013,7,4,185,0,1.22
-67.5,-26.5,A,2013,7,5,186,0,2.01
-67.5,-26.5,A,2013,7,6,187,0,1.28
-67.5,-26.5,A,2013,7,7,188,0,1.65
-67.5,-26.5,A,2013,7,8,189,0.53,2.99
-67.5,-26.5,A,2013,7,9,190,0.02,2.99
-67.5,-26.5,A,2013,7,10,191,0,2.2
-67.5,-26.5,A,2013,7,11,192,0,1.71
-67.5,-26.5,A,2013,7,12,193,0,1.53
-67.5,-26.5,A,2013,7,13,194,0,1.34
-67.5,-26.5,A,2013,7,14,195,0,1.4
-67.5,-26.5,A,2013,7,15,196,0,1.59
-67.5,-26.5,A,2013,7,16,197,0,1.53
-67.5,-26.5,A,2013,7,17,198,0,1.59
-67.5,-26.5,A,2013,7,18,199,0,1.46
-67.5,-26.5,A,2013,7,19,200,0.04,1.77
-67.5,-26.5,A,2013,7,20,201,0.08,1.83
-67.5,-26.5,A,2013,7,21,202,0.01,1.22
-67.5,-26.5,A,2013,7,22,203,0.01,0.92
-67.5,-26.5,A,2013,7,23,204,0,1.04
-67.5,-26.5,A,2013,7,24,205,0,1.16
-67.5,-26.5,A,2013,7,25,206,0,1.28
-67.5,-26.5,A,2013,7,26,207,0,3.17
-67.5,-26.5,A,2013,7,27,208,0,3.05
-67.5,-26.5,A,2013,7,28,209,0,2.01
-67.5,-26.5,A,2013,7,29,210,0,2.75
-67.5,-26.5,A,2013,7,30,211,0,2.87
-67.5,-26.5,A,2013,7,31,212,0,2.62
-67.5,-26.5,A,2013,8,1,213,0,1.95
-67.5,-26.5,A,2013,8,2,214,0,1.22
-67.5,-26.5,A,2013,8,3,215,0,1.16
-67.5,-26.5,A,2013,8,4,216,0,1.59
-67.5,-26.5,A,2013,8,5,217,0,1.83
-67.5,-26.5,A,2013,8,6,218,0,1.53
-67.5,-26.5,A,2013,8,7,219,0,1.34
-67.5,-26.5,A,2013,8,8,220,0.05,2.14
-67.5,-26.5,A,2013,8,9,221,0.07,1.59
-67.5,-26.5,A,2013,8,10,222,0,1.1
-67.5,-26.5,A,2013,8,11,223,0,1.22
-67.5,-26.5,A,2013,8,12,224,0,1.22
-67.5,-26.5,A,2013,8,13,225,0.17,1.4
-67.5,-26.5,A,2013,8,14,226,0.02,1.34
-67.5,-26.5,A,2013,8,15,227,0,0.98
-67.5,-26.5,A,2013,8,16,228,0,1.1
-67.5,-26.5,A,2013,8,17,229,0,1.04
-67.5,-26.5,A,2013,8,18,230,0,1.04
-67.5,-26.5,A,2013,8,19,231,0,1.34
-67.5,-26.5,A,2013,8,20,232,0,1.65
-67.5,-26.5,A,2013,8,21,233,0,1.4
-67.5,-26.5,A,2013,8,22,234,0,1.28
-67.5,-26.5,A,2013,8,23,235,0,1.34
-67.5,-26.5,A,2013,8,24,236,0,2.26
-67.5,-26.5,A,2013,8,25,237,0,1.83
-67.5,-26.5,A,2013,8,26,238,0,1.28
-67.5,-26.5,A,2013,8,27,239,0,1.34
-67.5,-26.5,A,2013,8,28,240,0,1.53
-67.5,-26.5,A,2013,8,29,241,0,1.71
-67.5,-26.5,A,2013,8,30,242,0,1.71
-67.5,-26.5,A,2013,8,31,243,0,1.22
-67.5,-26.5,A,2013,9,1,244,14.46,1.28
-67.5,-26.5,A,2013,9,2,245,0.09,1.65
-67.5,-26.5,A,2013,9,3,246,0.02,2.26
-67.5,-26.5,A,2013,9,4,247,0,1.65
-67.5,-26.5,A,2013,9,5,248,0,1.59
-67.5,-26.5,A,2013,9,6,249,0,2.99
-67.5,-26.5,A,2013,9,7,250,0,2.81
-67.5,-26.5,A,2013,9,8,251,0,3.17
-67.5,-26.5,A,2013,9,9,252,0,3.17
-67.5,-26.5,A,2013,9,10,253,0,2.32
-67.5,-26.5,A,2013,9,11,254,0,2.32
-67.5,-26.5,A,2013,9,12,255,0.03,1.65
-67.5,-26.5,A,2013,9,13,256,0.09,1.34
-67.5,-26.5,A,2013,9,14,257,0.13,1.4
-67.5,-26.5,A,2013,9,15,258,1.29,1.28
-67.5,-26.5,A,2013,9,16,259,3.38,0.92
-67.5,-26.5,A,2013,9,17,260,0.6,0.85
-67.5,-26.5,A,2013,9,18,261,0,1.16
-67.5,-26.5,A,2013,9,19,262,0,1.22
-67.5,-26.5,A,2013,9,20,263,0,1.59
-67.5,-26.5,A,2013,9,21,264,0,1.83
-67.5,-26.5,A,2013,9,22,265,0,1.1
-67.5,-26.5,A,2013,9,23,266,0,1.1
-67.5,-26.5,A,2013,9,24,267,0,1.1
-67.5,-26.5,A,2013,9,25,268,0.05,1.83
-67.5,-26.5,A,2013,9,26,269,0.04,2.38
-67.5,-26.5,A,2013,9,27,270,0,2.62
-67.5,-26.5,A,2013,9,28,271,0,1.16
-67.5,-26.5,A,2013,9,29,272,0,1.4
-67.5,-26.5,A,2013,9,30,273,0,1.22
-67.5,-26.5,A,2013,10,1,274,0,1.28
-67.5,-26.5,A,2013,10,2,275,0,1.65
-67.5,-26.5,A,2013,10,3,276,0,1.16
-67.5,-26.5,A,2013,10,4,277,0,1.4
-67.5,-26.5,A,2013,10,5,278,0,1.59
-67.5,-26.5,A,2013,10,6,279,0,2.26
-67.5,-26.5,A,2013,10,7,280,0,1.59
-67.5,-26.5,A,2013,10,8,281,0,1.1
-67.5,-26.5,A,2013,10,9,282,2.28,1.71
-67.5,-26.5,A,2013,10,10,283,0.04,1.65
-67.5,-26.5,A,2013,10,11,284,0.76,1.28
-67.5,-26.5,A,2013,10,12,285,3.76,1.46
-67.5,-26.5,A,2013,10,13,286,0.7,1.53
-67.5,-26.5,A,2013,10,14,287,0.63,1.95
-67.5,-26.5,A,2013,10,15,288,3.66,2.14
-67.5,-26.5,A,2013,10,16,289,1.39,1.83
-67.5,-26.5,A,2013,10,17,290,3.57,2.44
-67.5,-26.5,A,2013,10,18,291,0,3.42
-67.5,-26.5,A,2013,10,19,292,0,1.89
-67.5,-26.5,A,2013,10,20,293,0,1.34
-67.5,-26.5,A,2013,10,21,294,0,1.4
-67.5,-26.5,A,2013,10,22,295,0,1.46
-67.5,-26.5,A,2013,10,23,296,0,1.59
-67.5,-26.5,A,2013,10,24,297,0.32,2.32
-67.5,-26.5,A,2013,10,25,298,0.3,1.89
-67.5,-26.5,A,2013,10,26,299,0,1.95
-67.5,-26.5,A,2013,10,27,300,0,2.69
-67.5,-26.5,A,2013,10,28,301,0,1.83
-67.5,-26.5,A,2013,10,29,302,0,1.71
-67.5,-26.5,A,2013,10,30,303,0,1.53
-67.5,-26.5,A,2013,10,31,304,2.26,1.34
-67.5,-26.5,A,2013,11,1,305,13.37,2.2
-67.5,-26.5,A,2013,11,2,306,7.4,2.44
-67.5,-26.5,A,2013,11,3,307,0,3.3
-67.5,-26.5,A,2013,11,4,308,0,4.15
-67.5,-26.5,A,2013,11,5,309,0,4.58
-67.5,-26.5,A,2013,11,6,310,0,3.36
-67.5,-26.5,A,2013,11,7,311,0,2.2
-67.5,-26.5,A,2013,11,8,312,0,1.4
-67.5,-26.5,A,2013,11,9,313,0.14,1.16
-67.5,-26.5,A,2013,11,10,314,2.36,1.4
-67.5,-26.5,A,2013,11,11,315,0.49,1.65
-67.5,-26.5,A,2013,11,12,316,0,1.95
-67.5,-26.5,A,2013,11,13,317,0,2.56
-67.5,-26.5,A,2013,11,14,318,0,1.89
-67.5,-26.5,A,2013,11,15,319,0,2.44
-67.5,-26.5,A,2013,11,16,320,0,2.81
-67.5,-26.5,A,2013,11,17,321,0,2.2
-67.5,-26.5,A,2013,11,18,322,0.71,1.83
-67.5,-26.5,A,2013,11,19,323,0.75,1.83
-67.5,-26.5,A,2013,11,20,324,0.52,2.08
-67.5,-26.5,A,2013,11,21,325,0.34,3.72
-67.5,-26.5,A,2013,11,22,326,0,4.03
-67.5,-26.5,A,2013,11,23,327,0,4.7
-67.5,-26.5,A,2013,11,24,328,1.39,2.5
-67.5,-26.5,A,2013,11,25,329,3.39,2.75
-67.5,-26.5,A,2013,11,26,330,2.21,2.01
-67.5,-26.5,A,2013,11,27,331,0.04,1.89
-67.5,-26.5,A,2013,11,28,332,1.09,1.77
-67.5,-26.5,A,2013,11,29,333,0,2.01
-67.5,-26.5,A,2013,11,30,334,0.15,2.14
-67.5,-26.5,A,2013,12,1,335,0,2.01
-67.5,-26.5,A,2013,12,2,336,0.11,4.03
-67.5,-26.5,A,2013,12,3,337,1.58,6.9
-67.5,-26.5,A,2013,12,4,338,0.05,4.82
-67.5,-26.5,A,2013,12,5,339,16.86,5.86
-67.5,-26.5,A,2013,12,6,340,0.05,6.59
-67.5,-26.5,A,2013,12,7,341,0,5.55
-67.5,-26.5,A,2013,12,8,342,0.38,3.91
-67.5,-26.5,A,2013,12,9,343,14.33,3.72
-67.5,-26.5,A,2013,12,10,344,1.99,6.29
-67.5,-26.5,A,2013,12,11,345,0.91,5.74
-67.5,-26.5,A,2013,12,12,346,1.52,4.82
-67.5,-26.5,A,2013,12,13,347,1.26,3.54
-67.5,-26.5,A,2013,12,14,348,5.86,4.88
-67.5,-26.5,A,2013,12,15,349,6.36,5.55
-67.5,-26.5,A,2013,12,16,350,1.67,7.51
-67.5,-26.5,A,2013,12,17,351,24.65,6.71
-67.5,-26.5,A,2013,12,18,352,10.05,6.59
-67.5,-26.5,A,2013,12,19,353,12.3,7.02
-67.5,-26.5,A,2013,12,20,354,4.19,6.59
-67.5,-26.5,A,2013,12,21,355,1.04,7.39
-67.5,-26.5,A,2013,12,22,356,0.06,6.9
-67.5,-26.5,A,2013,12,23,357,0.22,6.71
-67.5,-26.5,A,2013,12,24,358,0.03,7.93
-67.5,-26.5,A,2013,12,25,359,0,8.24
-67.5,-26.5,A,2013,12,26,360,0,7.32
-67.5,-26.5,A,2013,12,27,361,0.11,6.9
-67.5,-26.5,A,2013,12,28,362,0.01,7.02
-67.5,-26.5,A,2013,12,29,363,0,7.08
-67.5,-26.5,A,2013,12,30,364,0.17,7.39
-67.5,-26.5,A,2013,12,31,365,3.78,7.63
-67.5,-26.5,A,2014,1,1,1,0.12,6.96
-67.5,-26.5,A,2014,1,2,2,17.34,6.77
-67.5,-26.5,A,2014,1,3,3,6.12,7.26
-67.5,-26.5,A,2014,1,4,4,0.19,6.47
-67.5,-26.5,A,2014,1,5,5,0,5.31
-67.5,-26.5,A,2014,1,6,6,0,6.04
-67.5,-26.5,A,2014,1,7,7,0,7.08
-67.5,-26.5,A,2014,1,8,8,0.39,7.02
-67.5,-26.5,A,2014,1,9,9,0.05,5.49
-67.5,-26.5,A,2014,1,10,10,4.13,7.14
-67.5,-26.5,A,2014,1,11,11,23.46,8
-67.5,-26.5,A,2014,1,12,12,3.2,6.41
-67.5,-26.5,A,2014,1,13,13,0.1,6.1
-67.5,-26.5,A,2014,1,14,14,0.07,6.29
-67.5,-26.5,A,2014,1,15,15,0.04,6.47
-67.5,-26.5,A,2014,1,16,16,0,5.98
-67.5,-26.5,A,2014,1,17,17,0.03,6.84
-67.5,-26.5,A,2014,1,18,18,8.69,5.68
-67.5,-26.5,A,2014,1,19,19,3.53,7.26
-67.5,-26.5,A,2014,1,20,20,0,6.96
-67.5,-26.5,A,2014,1,21,21,0,6.23
-67.5,-26.5,A,2014,1,22,22,0,6.9
-67.5,-26.5,A,2014,1,23,23,0.53,6.9
-67.5,-26.5,A,2014,1,24,24,19.73,7.63
-67.5,-26.5,A,2014,1,25,25,2.04,5.98
-67.5,-26.5,A,2014,1,26,26,0.01,5.25
-67.5,-26.5,A,2014,1,27,27,0.02,4.03
-67.5,-26.5,A,2014,1,28,28,12.9,4.46
-67.5,-26.5,A,2014,1,29,29,12.18,6.96
-67.5,-26.5,A,2014,1,30,30,0.45,6.1
-67.5,-26.5,A,2014,1,31,31,0,4.7
-67.5,-26.5,A,2014,2,1,32,1.76,5
-67.5,-26.5,A,2014,2,2,33,0.25,7.32
-67.5,-26.5,A,2014,2,3,34,1.14,6.96
-67.5,-26.5,A,2014,2,4,35,0.43,6.96
-67.5,-26.5,A,2014,2,5,36,2.27,6.1
-67.5,-26.5,A,2014,2,6,37,3.74,7.93
-67.5,-26.5,A,2014,2,7,38,0.03,7.32
-67.5,-26.5,A,2014,2,8,39,0,7.63
-67.5,-26.5,A,2014,2,9,40,18.42,7.87
-67.5,-26.5,A,2014,2,10,41,3.68,7.14
-67.5,-26.5,A,2014,2,11,42,1.18,7.02
-67.5,-26.5,A,2014,2,12,43,9.04,7.32
-67.5,-26.5,A,2014,2,13,44,4.84,6.47
-67.5,-26.5,A,2014,2,14,45,2.9,5.25
-67.5,-26.5,A,2014,2,15,46,5.29,3.72
-67.5,-26.5,A,2014,2,16,47,5.13,3.6
-67.5,-26.5,A,2014,2,17,48,2.81,4.33
-67.5,-26.5,A,2014,2,18,49,2.55,3.42
-67.5,-26.5,A,2014,2,19,50,2.35,3.85
-67.5,-26.5,A,2014,2,20,51,1.62,4.15
-67.5,-26.5,A,2014,2,21,52,20.95,4.09
-67.5,-26.5,A,2014,2,22,53,18.23,5.43
-67.5,-26.5,A,2014,2,23,54,2.86,4.27
-67.5,-26.5,A,2014,2,24,55,2.56,2.87
-67.5,-26.5,A,2014,2,25,56,7.38,2.93
-67.5,-26.5,A,2014,2,26,57,4.89,3.36
-67.5,-26.5,A,2014,2,27,58,0.16,3.72
-67.5,-26.5,A,2014,2,28,59,0,3.72
-67.5,-26.5,A,2014,3,1,60,3.63,2.81
-67.5,-26.5,A,2014,3,2,61,27.61,3.42
-67.5,-26.5,A,2014,3,3,62,0.02,3.36
-67.5,-26.5,A,2014,3,4,63,0,3.48
-67.5,-26.5,A,2014,3,5,64,7.38,4.39
-67.5,-26.5,A,2014,3,6,65,10.72,4.7
-67.5,-26.5,A,2014,3,7,66,0,6.16
-67.5,-26.5,A,2014,3,8,67,0,6.65
-67.5,-26.5,A,2014,3,9,68,4.82,4.21
-67.5,-26.5,A,2014,3,10,69,2.6,3.91
-67.5,-26.5,A,2014,3,11,70,1.26,3.85
-67.5,-26.5,A,2014,3,12,71,0.07,5.19
-67.5,-26.5,A,2014,3,13,72,0.13,3.78
-67.5,-26.5,A,2014,3,14,73,0.09,3.3
-67.5,-26.5,A,2014,3,15,74,0.93,2.81
-67.5,-26.5,A,2014,3,16,75,0,3.11
-67.5,-26.5,A,2014,3,17,76,9.41,4.27
-67.5,-26.5,A,2014,3,18,77,3.43,4.76
-67.5,-26.5,A,2014,3,19,78,2.74,3.3
-67.5,-26.5,A,2014,3,20,79,0,3.05
-67.5,-26.5,A,2014,3,21,80,0.9,4.21
-67.5,-26.5,A,2014,3,22,81,0.47,5.92
-67.5,-26.5,A,2014,3,23,82,0,5.31
-67.5,-26.5,A,2014,3,24,83,0,4.46
-67.5,-26.5,A,2014,3,25,84,1.79,5.55
-67.5,-26.5,A,2014,3,26,85,0.04,3.97
-67.5,-26.5,A,2014,3,27,86,0.05,3.42
-67.5,-26.5,A,2014,3,28,87,0.04,4.15
-67.5,-26.5,A,2014,3,29,88,3.28,4.46
-67.5,-26.5,A,2014,3,30,89,3.58,2.81
-67.5,-26.5,A,2014,3,31,90,3.2,2.32
-67.5,-26.5,A,2014,4,1,91,1,2.69
-67.5,-26.5,A,2014,4,2,92,1.14,2.62
-67.5,-26.5,A,2014,4,3,93,0.34,2.62
-67.5,-26.5,A,2014,4,4,94,0.31,3.48
-67.5,-26.5,A,2014,4,5,95,0.78,5.43
-67.5,-26.5,A,2014,4,6,96,0.85,5.74
-67.5,-26.5,A,2014,4,7,97,1.48,3.97
-67.5,-26.5,A,2014,4,8,98,2.18,2.56
-67.5,-26.5,A,2014,4,9,99,0,2.5
-67.5,-26.5,A,2014,4,10,100,1.36,2.56
-67.5,-26.5,A,2014,4,11,101,1.79,2.69
-67.5,-26.5,A,2014,4,12,102,0.57,2.75
-67.5,-26.5,A,2014,4,13,103,0.72,2.99
-67.5,-26.5,A,2014,4,14,104,0,2.81
-67.5,-26.5,A,2014,4,15,105,0,2.81
-67.5,-26.5,A,2014,4,16,106,0,2.32
-67.5,-26.5,A,2014,4,17,107,0.07,2.32
-67.5,-26.5,A,2014,4,18,108,0.13,2.01
-67.5,-26.5,A,2014,4,19,109,0.05,2.32
-67.5,-26.5,A,2014,4,20,110,0,2.14
-67.5,-26.5,A,2014,4,21,111,0.7,2.93
-67.5,-26.5,A,2014,4,22,112,1.03,4.03
-67.5,-26.5,A,2014,4,23,113,0.24,3.91
-67.5,-26.5,A,2014,4,24,114,0,4.03
-67.5,-26.5,A,2014,4,25,115,0,3.23
-67.5,-26.5,A,2014,4,26,116,0,2.26
-67.5,-26.5,A,2014,4,27,117,0,2.38
-67.5,-26.5,A,2014,4,28,118,0.02,2.32
-67.5,-26.5,A,2014,4,29,119,1.58,2.32
-67.5,-26.5,A,2014,4,30,120,0.89,2.2
-67.5,-26.5,A,2014,5,1,121,0,2.2
-67.5,-26.5,A,2014,5,2,122,0,2.08
-67.5,-26.5,A,2014,5,3,123,0,2.01
-67.5,-26.5,A,2014,5,4,124,0,2.14
-67.5,-26.5,A,2014,5,5,125,0.11,2.26
-67.5,-26.5,A,2014,5,6,126,6.33,2.5
-67.5,-26.5,A,2014,5,7,127,0.05,2.87
-67.5,-26.5,A,2014,5,8,128,0.21,3.78
-67.5,-26.5,A,2014,5,9,129,3.57,2.99
-67.5,-26.5,A,2014,5,10,130,9.69,2.69
-67.5,-26.5,A,2014,5,11,131,6.32,2.38
-67.5,-26.5,A,2014,5,12,132,0.1,2.01
-67.5,-26.5,A,2014,5,13,133,0.04,2.38
-67.5,-26.5,A,2014,5,14,134,0,2.14
-67.5,-26.5,A,2014,5,15,135,0,1.95
-67.5,-26.5,A,2014,5,16,136,0,1.77
-67.5,-26.5,A,2014,5,17,137,0,1.71
-67.5,-26.5,A,2014,5,18,138,0.47,1.83
-67.5,-26.5,A,2014,5,19,139,1.59,1.83
-67.5,-26.5,A,2014,5,20,140,0,1.46
-67.5,-26.5,A,2014,5,21,141,0.17,1.59
-67.5,-26.5,A,2014,5,22,142,2.4,2.32
-67.5,-26.5,A,2014,5,23,143,0.36,2.56
-67.5,-26.5,A,2014,5,24,144,0.15,2.93
-67.5,-26.5,A,2014,5,25,145,0.03,2.32
-67.5,-26.5,A,2014,5,26,146,0.08,1.83
-67.5,-26.5,A,2014,5,27,147,0.02,1.89
-67.5,-26.5,A,2014,5,28,148,0,1.65
-67.5,-26.5,A,2014,5,29,149,0,1.95
-67.5,-26.5,A,2014,5,30,150,0.01,2.38
-67.5,-26.5,A,2014,5,31,151,0,1.59
-67.5,-26.5,A,2014,6,1,152,0,1.34
-67.5,-26.5,A,2014,6,2,153,0.02,1.59
-67.5,-26.5,A,2014,6,3,154,0,1.22
-67.5,-26.5,A,2014,6,4,155,0,1.1
-67.5,-26.5,A,2014,6,5,156,0,1.16
-67.5,-26.5,A,2014,6,6,157,0,1.4
-67.5,-26.5,A,2014,6,7,158,0.13,1.22
-67.5,-26.5,A,2014,6,8,159,0,1.22
-67.5,-26.5,A,2014,6,9,160,0,1.4
-67.5,-26.5,A,2014,6,10,161,0.03,1.1
-67.5,-26.5,A,2014,6,11,162,0.02,1.28
-67.5,-26.5,A,2014,6,12,163,0.1,1.53
-67.5,-26.5,A,2014,6,13,164,0,1.34
-67.5,-26.5,A,2014,6,14,165,0,1.77
-67.5,-26.5,A,2014,6,15,166,0,1.83
-67.5,-26.5,A,2014,6,16,167,0,2.01
-67.5,-26.5,A,2014,6,17,168,0.01,1.77
-67.5,-26.5,A,2014,6,18,169,0.4,1.65
-67.5,-26.5,A,2014,6,19,170,0,2.38
-67.5,-26.5,A,2014,6,20,171,0.01,2.81
-67.5,-26.5,A,2014,6,21,172,0,2.08
-67.5,-26.5,A,2014,6,22,173,0,1.65
-67.5,-26.5,A,2014,6,23,174,0.02,1.53
-67.5,-26.5,A,2014,6,24,175,0,1.53
-67.5,-26.5,A,2014,6,25,176,5.81,1.59
-67.5,-26.5,A,2014,6,26,177,1.15,1.65
-67.5,-26.5,A,2014,6,27,178,6.97,1.89
-67.5,-26.5,A,2014,6,28,179,0,1.46
-67.5,-26.5,A,2014,6,29,180,0,1.28
-67.5,-26.5,A,2014,6,30,181,0,1.34
-67.5,-26.5,A,2014,7,1,182,0,1.34
-67.5,-26.5,A,2014,7,2,183,0,1.65
-67.5,-26.5,A,2014,7,3,184,0,1.71
-67.5,-26.5,A,2014,7,4,185,0.26,2.08
-67.5,-26.5,A,2014,7,5,186,1.34,1.22
-67.5,-26.5,A,2014,7,6,187,0,1.16
-67.5,-26.5,A,2014,7,7,188,0.01,1.34
-67.5,-26.5,A,2014,7,8,189,0.01,1.4
-67.5,-26.5,A,2014,7,9,190,0,1.22
-67.5,-26.5,A,2014,7,10,191,0,1.34
-67.5,-26.5,A,2014,7,11,192,0,1.34
-67.5,-26.5,A,2014,7,12,193,0,1.53
-67.5,-26.5,A,2014,7,13,194,0,2.01
-67.5,-26.5,A,2014,7,14,195,0,2.2
-67.5,-26.5,A,2014,7,15,196,0,1.65
-67.5,-26.5,A,2014,7,16,197,0.02,1.4
-67.5,-26.5,A,2014,7,17,198,0,1.65
-67.5,-26.5,A,2014,7,18,199,0.02,1.65
-67.5,-26.5,A,2014,7,19,200,0,1.4
-67.5,-26.5,A,2014,7,20,201,0,1.46
-67.5,-26.5,A,2014,7,21,202,0,1.4
-67.5,-26.5,A,2014,7,22,203,0.24,1.83
-67.5,-26.5,A,2014,7,23,204,0.63,1.28
-67.5,-26.5,A,2014,7,24,205,0.03,1.22
-67.5,-26.5,A,2014,7,25,206,0,1.1
-67.5,-26.5,A,2014,7,26,207,0,1.46
-67.5,-26.5,A,2014,7,27,208,0,1.71
-67.5,-26.5,A,2014,7,28,209,0,2.2
-67.5,-26.5,A,2014,7,29,210,0,2.08
-67.5,-26.5,A,2014,7,30,211,0,1.95
-67.5,-26.5,A,2014,7,31,212,0,2.2
-67.5,-26.5,A,2014,8,1,213,0.02,1.53
-67.5,-26.5,A,2014,8,2,214,0,1.71
-67.5,-26.5,A,2014,8,3,215,0,1.65
-67.5,-26.5,A,2014,8,4,216,0,1.53
-67.5,-26.5,A,2014,8,5,217,0.17,1.4
-67.5,-26.5,A,2014,8,6,218,0,1.34
-67.5,-26.5,A,2014,8,7,219,0,2.01
-67.5,-26.5,A,2014,8,8,220,0,2.01
-67.5,-26.5,A,2014,8,9,221,0,1.95
-67.5,-26.5,A,2014,8,10,222,0,1.89
-67.5,-26.5,A,2014,8,11,223,0,1.53
-67.5,-26.5,A,2014,8,12,224,0,1.28
-67.5,-26.5,A,2014,8,13,225,0.83,1.46
-67.5,-26.5,A,2014,8,14,226,0.41,2.08
-67.5,-26.5,A,2014,8,15,227,0,2.32
-67.5,-26.5,A,2014,8,16,228,0,2.14
-67.5,-26.5,A,2014,8,17,229,0,2.5
-67.5,-26.5,A,2014,8,18,230,0,2.08
-67.5,-26.5,A,2014,8,19,231,0,1.53
-67.5,-26.5,A,2014,8,20,232,0,1.71
-67.5,-26.5,A,2014,8,21,233,0,1.53
-67.5,-26.5,A,2014,8,22,234,0,1.89
-67.5,-26.5,A,2014,8,23,235,0.05,1.34
-67.5,-26.5,A,2014,8,24,236,0,1.04
-67.5,-26.5,A,2014,8,25,237,0,1.16
-67.5,-26.5,A,2014,8,26,238,0,1.16
-67.5,-26.5,A,2014,8,27,239,0,1.65
-67.5,-26.5,A,2014,8,28,240,0,1.89
-67.5,-26.5,A,2014,8,29,241,0,1.53
-67.5,-26.5,A,2014,8,30,242,0,1.46
-67.5,-26.5,A,2014,8,31,243,0,1.89
-67.5,-26.5,A,2014,9,1,244,0,1.83
-67.5,-26.5,A,2014,9,2,245,0,1.89
-67.5,-26.5,A,2014,9,3,246,1.08,1.46
-67.5,-26.5,A,2014,9,4,247,4.52,1.83
-67.5,-26.5,A,2014,9,5,248,0,1.83
-67.5,-26.5,A,2014,9,6,249,0,1.22
-67.5,-26.5,A,2014,9,7,250,0,1.46
-67.5,-26.5,A,2014,9,8,251,0,1.22
-67.5,-26.5,A,2014,9,9,252,0,1.16
-67.5,-26.5,A,2014,9,10,253,0,1.04
-67.5,-26.5,A,2014,9,11,254,0,1.04
-67.5,-26.5,A,2014,9,12,255,0.03,2.01
-67.5,-26.5,A,2014,9,13,256,0.08,2.69
-67.5,-26.5,A,2014,9,14,257,0,1.77
-67.5,-26.5,A,2014,9,15,258,0.01,1.53
-67.5,-26.5,A,2014,9,16,259,0.01,1.4
-67.5,-26.5,A,2014,9,17,260,0,1.83
-67.5,-26.5,A,2014,9,18,261,0.08,2.32
-67.5,-26.5,A,2014,9,19,262,0.01,1.65
-67.5,-26.5,A,2014,9,20,263,0.38,1.77
-67.5,-26.5,A,2014,9,21,264,0,1.65
-67.5,-26.5,A,2014,9,22,265,0,1.46
-67.5,-26.5,A,2014,9,23,266,0,1.46
-67.5,-26.5,A,2014,9,24,267,0,1.16
-67.5,-26.5,A,2014,9,25,268,0,1.16
-67.5,-26.5,A,2014,9,26,269,0,1.16
-67.5,-26.5,A,2014,9,27,270,0,1.1
-67.5,-26.5,A,2014,9,28,271,0,1.16
-67.5,-26.5,A,2014,9,29,272,0,1.28
-67.5,-26.5,A,2014,9,30,273,0.18,1.4
-67.5,-26.5,A,2014,10,1,274,1.34,1.89
-67.5,-26.5,A,2014,10,2,275,0.18,2.38
-67.5,-26.5,A,2014,10,3,276,0.62,3.05
-67.5,-26.5,A,2014,10,4,277,3.28,2.2
-67.5,-26.5,A,2014,10,5,278,3.94,1.59
-67.5,-26.5,A,2014,10,6,279,0,1.95
-67.5,-26.5,A,2014,10,7,280,0.02,2.08
-67.5,-26.5,A,2014,10,8,281,0,1.53
-67.5,-26.5,A,2014,10,9,282,2.6,1.89
-67.5,-26.5,A,2014,10,10,283,0.67,2.26
-67.5,-26.5,A,2014,10,11,284,0,2.14
-67.5,-26.5,A,2014,10,12,285,0,1.77
-67.5,-26.5,A,2014,10,13,286,0,1.77
-67.5,-26.5,A,2014,10,14,287,0,2.93
-67.5,-26.5,A,2014,10,15,288,0.02,2.56
-67.5,-26.5,A,2014,10,16,289,1.19,3.17
-67.5,-26.5,A,2014,10,17,290,1.29,3.17
-67.5,-26.5,A,2014,10,18,291,1.73,2.93
-67.5,-26.5,A,2014,10,19,292,0.6,2.69
-67.5,-26.5,A,2014,10,20,293,0.19,3.17
-67.5,-26.5,A,2014,10,21,294,0,4.27
-67.5,-26.5,A,2014,10,22,295,0.19,5.43
-67.5,-26.5,A,2014,10,23,296,2.22,4.64
-67.5,-26.5,A,2014,10,24,297,0.04,4.94
-67.5,-26.5,A,2014,10,25,298,0,4.52
-67.5,-26.5,A,2014,10,26,299,6.77,5.07
-67.5,-26.5,A,2014,10,27,300,0.07,3.85
-67.5,-26.5,A,2014,10,28,301,0.01,4.21
-67.5,-26.5,A,2014,10,29,302,0.14,2.14
-67.5,-26.5,A,2014,10,30,303,0.29,1.89
-67.5,-26.5,A,2014,10,31,304,2.17,1.53
-67.5,-26.5,A,2014,11,1,305,6.91,2.2
-67.5,-26.5,A,2014,11,2,306,2.77,1.95
-67.5,-26.5,A,2014,11,3,307,0.76,1.71
-67.5,-26.5,A,2014,11,4,308,0.58,1.53
-67.5,-26.5,A,2014,11,5,309,0,1.22
-67.5,-26.5,A,2014,11,6,310,0,1.4
-67.5,-26.5,A,2014,11,7,311,0.16,2.01
-67.5,-26.5,A,2014,11,8,312,0.28,2.44
-67.5,-26.5,A,2014,11,9,313,0,2.5
-67.5,-26.5,A,2014,11,10,314,4.04,1.95
-67.5,-26.5,A,2014,11,11,315,0.98,1.71
-67.5,-26.5,A,2014,11,12,316,3.73,2.44
-67.5,-26.5,A,2014,11,13,317,4.8,3.54
-67.5,-26.5,A,2014,11,14,318,0,2.75
-67.5,-26.5,A,2014,11,15,319,0,2.75
-67.5,-26.5,A,2014,11,16,320,0,4.82
-67.5,-26.5,A,2014,11,17,321,0,4.33
-67.5,-26.5,A,2014,11,18,322,0,2.75
-67.5,-26.5,A,2014,11,19,323,2.58,3.05
-67.5,-26.5,A,2014,11,20,324,4.63,2.44
-67.5,-26.5,A,2014,11,21,325,4.84,2.01
-67.5,-26.5,A,2014,11,22,326,0.29,2.5
-67.5,-26.5,A,2014,11,23,327,0,2.56
-67.5,-26.5,A,2014,11,24,328,3.24,2.56
-67.5,-26.5,A,2014,11,25,329,1.76,2.56
-67.5,-26.5,A,2014,11,26,330,0.21,2.62
-67.5,-26.5,A,2014,11,27,331,0.79,3.3
-67.5,-26.5,A,2014,11,28,332,0.04,3.23
-67.5,-26.5,A,2014,11,29,333,2.07,2.01
-67.5,-26.5,A,2014,11,30,334,5.08,2.32
-67.5,-26.5,A,2014,12,1,335,0.04,2.14
-67.5,-26.5,A,2014,12,2,336,0,1.89
-67.5,-26.5,A,2014,12,3,337,0,2.56
-67.5,-26.5,A,2014,12,4,338,0,3.6
-67.5,-26.5,A,2014,12,5,339,0,4.03
-67.5,-26.5,A,2014,12,6,340,0,3.97
-67.5,-26.5,A,2014,12,7,341,10.95,6.16
-67.5,-26.5,A,2014,12,8,342,0.62,5.98
-67.5,-26.5,A,2014,12,9,343,0.6,4.27
-67.5,-26.5,A,2014,12,10,344,14.13,5.25
-67.5,-26.5,A,2014,12,11,345,1,4.03
-67.5,-26.5,A,2014,12,12,346,0.23,2.81
-67.5,-26.5,A,2014,12,13,347,7.53,3.42
-67.5,-26.5,A,2014,12,14,348,12.48,3.66
-67.5,-26.5,A,2014,12,15,349,9.86,2.69
-67.5,-26.5,A,2014,12,16,350,2.88,2.69
-67.5,-26.5,A,2014,12,17,351,1.18,2.99
-67.5,-26.5,A,2014,12,18,352,0.15,3.78
-67.5,-26.5,A,2014,12,19,353,0.19,2.87
-67.5,-26.5,A,2014,12,20,354,0,2.14
-67.5,-26.5,A,2014,12,21,355,7.89,2.14
-67.5,-26.5,A,2014,12,22,356,1.86,2.81
-67.5,-26.5,A,2014,12,23,357,0.21,3.78
-67.5,-26.5,A,2014,12,24,358,0,2.75
-67.5,-26.5,A,2014,12,25,359,0,2.69
-67.5,-26.5,A,2014,12,26,360,0,3.23
-67.5,-26.5,A,2014,12,27,361,0.26,3.17
-67.5,-26.5,A,2014,12,28,362,7.31,3.48
-67.5,-26.5,A,2014,12,29,363,4.42,5.31
-67.5,-26.5,A,2014,12,30,364,0.25,5.8
-67.5,-26.5,A,2014,12,31,365,0.89,2.87
-67.5,-26.5,A,2015,1,1,1,13.07,3.23
-67.5,-26.5,A,2015,1,2,2,1.35,3.17
-67.5,-26.5,A,2015,1,3,3,1.68,3.54
-67.5,-26.5,A,2015,1,4,4,0.4,6.29
-67.5,-26.5,A,2015,1,5,5,0.02,6.16
-67.5,-26.5,A,2015,1,6,6,0.66,6.1
-67.5,-26.5,A,2015,1,7,7,2.19,6.04
-67.5,-26.5,A,2015,1,8,8,0.74,5.49
-67.5,-26.5,A,2015,1,9,9,0,6.1
-67.5,-26.5,A,2015,1,10,10,3.4,6.16
-67.5,-26.5,A,2015,1,11,11,0.98,6.04
-67.5,-26.5,A,2015,1,12,12,0.28,5.43
-67.5,-26.5,A,2015,1,13,13,0,3.91
-67.5,-26.5,A,2015,1,14,14,6.68,6.59
-67.5,-26.5,A,2015,1,15,15,6.66,6.77
-67.5,-26.5,A,2015,1,16,16,0.6,5.98
-67.5,-26.5,A,2015,1,17,17,3.08,7.14
-67.5,-26.5,A,2015,1,18,18,0.26,6.9
-67.5,-26.5,A,2015,1,19,19,25.84,7.51
-67.5,-26.5,A,2015,1,20,20,28.13,7.57
-67.5,-26.5,A,2015,1,21,21,0.25,7.69
-67.5,-26.5,A,2015,1,22,22,0.01,6.77
-67.5,-26.5,A,2015,1,23,23,0,8.24
-67.5,-26.5,A,2015,1,24,24,0.19,7.32
-67.5,-26.5,A,2015,1,25,25,0.09,6.77
-67.5,-26.5,A,2015,1,26,26,12.34,7.32
-67.5,-26.5,A,2015,1,27,27,4.1,7.26
-67.5,-26.5,A,2015,1,28,28,11.82,6.96
-67.5,-26.5,A,2015,1,29,29,4.79,7.57
-67.5,-26.5,A,2015,1,30,30,1.95,8.06
-67.5,-26.5,A,2015,1,31,31,0.21,8.18
-67.5,-26.5,A,2015,2,1,32,0,7.81
-67.5,-26.5,A,2015,2,2,33,0.03,8.61
-67.5,-26.5,A,2015,2,3,34,0.01,7.39
-67.5,-26.5,A,2015,2,4,35,8.54,8.79
-67.5,-26.5,A,2015,2,5,36,6.71,8.48
-67.5,-26.5,A,2015,2,6,37,1.23,7.14
-67.5,-26.5,A,2015,2,7,38,0.37,7.87
-67.5,-26.5,A,2015,2,8,39,7.66,6.9
-67.5,-26.5,A,2015,2,9,40,7.48,6.59
-67.5,-26.5,A,2015,2,10,41,9.83,5.98
-67.5,-26.5,A,2015,2,11,42,1.73,6.53
-67.5,-26.5,A,2015,2,12,43,2.04,6.77
-67.5,-26.5,A,2015,2,13,44,1.54,7.57
-67.5,-26.5,A,2015,2,14,45,0.72,6.77
-67.5,-26.5,A,2015,2,15,46,7.16,8.61
-67.5,-26.5,A,2015,2,16,47,6.43,7.87
-67.5,-26.5,A,2015,2,17,48,3.23,6.59
-67.5,-26.5,A,2015,2,18,49,6.84,3.85
-67.5,-26.5,A,2015,2,19,50,4.23,3.78
-67.5,-26.5,A,2015,2,20,51,0.88,3.36
-67.5,-26.5,A,2015,2,21,52,1.54,3.6
-67.5,-26.5,A,2015,2,22,53,0.45,4.46
-67.5,-26.5,A,2015,2,23,54,1.19,6.53
-67.5,-26.5,A,2015,2,24,55,0.48,6.1
-67.5,-26.5,A,2015,2,25,56,23.26,4.27
-67.5,-26.5,A,2015,2,26,57,10.68,4.88
-67.5,-26.5,A,2015,2,27,58,10.45,5.19
-67.5,-26.5,A,2015,2,28,59,5.59,5.37
-67.5,-26.5,A,2015,3,1,60,1.17,4.39
-67.5,-26.5,A,2015,3,2,61,0.6,5.25
-67.5,-26.5,A,2015,3,3,62,9.57,4.64
-67.5,-26.5,A,2015,3,4,63,5.85,6.53
-67.5,-26.5,A,2015,3,5,64,2.52,6.53
-67.5,-26.5,A,2015,3,6,65,9.5,7.75
-67.5,-26.5,A,2015,3,7,66,7.12,9.16
-67.5,-26.5,A,2015,3,8,67,2.28,9.22
-67.5,-26.5,A,2015,3,9,68,0.15,9.58
-67.5,-26.5,A,2015,3,10,69,0,9.46
-67.5,-26.5,A,2015,3,11,70,0,9.22
-67.5,-26.5,A,2015,3,12,71,0,8
-67.5,-26.5,A,2015,3,13,72,0.84,8.67
-67.5,-26.5,A,2015,3,14,73,8.71,8.91
-67.5,-26.5,A,2015,3,15,74,5.23,8.36
-67.5,-26.5,A,2015,3,16,75,0.93,8.42
-67.5,-26.5,A,2015,3,17,76,3.85,8.48
-67.5,-26.5,A,2015,3,18,77,1.89,7.81
-67.5,-26.5,A,2015,3,19,78,0.05,7.57
-67.5,-26.5,A,2015,3,20,79,6.34,7.75
-67.5,-26.5,A,2015,3,21,80,4.21,6.71
-67.5,-26.5,A,2015,3,22,81,0.34,5.92
-67.5,-26.5,A,2015,3,23,82,0.61,5.37
-67.5,-26.5,A,2015,3,24,83,9.21,5.8
-67.5,-26.5,A,2015,3,25,84,8.45,5.49
-67.5,-26.5,A,2015,3,26,85,1.96,4.46
-67.5,-26.5,A,2015,3,27,86,0.33,3.36
-67.5,-26.5,A,2015,3,28,87,0,3.3
-67.5,-26.5,A,2015,3,29,88,0,3.54
-67.5,-26.5,A,2015,3,30,89,5.12,3.54
-67.5,-26.5,A,2015,3,31,90,6.06,3.85
-67.5,-26.5,A,2015,4,1,91,0.27,3.91
-67.5,-26.5,A,2015,4,2,92,0,4.76
-67.5,-26.5,A,2015,4,3,93,0.32,3.23
-67.5,-26.5,A,2015,4,4,94,0,2.32
-67.5,-26.5,A,2015,4,5,95,0,3.17
-67.5,-26.5,A,2015,4,6,96,0,3.91
-67.5,-26.5,A,2015,4,7,97,0,2.87
-67.5,-26.5,A,2015,4,8,98,0,2.99
-67.5,-26.5,A,2015,4,9,99,0,3.54
-67.5,-26.5,A,2015,4,10,100,0,5.8
-67.5,-26.5,A,2015,4,11,101,0,6.53
-67.5,-26.5,A,2015,4,12,102,3.96,5.8
-67.5,-26.5,A,2015,4,13,103,0.09,3.54
-67.5,-26.5,A,2015,4,14,104,0.41,2.87
-67.5,-26.5,A,2015,4,15,105,0.26,3.05
-67.5,-26.5,A,2015,4,16,106,0.48,2.62
-67.5,-26.5,A,2015,4,17,107,0.39,2.81
-67.5,-26.5,A,2015,4,18,108,0.03,3.23
-67.5,-26.5,A,2015,4,19,109,0,2.5
-67.5,-26.5,A,2015,4,20,110,0.39,2.38
-67.5,-26.5,A,2015,4,21,111,2.41,2.32
-67.5,-26.5,A,2015,4,22,112,5.1,2.56
-67.5,-26.5,A,2015,4,23,113,0.14,2.32
-67.5,-26.5,A,2015,4,24,114,0,2.75
-67.5,-26.5,A,2015,4,25,115,0.01,4.33
-67.5,-26.5,A,2015,4,26,116,0,3.91
-67.5,-26.5,A,2015,4,27,117,0.85,3.66
-67.5,-26.5,A,2015,4,28,118,4.28,4.58
-67.5,-26.5,A,2015,4,29,119,0.77,3.48
-67.5,-26.5,A,2015,4,30,120,0.13,4.03
-67.5,-26.5,A,2015,5,1,121,0.11,2.44
-67.5,-26.5,A,2015,5,2,122,0.12,2.32
-67.5,-26.5,A,2015,5,3,123,2.83,2.38
-67.5,-26.5,A,2015,5,4,124,0,2.2
-67.5,-26.5,A,2015,5,5,125,0,2.08
-67.5,-26.5,A,2015,5,6,126,0,2.56
-67.5,-26.5,A,2015,5,7,127,0,2.99
-67.5,-26.5,A,2015,5,8,128,0,2.32
-67.5,-26.5,A,2015,5,9,129,0,2.44
-67.5,-26.5,A,2015,5,10,130,0,2.26
-67.5,-26.5,A,2015,5,11,131,0,2.26
-67.5,-26.5,A,2015,5,12,132,0,2.2
-67.5,-26.5,A,2015,5,13,133,0.22,2.2
-67.5,-26.5,A,2015,5,14,134,0,2.08
-67.5,-26.5,A,2015,5,15,135,0,2.08
-67.5,-26.5,A,2015,5,16,136,0,1.83
-67.5,-26.5,A,2015,5,17,137,0,1.71
-67.5,-26.5,A,2015,5,18,138,0,2.01
-67.5,-26.5,A,2015,5,19,139,0,1.95
-67.5,-26.5,A,2015,5,20,140,0,1.95
-67.5,-26.5,A,2015,5,21,141,0,2.08
-67.5,-26.5,A,2015,5,22,142,0,2.75
-67.5,-26.5,A,2015,5,23,143,0,2.62
-67.5,-26.5,A,2015,5,24,144,0.69,2.75
-67.5,-26.5,A,2015,5,25,145,2.45,3.05
-67.5,-26.5,A,2015,5,26,146,2.05,3.78
-67.5,-26.5,A,2015,5,27,147,0,2.56
-67.5,-26.5,A,2015,5,28,148,0,2.01
-67.5,-26.5,A,2015,5,29,149,0,1.89
-67.5,-26.5,A,2015,5,30,150,0,1.71
-67.5,-26.5,A,2015,5,31,151,0,1.46
-67.5,-26.5,A,2015,6,1,152,0,1.46
-67.5,-26.5,A,2015,6,2,153,0,1.59
-67.5,-26.5,A,2015,6,3,154,0,2.01
-67.5,-26.5,A,2015,6,4,155,0,2.01
-67.5,-26.5,A,2015,6,5,156,0,1.71
-67.5,-26.5,A,2015,6,6,157,0,1.71
-67.5,-26.5,A,2015,6,7,158,0,1.65
-67.5,-26.5,A,2015,6,8,159,0,1.71
-67.5,-26.5,A,2015,6,9,160,0,1.77
-67.5,-26.5,A,2015,6,10,161,0,1.71
-67.5,-26.5,A,2015,6,11,162,1.56,2.14
-67.5,-26.5,A,2015,6,12,163,0,1.65
-67.5,-26.5,A,2015,6,13,164,0,1.46
-67.5,-26.5,A,2015,6,14,165,0,1.53
-67.5,-26.5,A,2015,6,15,166,0,1.4
-67.5,-26.5,A,2015,6,16,167,0,1.22
-67.5,-26.5,A,2015,6,17,168,0,1.71
-67.5,-26.5,A,2015,6,18,169,0,1.46
-67.5,-26.5,A,2015,6,19,170,0,1.77
-67.5,-26.5,A,2015,6,20,171,0,1.89
-67.5,-26.5,A,2015,6,21,172,0,1.77
-67.5,-26.5,A,2015,6,22,173,0,1.71
-67.5,-26.5,A,2015,6,23,174,0,1.83
-67.5,-26.5,A,2015,6,24,175,0,1.83
-67.5,-26.5,A,2015,6,25,176,0,1.4
-67.5,-26.5,A,2015,6,26,177,0,1.53
-67.5,-26.5,A,2015,6,27,178,0,1.53
-67.5,-26.5,A,2015,6,28,179,0,1.77
-67.5,-26.5,A,2015,6,29,180,0,1.4
-67.5,-26.5,A,2015,6,30,181,0,1.34
-67.5,-26.5,A,2015,7,1,182,0,1.4
-67.5,-26.5,A,2015,7,2,183,0.02,1.95
-67.5,-26.5,A,2015,7,3,184,1.02,2.08
-67.5,-26.5,A,2015,7,4,185,3.59,1.95
-67.5,-26.5,A,2015,7,5,186,0.65,2.2
-67.5,-26.5,A,2015,7,6,187,0,2.5
-67.5,-26.5,A,2015,7,7,188,0,2.32
-67.5,-26.5,A,2015,7,8,189,0,1.89
-67.5,-26.5,A,2015,7,9,190,0,1.28
-67.5,-26.5,A,2015,7,10,191,0,1.28
-67.5,-26.5,A,2015,7,11,192,0,1.4
-67.5,-26.5,A,2015,7,12,193,0,1.28
-67.5,-26.5,A,2015,7,13,194,1.91,1.71
-67.5,-26.5,A,2015,7,14,195,0.53,1.59
-67.5,-26.5,A,2015,7,15,196,0.36,1.04
-67.5,-26.5,A,2015,7,16,197,0,1.34
-67.5,-26.5,A,2015,7,17,198,0,1.59
-67.5,-26.5,A,2015,7,18,199,0,1.34
-67.5,-26.5,A,2015,7,19,200,0,1.34
-67.5,-26.5,A,2015,7,20,201,0,1.4
-67.5,-26.5,A,2015,7,21,202,0.86,1.34
-67.5,-26.5,A,2015,7,22,203,0,2.14
-67.5,-26.5,A,2015,7,23,204,0,1.95
-67.5,-26.5,A,2015,7,24,205,0,1.4
-67.5,-26.5,A,2015,7,25,206,0,1.4
-67.5,-26.5,A,2015,7,26,207,0,1.59
-67.5,-26.5,A,2015,7,27,208,0,1.4
-67.5,-26.5,A,2015,7,28,209,0,1.34
-67.5,-26.5,A,2015,7,29,210,0,1.4
-67.5,-26.5,A,2015,7,30,211,0,1.22
-67.5,-26.5,A,2015,7,31,212,0,1.16
-67.5,-26.5,A,2015,8,1,213,0,1.22
-67.5,-26.5,A,2015,8,2,214,0,1.34
-67.5,-26.5,A,2015,8,3,215,0,2.01
-67.5,-26.5,A,2015,8,4,216,0,1.53
-67.5,-26.5,A,2015,8,5,217,0.51,2.69
-67.5,-26.5,A,2015,8,6,218,0,2.26
-67.5,-26.5,A,2015,8,7,219,0,2.26
-67.5,-26.5,A,2015,8,8,220,0,2.5
-67.5,-26.5,A,2015,8,9,221,8.38,2.26
-67.5,-26.5,A,2015,8,10,222,0.57,1.46
-67.5,-26.5,A,2015,8,11,223,0.55,1.71
-67.5,-26.5,A,2015,8,12,224,4.98,1.77
-67.5,-26.5,A,2015,8,13,225,1.76,1.34
-67.5,-26.5,A,2015,8,14,226,2.95,1.53
-67.5,-26.5,A,2015,8,15,227,1.57,1.46
-67.5,-26.5,A,2015,8,16,228,12.44,2.01
-67.5,-26.5,A,2015,8,17,229,0,1.28
-67.5,-26.5,A,2015,8,18,230,0,1.65
-67.5,-26.5,A,2015,8,19,231,0,2.44
-67.5,-26.5,A,2015,8,20,232,0,2.5
-67.5,-26.5,A,2015,8,21,233,0,1.89
-67.5,-26.5,A,2015,8,22,234,0,2.38
-67.5,-26.5,A,2015,8,23,235,0,2.26
-67.5,-26.5,A,2015,8,24,236,0,2.14
-67.5,-26.5,A,2015,8,25,237,0,1.77
-67.5,-26.5,A,2015,8,26,238,0,1.46
-67.5,-26.5,A,2015,8,27,239,0,1.89
-67.5,-26.5,A,2015,8,28,240,0,2.56
-67.5,-26.5,A,2015,8,29,241,0,2.38
-67.5,-26.5,A,2015,8,30,242,0,1.95
-67.5,-26.5,A,2015,8,31,243,0,2.5
-67.5,-26.5,A,2015,9,1,244,0,3.72
-67.5,-26.5,A,2015,9,2,245,0,2.56
-67.5,-26.5,A,2015,9,3,246,0,2.69
-67.5,-26.5,A,2015,9,4,247,0,2.14
-67.5,-26.5,A,2015,9,5,248,0,2.14
-67.5,-26.5,A,2015,9,6,249,0,2.38
-67.5,-26.5,A,2015,9,7,250,0,1.89
-67.5,-26.5,A,2015,9,8,251,0,1.22
-67.5,-26.5,A,2015,9,9,252,0,1.53
-67.5,-26.5,A,2015,9,10,253,0,1.77
-67.5,-26.5,A,2015,9,11,254,0,1.71
-67.5,-26.5,A,2015,9,12,255,0,1.34
-67.5,-26.5,A,2015,9,13,256,0,1.4
-67.5,-26.5,A,2015,9,14,257,0,1.34
-67.5,-26.5,A,2015,9,15,258,0,1.34
-67.5,-26.5,A,2015,9,16,259,0,1.65
-67.5,-26.5,A,2015,9,17,260,0,1.89
-67.5,-26.5,A,2015,9,18,261,0,1.83
-67.5,-26.5,A,2015,9,19,262,0,1.95
-67.5,-26.5,A,2015,9,20,263,0,2.08
-67.5,-26.5,A,2015,9,21,264,0,2.2
-67.5,-26.5,A,2015,9,22,265,1.56,1.71
-67.5,-26.5,A,2015,9,23,266,2.83,1.77
-67.5,-26.5,A,2015,9,24,267,1.55,1.16
-67.5,-26.5,A,2015,9,25,268,0,1.22
-67.5,-26.5,A,2015,9,26,269,0.01,1.34
-67.5,-26.5,A,2015,9,27,270,0,1.59
-67.5,-26.5,A,2015,9,28,271,0,2.01
-67.5,-26.5,A,2015,9,29,272,0.94,2.69
-67.5,-26.5,A,2015,9,30,273,0.08,2.14
-67.5,-26.5,A,2015,10,1,274,0,2.26
-67.5,-26.5,A,2015,10,2,275,0,1.83
-67.5,-26.5,A,2015,10,3,276,0,1.71
-67.5,-26.5,A,2015,10,4,277,0,1.46
-67.5,-26.5,A,2015,10,5,278,0,1.22
-67.5,-26.5,A,2015,10,6,279,0,1.1
-67.5,-26.5,A,2015,10,7,280,0,1.28
-67.5,-26.5,A,2015,10,8,281,0.02,1.83
-67.5,-26.5,A,2015,10,9,282,2.38,2.44
-67.5,-26.5,A,2015,10,10,283,0.24,2.38
-67.5,-26.5,A,2015,10,11,284,0.28,2.14
-67.5,-26.5,A,2015,10,12,285,0,1.28
-67.5,-26.5,A,2015,10,13,286,0,1.34
-67.5,-26.5,A,2015,10,14,287,0,1.22
-67.5,-26.5,A,2015,10,15,288,0,0.92
-67.5,-26.5,A,2015,10,16,289,0,1.46
-67.5,-26.5,A,2015,10,17,290,0,2.44
-67.5,-26.5,A,2015,10,18,291,0.38,4.76
-67.5,-26.5,A,2015,10,19,292,0.06,3.72
-67.5,-26.5,A,2015,10,20,293,0.15,2.99
-67.5,-26.5,A,2015,10,21,294,1.61,3.11
-67.5,-26.5,A,2015,10,22,295,0,1.89
-67.5,-26.5,A,2015,10,23,296,0,2.14
-67.5,-26.5,A,2015,10,24,297,0,2.5
-67.5,-26.5,A,2015,10,25,298,0,2.08
-67.5,-26.5,A,2015,10,26,299,0,1.89
-67.5,-26.5,A,2015,10,27,300,1.23,2.26
-67.5,-26.5,A,2015,10,28,301,0.2,1.89
-67.5,-26.5,A,2015,10,29,302,2.37,1.89
-67.5,-26.5,A,2015,10,30,303,3.85,2.38
-67.5,-26.5,A,2015,10,31,304,5.83,2.62
-67.5,-26.5,A,2015,11,1,305,10.95,2.44
-67.5,-26.5,A,2015,11,2,306,3.46,2.14
-67.5,-26.5,A,2015,11,3,307,7.06,2.01
-67.5,-26.5,A,2015,11,4,308,10.82,2.01
-67.5,-26.5,A,2015,11,5,309,3.63,2.01
-67.5,-26.5,A,2015,11,6,310,1.51,1.83
-67.5,-26.5,A,2015,11,7,311,0,1.4
-67.5,-26.5,A,2015,11,8,312,0,1.65
-67.5,-26.5,A,2015,11,9,313,0.02,1.53
-67.5,-26.5,A,2015,11,10,314,1.35,1.46
-67.5,-26.5,A,2015,11,11,315,3.12,1.77
-67.5,-26.5,A,2015,11,12,316,0.63,1.46
-67.5,-26.5,A,2015,11,13,317,0,1.89
-67.5,-26.5,A,2015,11,14,318,0,2.32
-67.5,-26.5,A,2015,11,15,319,0,2.32
-67.5,-26.5,A,2015,11,16,320,0.04,2.01
-67.5,-26.5,A,2015,11,17,321,1.05,2.08
-67.5,-26.5,A,2015,11,18,322,0.62,1.89
-67.5,-26.5,A,2015,11,19,323,0.43,1.71
-67.5,-26.5,A,2015,11,20,324,4.12,1.71
-67.5,-26.5,A,2015,11,21,325,0,1.65
-67.5,-26.5,A,2015,11,22,326,0,1.34
-67.5,-26.5,A,2015,11,23,327,0,1.4
-67.5,-26.5,A,2015,11,24,328,0,1.4
-67.5,-26.5,A,2015,11,25,329,0,3.17
-67.5,-26.5,A,2015,11,26,330,0,2.99
-67.5,-26.5,A,2015,11,27,331,3.57,2.32
-67.5,-26.5,A,2015,11,28,332,3.51,2.14
-67.5,-26.5,A,2015,11,29,333,0.2,2.44
-67.5,-26.5,A,2015,11,30,334,0,2.2
-67.5,-26.5,A,2015,12,1,335,0,2.14
-67.5,-26.5,A,2015,12,2,336,0,2.01
-67.5,-26.5,A,2015,12,3,337,0.12,2.08
-67.5,-26.5,A,2015,12,4,338,11.27,2.93
-67.5,-26.5,A,2015,12,5,339,9.38,4.09
-67.5,-26.5,A,2015,12,6,340,1.8,3.91
-67.5,-26.5,A,2015,12,7,341,0,4.03
-67.5,-26.5,A,2015,12,8,342,0.97,3.05
-67.5,-26.5,A,2015,12,9,343,0.76,2.99
-67.5,-26.5,A,2015,12,10,344,0.05,2.93
-67.5,-26.5,A,2015,12,11,345,0,2.44
-67.5,-26.5,A,2015,12,12,346,0.06,2.08
-67.5,-26.5,A,2015,12,13,347,0.13,1.95
-67.5,-26.5,A,2015,12,14,348,0.04,1.89
-67.5,-26.5,A,2015,12,15,349,0.01,3.23
-67.5,-26.5,A,2015,12,16,350,0.01,2.81
-67.5,-26.5,A,2015,12,17,351,2.02,2.08
-67.5,-26.5,A,2015,12,18,352,8.09,2.5
-67.5,-26.5,A,2015,12,19,353,10.46,2.5
-67.5,-26.5,A,2015,12,20,354,0,2.2
-67.5,-26.5,A,2015,12,21,355,0,2.14
-67.5,-26.5,A,2015,12,22,356,0,2.14
-67.5,-26.5,A,2015,12,23,357,10.41,2.99
-67.5,-26.5,A,2015,12,24,358,14.16,5.49
-67.5,-26.5,A,2015,12,25,359,0.32,5.13
-67.5,-26.5,A,2015,12,26,360,0,4.76
-67.5,-26.5,A,2015,12,27,361,5.8,6.35
-67.5,-26.5,A,2015,12,28,362,3.71,4.94
-67.5,-26.5,A,2015,12,29,363,0.73,5.07
-67.5,-26.5,A,2015,12,30,364,10.58,4.76
-67.5,-26.5,A,2015,12,31,365,6.69,3.48
-67.5,-26.5,A,2016,1,1,1,1.58,3.72
-67.5,-26.5,A,2016,1,2,2,1.03,4.09
-67.5,-26.5,A,2016,1,3,3,3.4,3.91
-67.5,-26.5,A,2016,1,4,4,2.46,4.46
-67.5,-26.5,A,2016,1,5,5,8.17,5.07
-67.5,-26.5,A,2016,1,6,6,7.06,5.31
-67.5,-26.5,A,2016,1,7,7,7.57,4.94
-67.5,-26.5,A,2016,1,8,8,19.13,4.76
-67.5,-26.5,A,2016,1,9,9,9.32,6.1
-67.5,-26.5,A,2016,1,10,10,1.13,5.98
-67.5,-26.5,A,2016,1,11,11,4.66,7.14
-67.5,-26.5,A,2016,1,12,12,3.64,4.64
-67.5,-26.5,A,2016,1,13,13,16.37,7.51
-67.5,-26.5,A,2016,1,14,14,1.93,5.07
-67.5,-26.5,A,2016,1,15,15,3.38,6.29
-67.5,-26.5,A,2016,1,16,16,1.13,6.84
-67.5,-26.5,A,2016,1,17,17,6.24,7.63
-67.5,-26.5,A,2016,1,18,18,13.13,7.2
-67.5,-26.5,A,2016,1,19,19,0,6.65
-67.5,-26.5,A,2016,1,20,20,0,7.93
-67.5,-26.5,A,2016,1,21,21,0,7.69
-67.5,-26.5,A,2016,1,22,22,0,8.3
-67.5,-26.5,A,2016,1,23,23,0,8.24
-67.5,-26.5,A,2016,1,24,24,0,4.82
-67.5,-26.5,A,2016,1,25,25,0.08,4.33
-67.5,-26.5,A,2016,1,26,26,1.05,5.13
-67.5,-26.5,A,2016,1,27,27,0.36,4.94
-67.5,-26.5,A,2016,1,28,28,0,4.58
-67.5,-26.5,A,2016,1,29,29,17.86,5.25
-67.5,-26.5,A,2016,1,30,30,13.91,7.87
-67.5,-26.5,A,2016,1,31,31,3.88,6.77
-67.5,-26.5,A,2016,2,1,32,2.38,6.59
-67.5,-26.5,A,2016,2,2,33,6,6.1
-67.5,-26.5,A,2016,2,3,34,0.2,5.25
-67.5,-26.5,A,2016,2,4,35,1.95,6.47
-67.5,-26.5,A,2016,2,5,36,12.09,6.65
-67.5,-26.5,A,2016,2,6,37,3.3,6.23
-67.5,-26.5,A,2016,2,7,38,1.15,6.47
-67.5,-26.5,A,2016,2,8,39,4.5,5.8
-67.5,-26.5,A,2016,2,9,40,6.13,8.06
-67.5,-26.5,A,2016,2,10,41,0,7.69
-67.5,-26.5,A,2016,2,11,42,0,8.85
-67.5,-26.5,A,2016,2,12,43,0,7.39
-67.5,-26.5,A,2016,2,13,44,12.95,7.63
-67.5,-26.5,A,2016,2,14,45,3.82,8.3
-67.5,-26.5,A,2016,2,15,46,0,7.08
-67.5,-26.5,A,2016,2,16,47,0,4.03
-67.5,-26.5,A,2016,2,17,48,8.04,4.82
-67.5,-26.5,A,2016,2,18,49,4.55,7.39
-67.5,-26.5,A,2016,2,19,50,10.7,8.18
-67.5,-26.5,A,2016,2,20,51,17.82,9.34
-67.5,-26.5,A,2016,2,21,52,1.28,8.54
-67.5,-26.5,A,2016,2,22,53,0.75,9.4
-67.5,-26.5,A,2016,2,23,54,5.52,8.06
-67.5,-26.5,A,2016,2,24,55,0.6,8.91
-67.5,-26.5,A,2016,2,25,56,0.01,8.24
-67.5,-26.5,A,2016,2,26,57,12.22,6.04
-67.5,-26.5,A,2016,2,27,58,1.89,4.46
-67.5,-26.5,A,2016,2,28,59,1.26,4.09
-67.5,-26.5,A,2016,2,29,60,0.24,4.46
-67.5,-26.5,A,2016,3,1,61,4.91,4.94
-67.5,-26.5,A,2016,3,2,62,2.14,6.04
-67.5,-26.5,A,2016,3,3,63,1.66,5.07
-67.5,-26.5,A,2016,3,4,64,2.39,4.88
-67.5,-26.5,A,2016,3,5,65,4.06,5.31
-67.5,-26.5,A,2016,3,6,66,0.52,5.25
-67.5,-26.5,A,2016,3,7,67,2.12,4.15
-67.5,-26.5,A,2016,3,8,68,4.78,3.78
-67.5,-26.5,A,2016,3,9,69,3.16,4.15
-67.5,-26.5,A,2016,3,10,70,0.02,5.07
-67.5,-26.5,A,2016,3,11,71,0.02,4.94
-67.5,-26.5,A,2016,3,12,72,0,5.43
-67.5,-26.5,A,2016,3,13,73,0,5.07
-67.5,-26.5,A,2016,3,14,74,0,5.31
-67.5,-26.5,A,2016,3,15,75,0,5.55
-67.5,-26.5,A,2016,3,16,76,0,7.32
-67.5,-26.5,A,2016,3,17,77,0,5.13
-67.5,-26.5,A,2016,3,18,78,11.04,5.37
-67.5,-26.5,A,2016,3,19,79,0.75,4.33
-67.5,-26.5,A,2016,3,20,80,3.29,3.42
-67.5,-26.5,A,2016,3,21,81,0.53,3.11
-67.5,-26.5,A,2016,3,22,82,0,3.6
-67.5,-26.5,A,2016,3,23,83,2.99,3.6
-67.5,-26.5,A,2016,3,24,84,17.33,5.55
-67.5,-26.5,A,2016,3,25,85,1.92,4.82
-67.5,-26.5,A,2016,3,26,86,0.4,3.78
-67.5,-26.5,A,2016,3,27,87,0.69,3.42
-67.5,-26.5,A,2016,3,28,88,0,3.72
-67.5,-26.5,A,2016,3,29,89,0,3.66
-67.5,-26.5,A,2016,3,30,90,0,3.42
-67.5,-26.5,A,2016,3,31,91,0,3.48
-67.5,-26.5,A,2016,4,1,92,0,3.17
-67.5,-26.5,A,2016,4,2,93,0.22,2.87
-67.5,-26.5,A,2016,4,3,94,3.31,3.3
-67.5,-26.5,A,2016,4,4,95,23.11,5.49
-67.5,-26.5,A,2016,4,5,96,12.17,6.23
-67.5,-26.5,A,2016,4,6,97,0,4.21
-67.5,-26.5,A,2016,4,7,98,0,3.05
-67.5,-26.5,A,2016,4,8,99,0,2.75
-67.5,-26.5,A,2016,4,9,100,3.07,2.81
-67.5,-26.5,A,2016,4,10,101,11.16,3.3
-67.5,-26.5,A,2016,4,11,102,1.97,3.42
-67.5,-26.5,A,2016,4,12,103,1.82,3.05
-67.5,-26.5,A,2016,4,13,104,0.08,3.11
-67.5,-26.5,A,2016,4,14,105,0,3.23
-67.5,-26.5,A,2016,4,15,106,0,3.11
-67.5,-26.5,A,2016,4,16,107,1.9,3.23
-67.5,-26.5,A,2016,4,17,108,0.93,3.6
-67.5,-26.5,A,2016,4,18,109,5.6,4.15
-67.5,-26.5,A,2016,4,19,110,1.99,4.21
-67.5,-26.5,A,2016,4,20,111,0.01,3.3
-67.5,-26.5,A,2016,4,21,112,0,2.75
-67.5,-26.5,A,2016,4,22,113,0,2.08
-67.5,-26.5,A,2016,4,23,114,0,2.5
-67.5,-26.5,A,2016,4,24,115,5.77,3.17
-67.5,-26.5,A,2016,4,25,116,0.07,2.93
-67.5,-26.5,A,2016,4,26,117,4.61,2.44
-67.5,-26.5,A,2016,4,27,118,0,2.69
-67.5,-26.5,A,2016,4,28,119,0,3.54
-67.5,-26.5,A,2016,4,29,120,0,3.78
-67.5,-26.5,A,2016,4,30,121,0,3.42
-67.5,-26.5,A,2016,5,1,122,0,2.75
-67.5,-26.5,A,2016,5,2,123,0,2.81
-67.5,-26.5,A,2016,5,3,124,0,3.42
-67.5,-26.5,A,2016,5,4,125,0,3.54
-67.5,-26.5,A,2016,5,5,126,0,2.62
-67.5,-26.5,A,2016,5,6,127,0.59,3.05
-67.5,-26.5,A,2016,5,7,128,0.16,3.11
-67.5,-26.5,A,2016,5,8,129,1.02,2.81
-67.5,-26.5,A,2016,5,9,130,1.75,2.69
-67.5,-26.5,A,2016,5,10,131,2.48,2.87
-67.5,-26.5,A,2016,5,11,132,0.71,2.99
-67.5,-26.5,A,2016,5,12,133,0.01,2.87
-67.5,-26.5,A,2016,5,13,134,1,2.5
-67.5,-26.5,A,2016,5,14,135,3.96,2.38
-67.5,-26.5,A,2016,5,15,136,1.16,2.14
-67.5,-26.5,A,2016,5,16,137,0,2.69
-67.5,-26.5,A,2016,5,17,138,0.9,2.99
-67.5,-26.5,A,2016,5,18,139,1.44,2.44
-67.5,-26.5,A,2016,5,19,140,0,2.01
-67.5,-26.5,A,2016,5,20,141,0.59,2.26
-67.5,-26.5,A,2016,5,21,142,0.28,2.32
-67.5,-26.5,A,2016,5,22,143,0,2.75
-67.5,-26.5,A,2016,5,23,144,0,2.56
-67.5,-26.5,A,2016,5,24,145,0,2.44
-67.5,-26.5,A,2016,5,25,146,0,2.69
-67.5,-26.5,A,2016,5,26,147,0.22,2.87
-67.5,-26.5,A,2016,5,27,148,1.67,3.11
-67.5,-26.5,A,2016,5,28,149,0,2.93
-67.5,-26.5,A,2016,5,29,150,0,3.17
-67.5,-26.5,A,2016,5,30,151,0,2.81
-67.5,-26.5,A,2016,5,31,152,0,2.56
-67.5,-26.5,A,2016,6,1,153,0,2.32
-67.5,-26.5,A,2016,6,2,154,0,2.01
-67.5,-26.5,A,2016,6,3,155,0.16,2.01
-67.5,-26.5,A,2016,6,4,156,2.54,2.26
-67.5,-26.5,A,2016,6,5,157,2.84,2.14
-67.5,-26.5,A,2016,6,6,158,1.85,2.01
-67.5,-26.5,A,2016,6,7,159,0.01,1.83
-67.5,-26.5,A,2016,6,8,160,0,1.59
-67.5,-26.5,A,2016,6,9,161,0,1.65
-67.5,-26.5,A,2016,6,10,162,0,1.95
-67.5,-26.5,A,2016,6,11,163,0,2.87
-67.5,-26.5,A,2016,6,12,164,0,3.48
-67.5,-26.5,A,2016,6,13,165,0,3.72
-67.5,-26.5,A,2016,6,14,166,0,3.05
-67.5,-26.5,A,2016,6,15,167,0.03,2.14
-67.5,-26.5,A,2016,6,16,168,0,2.14
-67.5,-26.5,A,2016,6,17,169,0,2.01
-67.5,-26.5,A,2016,6,18,170,0,1.89
-67.5,-26.5,A,2016,6,19,171,0,1.71
-67.5,-26.5,A,2016,6,20,172,0,1.65
-67.5,-26.5,A,2016,6,21,173,0,1.59
-67.5,-26.5,A,2016,6,22,174,0,1.89
-67.5,-26.5,A,2016,6,23,175,0,2.26
-67.5,-26.5,A,2016,6,24,176,0.02,1.83
-67.5,-26.5,A,2016,6,25,177,12.65,2.32
-67.5,-26.5,A,2016,6,26,178,1.73,1.71
-67.5,-26.5,A,2016,6,27,179,0,1.83
-67.5,-26.5,A,2016,6,28,180,0,1.89
-67.5,-26.5,A,2016,6,29,181,0,2.81
-67.5,-26.5,A,2016,6,30,182,0,2.56
-67.5,-26.5,A,2016,7,1,183,0,2.2
-67.5,-26.5,A,2016,7,2,184,0.15,2.5
-67.5,-26.5,A,2016,7,3,185,1.63,3.36
-67.5,-26.5,A,2016,7,4,186,2.25,2.5
-67.5,-26.5,A,2016,7,5,187,0.04,1.46
-67.5,-26.5,A,2016,7,6,188,0,1.34
-67.5,-26.5,A,2016,7,7,189,0,1.65
-67.5,-26.5,A,2016,7,8,190,0,2.56
-67.5,-26.5,A,2016,7,9,191,0,2.93
-67.5,-26.5,A,2016,7,10,192,0,2.75
-67.5,-26.5,A,2016,7,11,193,0,2.62
-67.5,-26.5,A,2016,7,12,194,0,2.38
-67.5,-26.5,A,2016,7,13,195,0,1.83
-67.5,-26.5,A,2016,7,14,196,0,1.4
-67.5,-26.5,A,2016,7,15,197,0,1.28
-67.5,-26.5,A,2016,7,16,198,0,1.4
-67.5,-26.5,A,2016,7,17,199,0,1.34
-67.5,-26.5,A,2016,7,18,200,0,1.34
-67.5,-26.5,A,2016,7,19,201,0,1.59
-67.5,-26.5,A,2016,7,20,202,0,1.71
-67.5,-26.5,A,2016,7,21,203,0,1.65
-67.5,-26.5,A,2016,7,22,204,0,1.65
-67.5,-26.5,A,2016,7,23,205,0,1.65
-67.5,-26.5,A,2016,7,24,206,0,2.14
-67.5,-26.5,A,2016,7,25,207,0,2.08
-67.5,-26.5,A,2016,7,26,208,0,1.53
-67.5,-26.5,A,2016,7,27,209,0,1.59
-67.5,-26.5,A,2016,7,28,210,0,1.53
-67.5,-26.5,A,2016,7,29,211,0,1.4
-67.5,-26.5,A,2016,7,30,212,0,1.53
-67.5,-26.5,A,2016,7,31,213,0,1.95
-67.5,-26.5,A,2016,8,1,214,0,1.77
-67.5,-26.5,A,2016,8,2,215,0,1.34
-67.5,-26.5,A,2016,8,3,216,0,1.28
-67.5,-26.5,A,2016,8,4,217,0,1.46
-67.5,-26.5,A,2016,8,5,218,0,2.87
-67.5,-26.5,A,2016,8,6,219,0,3.54
-67.5,-26.5,A,2016,8,7,220,0,2.5
-67.5,-26.5,A,2016,8,8,221,1.4,2.44
-67.5,-26.5,A,2016,8,9,222,0.92,3.05
-67.5,-26.5,A,2016,8,10,223,0,2.08
-67.5,-26.5,A,2016,8,11,224,0,1.46
-67.5,-26.5,A,2016,8,12,225,0,1.77
-67.5,-26.5,A,2016,8,13,226,0,1.77
-67.5,-26.5,A,2016,8,14,227,0,1.65
-67.5,-26.5,A,2016,8,15,228,0,1.71
-67.5,-26.5,A,2016,8,16,229,0,1.71
-67.5,-26.5,A,2016,8,17,230,0,1.28
-67.5,-26.5,A,2016,8,18,231,0,1.22
-67.5,-26.5,A,2016,8,19,232,0,0.98
-67.5,-26.5,A,2016,8,20,233,0.61,1.59
-67.5,-26.5,A,2016,8,21,234,0.31,1.65
-67.5,-26.5,A,2016,8,22,235,0,1.77
-67.5,-26.5,A,2016,8,23,236,0,1.89
-67.5,-26.5,A,2016,8,24,237,0,1.59
-67.5,-26.5,A,2016,8,25,238,0,1.59
-67.5,-26.5,A,2016,8,26,239,0,1.77
-67.5,-26.5,A,2016,8,27,240,0,2.38
-67.5,-26.5,A,2016,8,28,241,4.07,2.01
-67.5,-26.5,A,2016,8,29,242,1.85,2.38
-67.5,-26.5,A,2016,8,30,243,0,1.71
-67.5,-26.5,A,2016,8,31,244,0,1.59
-67.5,-26.5,A,2016,9,1,245,0,1.46
-67.5,-26.5,A,2016,9,2,246,0,1.34
-67.5,-26.5,A,2016,9,3,247,0.56,1.46
-67.5,-26.5,A,2016,9,4,248,0.08,1.59
-67.5,-26.5,A,2016,9,5,249,0.5,1.22
-67.5,-26.5,A,2016,9,6,250,0,1.22
-67.5,-26.5,A,2016,9,7,251,0,1.4
-67.5,-26.5,A,2016,9,8,252,0,1.59
-67.5,-26.5,A,2016,9,9,253,0,1.65
-67.5,-26.5,A,2016,9,10,254,0,1.53
-67.5,-26.5,A,2016,9,11,255,0,1.34
-67.5,-26.5,A,2016,9,12,256,0,1.22
-67.5,-26.5,A,2016,9,13,257,0,1.34
-67.5,-26.5,A,2016,9,14,258,0,1.34
-67.5,-26.5,A,2016,9,15,259,0,1.34
-67.5,-26.5,A,2016,9,16,260,0,1.71
-67.5,-26.5,A,2016,9,17,261,0,1.77
-67.5,-26.5,A,2016,9,18,262,0,3.11
-67.5,-26.5,A,2016,9,19,263,0,4.58
-67.5,-26.5,A,2016,9,20,264,0,4.21
-67.5,-26.5,A,2016,9,21,265,0,4.03
-67.5,-26.5,A,2016,9,22,266,0.02,4.58
-67.5,-26.5,A,2016,9,23,267,0,4.52
-67.5,-26.5,A,2016,9,24,268,0,2.2
-67.5,-26.5,A,2016,9,25,269,0,1.83
-67.5,-26.5,A,2016,9,26,270,0,2.32
-67.5,-26.5,A,2016,9,27,271,0,3.23
-67.5,-26.5,A,2016,9,28,272,2.49,3.05
-67.5,-26.5,A,2016,9,29,273,0.45,2.08
-67.5,-26.5,A,2016,9,30,274,0,1.83
-67.5,-26.5,A,2016,10,1,275,0,2.08
-67.5,-26.5,A,2016,10,2,276,4.46,2.44
-67.5,-26.5,A,2016,10,3,277,2.04,2.99
-67.5,-26.5,A,2016,10,4,278,0,2.01
-67.5,-26.5,A,2016,10,5,279,0.08,2.38
-67.5,-26.5,A,2016,10,6,280,0,2.44
-67.5,-26.5,A,2016,10,7,281,0,2.14
-67.5,-26.5,A,2016,10,8,282,0,1.95
-67.5,-26.5,A,2016,10,9,283,0,2.08
-67.5,-26.5,A,2016,10,10,284,0,1.71
-67.5,-26.5,A,2016,10,11,285,0,1.53
-67.5,-26.5,A,2016,10,12,286,0,1.59
-67.5,-26.5,A,2016,10,13,287,0,1.71
-67.5,-26.5,A,2016,10,14,288,0,1.53
-67.5,-26.5,A,2016,10,15,289,0,1.34
-67.5,-26.5,A,2016,10,16,290,0,1.34
-67.5,-26.5,A,2016,10,17,291,0.52,1.53
-67.5,-26.5,A,2016,10,18,292,2.59,1.65
-67.5,-26.5,A,2016,10,19,293,1.53,1.28
-67.5,-26.5,A,2016,10,20,294,0.41,1.16
-67.5,-26.5,A,2016,10,21,295,0.21,1.46
-67.5,-26.5,A,2016,10,22,296,0,1.83
-67.5,-26.5,A,2016,10,23,297,0,1.4
-67.5,-26.5,A,2016,10,24,298,0,1.59
-67.5,-26.5,A,2016,10,25,299,7.37,1.53
-67.5,-26.5,A,2016,10,26,300,0.75,1.53
-67.5,-26.5,A,2016,10,27,301,0,2.26
-67.5,-26.5,A,2016,10,28,302,0,3.91
-67.5,-26.5,A,2016,10,29,303,0,3.11
-67.5,-26.5,A,2016,10,30,304,0,1.59
-67.5,-26.5,A,2016,10,31,305,0,1.59
-67.5,-26.5,A,2016,11,1,306,0,1.71
-67.5,-26.5,A,2016,11,2,307,0.51,1.53
-67.5,-26.5,A,2016,11,3,308,0,1.95
-67.5,-26.5,A,2016,11,4,309,0,2.38
-67.5,-26.5,A,2016,11,5,310,0,3.23
-67.5,-26.5,A,2016,11,6,311,0,3.54
-67.5,-26.5,A,2016,11,7,312,4.86,4.39
-67.5,-26.5,A,2016,11,8,313,0.95,4.94
-67.5,-26.5,A,2016,11,9,314,0,3.3
-67.5,-26.5,A,2016,11,10,315,0.26,4.46
-67.5,-26.5,A,2016,11,11,316,7.43,5.07
-67.5,-26.5,A,2016,11,12,317,0.01,3.3
-67.5,-26.5,A,2016,11,13,318,8.41,3.48
-67.5,-26.5,A,2016,11,14,319,3.37,2.81
-67.5,-26.5,A,2016,11,15,320,4.42,2.99
-67.5,-26.5,A,2016,11,16,321,15.47,5.19
-67.5,-26.5,A,2016,11,17,322,12.5,5.37
-67.5,-26.5,A,2016,11,18,323,0.01,3.6
-67.5,-26.5,A,2016,11,19,324,0,2.14
-67.5,-26.5,A,2016,11,20,325,0.35,2.08
-67.5,-26.5,A,2016,11,21,326,10.15,3.78
-67.5,-26.5,A,2016,11,22,327,0.57,2.93
-67.5,-26.5,A,2016,11,23,328,0.83,1.83
-67.5,-26.5,A,2016,11,24,329,0,2.14
-67.5,-26.5,A,2016,11,25,330,0,2.01
-67.5,-26.5,A,2016,11,26,331,72.56,2.69
-67.5,-26.5,A,2016,11,27,332,9.78,2.99
-67.5,-26.5,A,2016,11,28,333,13.09,3.66
-67.5,-26.5,A,2016,11,29,334,5.06,5.19
-67.5,-26.5,A,2016,11,30,335,0.73,3.97
-67.5,-26.5,A,2016,12,1,336,0.04,3.66
-67.5,-26.5,A,2016,12,2,337,0.08,4.15
-67.5,-26.5,A,2016,12,3,338,0.08,6.29
-67.5,-26.5,A,2016,12,4,339,0,4.33
-67.5,-26.5,A,2016,12,5,340,4.91,3.66
-67.5,-26.5,A,2016,12,6,341,3.42,5.19
-67.5,-26.5,A,2016,12,7,342,5.56,3.3
-67.5,-26.5,A,2016,12,8,343,3.52,3.05
-67.5,-26.5,A,2016,12,9,344,7.37,2.75
-67.5,-26.5,A,2016,12,10,345,1.78,2.81
-67.5,-26.5,A,2016,12,11,346,0,3.97
-67.5,-26.5,A,2016,12,12,347,0,4.09
-67.5,-26.5,A,2016,12,13,348,0.41,5.74
-67.5,-26.5,A,2016,12,14,349,0.15,6.35
-67.5,-26.5,A,2016,12,15,350,0,6.59
-67.5,-26.5,A,2016,12,16,351,0,4.15
-67.5,-26.5,A,2016,12,17,352,0,5.31
-67.5,-26.5,A,2016,12,18,353,18.4,6.23
-67.5,-26.5,A,2016,12,19,354,10.57,6.96
-67.5,-26.5,A,2016,12,20,355,0.1,7.08
-67.5,-26.5,A,2016,12,21,356,0,6.59
-67.5,-26.5,A,2016,12,22,357,0,6.96
-67.5,-26.5,A,2016,12,23,358,0,6.9
-67.5,-26.5,A,2016,12,24,359,0,5.49
-67.5,-26.5,A,2016,12,25,360,0,4.27
-67.5,-26.5,A,2016,12,26,361,0.5,3.36
-67.5,-26.5,A,2016,12,27,362,11.18,3.36
-67.5,-26.5,A,2016,12,28,363,2.11,4.82
-67.5,-26.5,A,2016,12,29,364,0,5.49
-67.5,-26.5,A,2016,12,30,365,0,6.59
-67.5,-26.5,A,2016,12,31,366,0,7.02
-67.5,-26.5,A,2017,1,1,1,6.93,7.75
-67.5,-26.5,A,2017,1,2,2,2.16,7.26
-67.5,-26.5,A,2017,1,3,3,0,6.35
-67.5,-26.5,A,2017,1,4,4,8.58,8.24
-67.5,-26.5,A,2017,1,5,5,11.01,8.18
-67.5,-26.5,A,2017,1,6,6,0.97,6.71
-67.5,-26.5,A,2017,1,7,7,0,5.74
-67.5,-26.5,A,2017,1,8,8,0,5.37
-67.5,-26.5,A,2017,1,9,9,10.59,5.62
-67.5,-26.5,A,2017,1,10,10,8.14,8.24
-67.5,-26.5,A,2017,1,11,11,4.54,8.3
-67.5,-26.5,A,2017,1,12,12,0,7.32
-67.5,-26.5,A,2017,1,13,13,0.15,9.03
-67.5,-26.5,A,2017,1,14,14,0.02,7.87
-67.5,-26.5,A,2017,1,15,15,5.12,8.24
-67.5,-26.5,A,2017,1,16,16,2.55,8.06
-67.5,-26.5,A,2017,1,17,17,0,7.39
-67.5,-26.5,A,2017,1,18,18,0.11,7.93
-67.5,-26.5,A,2017,1,19,19,0.03,7.69
-67.5,-26.5,A,2017,1,20,20,0,8.36
-67.5,-26.5,A,2017,1,21,21,0,8
-67.5,-26.5,A,2017,1,22,22,7.62,7.69
-67.5,-26.5,A,2017,1,23,23,2.74,6.29
-67.5,-26.5,A,2017,1,24,24,0.11,5.74
-67.5,-26.5,A,2017,1,25,25,0.25,5.62
-67.5,-26.5,A,2017,1,26,26,1.94,7.08
-67.5,-26.5,A,2017,1,27,27,0.06,4.88
-67.5,-26.5,A,2017,1,28,28,0,3.85
-67.5,-26.5,A,2017,1,29,29,0,3.72
-67.5,-26.5,A,2017,1,30,30,0,5.13
-67.5,-26.5,A,2017,1,31,31,0.55,5.92
-67.5,-26.5,A,2017,2,1,32,0.22,5.98
-67.5,-26.5,A,2017,2,2,33,0.13,4.46
-67.5,-26.5,A,2017,2,3,34,5.16,3.23
-67.5,-26.5,A,2017,2,4,35,11,3.6
-67.5,-26.5,A,2017,2,5,36,1.83,3.91
-67.5,-26.5,A,2017,2,6,37,0.2,4.88
-67.5,-26.5,A,2017,2,7,38,0,3.17
-67.5,-26.5,A,2017,2,8,39,0,3.17
-67.5,-26.5,A,2017,2,9,40,13.38,3.48
-67.5,-26.5,A,2017,2,10,41,6.18,3.23
-67.5,-26.5,A,2017,2,11,42,13.84,3.85
-67.5,-26.5,A,2017,2,12,43,0.37,5.07
-67.5,-26.5,A,2017,2,13,44,0.45,5.37
-67.5,-26.5,A,2017,2,14,45,0.23,5.62
-67.5,-26.5,A,2017,2,15,46,17.53,4.52
-67.5,-26.5,A,2017,2,16,47,1.65,4.27
-67.5,-26.5,A,2017,2,17,48,5.18,4.64
-67.5,-26.5,A,2017,2,18,49,11.43,4.94
-67.5,-26.5,A,2017,2,19,50,16.94,7.51
-67.5,-26.5,A,2017,2,20,51,1.31,7.26
-67.5,-26.5,A,2017,2,21,52,1.93,8.3
-67.5,-26.5,A,2017,2,22,53,0.49,7.39
-67.5,-26.5,A,2017,2,23,54,1.17,7.51
-67.5,-26.5,A,2017,2,24,55,0.66,7.51
-67.5,-26.5,A,2017,2,25,56,13.58,7.14
-67.5,-26.5,A,2017,2,26,57,3.04,7.75
-67.5,-26.5,A,2017,2,27,58,6.56,7.93
-67.5,-26.5,A,2017,2,28,59,3.49,6.77
-67.5,-26.5,A,2017,3,1,60,0,6.16
-67.5,-26.5,A,2017,3,2,61,4.14,6.59
-67.5,-26.5,A,2017,3,3,62,13.74,7.14
-67.5,-26.5,A,2017,3,4,63,1.02,5.25
-67.5,-26.5,A,2017,3,5,64,1.63,4.88
-67.5,-26.5,A,2017,3,6,65,0.81,5.68
-67.5,-26.5,A,2017,3,7,66,1.09,7.2
-67.5,-26.5,A,2017,3,8,67,0.13,4.94
-67.5,-26.5,A,2017,3,9,68,13.15,4.09
-67.5,-26.5,A,2017,3,10,69,9.96,5.07
-67.5,-26.5,A,2017,3,11,70,0.68,4.03
-67.5,-26.5,A,2017,3,12,71,4.66,5.8
-67.5,-26.5,A,2017,3,13,72,0.92,7.14
-67.5,-26.5,A,2017,3,14,73,0,5.37
-67.5,-26.5,A,2017,3,15,74,4.85,3.97
-67.5,-26.5,A,2017,3,16,75,12.87,5.55
-67.5,-26.5,A,2017,3,17,76,1.2,5.31
-67.5,-26.5,A,2017,3,18,77,0,5.55
-67.5,-26.5,A,2017,3,19,78,0,5.31
-67.5,-26.5,A,2017,3,20,79,0,3.91
-67.5,-26.5,A,2017,3,21,80,0.03,3.91
-67.5,-26.5,A,2017,3,22,81,0,3.85
-67.5,-26.5,A,2017,3,23,82,0,3.91
-67.5,-26.5,A,2017,3,24,83,0.29,4.15
-67.5,-26.5,A,2017,3,25,84,0.21,3.17
-67.5,-26.5,A,2017,3,26,85,0.7,3.42
-67.5,-26.5,A,2017,3,27,86,13.77,4.03
-67.5,-26.5,A,2017,3,28,87,11.61,5.37
-67.5,-26.5,A,2017,3,29,88,2.44,5.37
-67.5,-26.5,A,2017,3,30,89,10.51,3.97
-67.5,-26.5,A,2017,3,31,90,9.18,4.46
-67.5,-26.5,A,2017,4,1,91,2.83,4.82
-67.5,-26.5,A,2017,4,2,92,1.42,4.03
-67.5,-26.5,A,2017,4,3,93,1.45,3.66
-67.5,-26.5,A,2017,4,4,94,4.11,2.81
-67.5,-26.5,A,2017,4,5,95,2.15,2.93
-67.5,-26.5,A,2017,4,6,96,1.81,2.62
-67.5,-26.5,A,2017,4,7,97,3.54,2.5
-67.5,-26.5,A,2017,4,8,98,0.1,2.44
-67.5,-26.5,A,2017,4,9,99,1.3,2.56
-67.5,-26.5,A,2017,4,10,100,0.03,3.11
-67.5,-26.5,A,2017,4,11,101,0,4.15
-67.5,-26.5,A,2017,4,12,102,0,4.09
-67.5,-26.5,A,2017,4,13,103,0,2.44
-67.5,-26.5,A,2017,4,14,104,0,2.81
-67.5,-26.5,A,2017,4,15,105,2.06,3.05
-67.5,-26.5,A,2017,4,16,106,0.96,3.11
-67.5,-26.5,A,2017,4,17,107,10.86,2.99
-67.5,-26.5,A,2017,4,18,108,97.01,4.64
-67.5,-26.5,A,2017,4,19,109,1.61,2.75
-67.5,-26.5,A,2017,4,20,110,0,3.42
-67.5,-26.5,A,2017,4,21,111,0.16,3.48
-67.5,-26.5,A,2017,4,22,112,0.55,3.42
-67.5,-26.5,A,2017,4,23,113,0.05,2.99
-67.5,-26.5,A,2017,4,24,114,0.01,2.75
-67.5,-26.5,A,2017,4,25,115,0,2.44
-67.5,-26.5,A,2017,4,26,116,0.1,2.44
-67.5,-26.5,A,2017,4,27,117,0,2.56
-67.5,-26.5,A,2017,4,28,118,0,2.81
-67.5,-26.5,A,2017,4,29,119,0.98,2.81
-67.5,-26.5,A,2017,4,30,120,0.93,2.87
-67.5,-26.5,A,2017,5,1,121,0,2.69
-67.5,-26.5,A,2017,5,2,122,0,2.69
-67.5,-26.5,A,2017,5,3,123,0,2.87
-67.5,-26.5,A,2017,5,4,124,0,2.44
-67.5,-26.5,A,2017,5,5,125,0,2.81
-67.5,-26.5,A,2017,5,6,126,0,2.38
-67.5,-26.5,A,2017,5,7,127,0,2.26
-67.5,-26.5,A,2017,5,8,128,0.1,2.32
-67.5,-26.5,A,2017,5,9,129,3.15,2.44
-67.5,-26.5,A,2017,5,10,130,0.01,2.99
-67.5,-26.5,A,2017,5,11,131,0.87,3.17
-67.5,-26.5,A,2017,5,12,132,1.31,3.54
-67.5,-26.5,A,2017,5,13,133,0,2.81
-67.5,-26.5,A,2017,5,14,134,0,2.62
-67.5,-26.5,A,2017,5,15,135,0,2.87
-67.5,-26.5,A,2017,5,16,136,0,2.62
-67.5,-26.5,A,2017,5,17,137,0.6,2.44
-67.5,-26.5,A,2017,5,18,138,0.06,2.08
-67.5,-26.5,A,2017,5,19,139,0.14,1.95
-67.5,-26.5,A,2017,5,20,140,0,2.08
-67.5,-26.5,A,2017,5,21,141,0,2.14
-67.5,-26.5,A,2017,5,22,142,0,2.87
-67.5,-26.5,A,2017,5,23,143,0,3.17
-67.5,-26.5,A,2017,5,24,144,0,3.78
-67.5,-26.5,A,2017,5,25,145,0.59,3.11
-67.5,-26.5,A,2017,5,26,146,1.86,3.17
-67.5,-26.5,A,2017,5,27,147,1.7,2.62
-67.5,-26.5,A,2017,5,28,148,0,2.5
-67.5,-26.5,A,2017,5,29,149,0,2.56
-67.5,-26.5,A,2017,5,30,150,0.24,2.62
-67.5,-26.5,A,2017,5,31,151,0,2.14
-67.5,-26.5,A,2017,6,1,152,0,2.32
-67.5,-26.5,A,2017,6,2,153,0,2.2
-67.5,-26.5,A,2017,6,3,154,0,2.08
-67.5,-26.5,A,2017,6,4,155,0,2.14
-67.5,-26.5,A,2017,6,5,156,0.83,2.44
-67.5,-26.5,A,2017,6,6,157,4.26,3.11
-67.5,-26.5,A,2017,6,7,158,0.05,3.11
-67.5,-26.5,A,2017,6,8,159,0,1.71
-67.5,-26.5,A,2017,6,9,160,0.7,2.26
-67.5,-26.5,A,2017,6,10,161,0,2.5
-67.5,-26.5,A,2017,6,11,162,0,2.5
-67.5,-26.5,A,2017,6,12,163,0,2.26
-67.5,-26.5,A,2017,6,13,164,0,2.08
-67.5,-26.5,A,2017,6,14,165,0,2.01
-67.5,-26.5,A,2017,6,15,166,0,2.26
-67.5,-26.5,A,2017,6,16,167,0,2.5
-67.5,-26.5,A,2017,6,17,168,0,2.32
-67.5,-26.5,A,2017,6,18,169,0,2.08
-67.5,-26.5,A,2017,6,19,170,0,1.83
-67.5,-26.5,A,2017,6,20,171,0,1.95
-67.5,-26.5,A,2017,6,21,172,0,1.95
-67.5,-26.5,A,2017,6,22,173,0,1.89
-67.5,-26.5,A,2017,6,23,174,0,2.01
-67.5,-26.5,A,2017,6,24,175,0,2.08
-67.5,-26.5,A,2017,6,25,176,0,2.56
-67.5,-26.5,A,2017,6,26,177,0,3.36
-67.5,-26.5,A,2017,6,27,178,0,2.38
-67.5,-26.5,A,2017,6,28,179,0,1.83
-67.5,-26.5,A,2017,6,29,180,0,1.83
-67.5,-26.5,A,2017,6,30,181,0,1.77
-67.5,-26.5,A,2017,7,1,182,0,2.01
-67.5,-26.5,A,2017,7,2,183,0,1.89
-67.5,-26.5,A,2017,7,3,184,0,2.08
-67.5,-26.5,A,2017,7,4,185,0.09,1.77
-67.5,-26.5,A,2017,7,5,186,0,1.71
-67.5,-26.5,A,2017,7,6,187,0,1.89
-67.5,-26.5,A,2017,7,7,188,0,2.14
-67.5,-26.5,A,2017,7,8,189,0,2.26
-67.5,-26.5,A,2017,7,9,190,0,2.08
-67.5,-26.5,A,2017,7,10,191,0.6,1.83
-67.5,-26.5,A,2017,7,11,192,0.1,1.77
-67.5,-26.5,A,2017,7,12,193,1.8,2.01
-67.5,-26.5,A,2017,7,13,194,0,2.32
-67.5,-26.5,A,2017,7,14,195,0.6,2.32
-67.5,-26.5,A,2017,7,15,196,0,1.89
-67.5,-26.5,A,2017,7,16,197,0.1,1.34
-67.5,-26.5,A,2017,7,17,198,0,1.16
-67.5,-26.5,A,2017,7,18,199,0,1.34
-67.5,-26.5,A,2017,7,19,200,0,1.65
-67.5,-26.5,A,2017,7,20,201,0,1.71
-67.5,-26.5,A,2017,7,21,202,0,2.14
-67.5,-26.5,A,2017,7,22,203,0,2.01
-67.5,-26.5,A,2017,7,23,204,0,2.2
-67.5,-26.5,A,2017,7,24,205,0,1.95
-67.5,-26.5,A,2017,7,25,206,0,1.89
-67.5,-26.5,A,2017,7,26,207,0,1.89
-67.5,-26.5,A,2017,7,27,208,0,1.89
-67.5,-26.5,A,2017,7,28,209,0,1.89
-67.5,-26.5,A,2017,7,29,210,0,2.2
-67.5,-26.5,A,2017,7,30,211,0,2.14
-67.5,-26.5,A,2017,7,31,212,0,1.77
-67.5,-26.5,A,2017,8,1,213,0,1.77
-67.5,-26.5,A,2017,8,2,214,0,1.65
-67.5,-26.5,A,2017,8,3,215,0,1.65
-67.5,-26.5,A,2017,8,4,216,0,1.71
-67.5,-26.5,A,2017,8,5,217,0,1.65
-67.5,-26.5,A,2017,8,6,218,0,1.77
-67.5,-26.5,A,2017,8,7,219,0,1.83
-67.5,-26.5,A,2017,8,8,220,0,1.83
-67.5,-26.5,A,2017,8,9,221,0,1.53
-67.5,-26.5,A,2017,8,10,222,0,1.46
-67.5,-26.5,A,2017,8,11,223,0.49,1.95
-67.5,-26.5,A,2017,8,12,224,1.55,1.28
-67.5,-26.5,A,2017,8,13,225,0,1.28
-67.5,-26.5,A,2017,8,14,226,0,1.59
-67.5,-26.5,A,2017,8,15,227,0,1.46
-67.5,-26.5,A,2017,8,16,228,0,1.83
-67.5,-26.5,A,2017,8,17,229,0,1.65
-67.5,-26.5,A,2017,8,18,230,0,1.53
-67.5,-26.5,A,2017,8,19,231,0,1.46
-67.5,-26.5,A,2017,8,20,232,0,2.08
-67.5,-26.5,A,2017,8,21,233,0,1.77
-67.5,-26.5,A,2017,8,22,234,0,1.53
-67.5,-26.5,A,2017,8,23,235,0,1.46
-67.5,-26.5,A,2017,8,24,236,0,1.46
-67.5,-26.5,A,2017,8,25,237,0,1.46
-67.5,-26.5,A,2017,8,26,238,0,1.28
-67.5,-26.5,A,2017,8,27,239,0,1.34
-67.5,-26.5,A,2017,8,28,240,0,1.34
-67.5,-26.5,A,2017,8,29,241,0,1.53
-67.5,-26.5,A,2017,8,30,242,0.49,2.08
-67.5,-26.5,A,2017,8,31,243,0,2.38
-67.5,-26.5,A,2017,9,1,244,0,2.44
-67.5,-26.5,A,2017,9,2,245,0,2.38
-67.5,-26.5,A,2017,9,3,246,0,3.23
-67.5,-26.5,A,2017,9,4,247,0,1.95
-67.5,-26.5,A,2017,9,5,248,0,1.22
-67.5,-26.5,A,2017,9,6,249,0,1.1
-67.5,-26.5,A,2017,9,7,250,0,1.28
-67.5,-26.5,A,2017,9,8,251,0,1.28
-67.5,-26.5,A,2017,9,9,252,0.42,2.08
-67.5,-26.5,A,2017,9,10,253,3.72,1.59
-67.5,-26.5,A,2017,9,11,254,0,1.34
-67.5,-26.5,A,2017,9,12,255,0,1.46
-67.5,-26.5,A,2017,9,13,256,0,1.71
-67.5,-26.5,A,2017,9,14,257,0,1.16
-67.5,-26.5,A,2017,9,15,258,0.28,1.34
-67.5,-26.5,A,2017,9,16,259,0.56,1.46
-67.5,-26.5,A,2017,9,17,260,0,1.77
-67.5,-26.5,A,2017,9,18,261,0,1.83
-67.5,-26.5,A,2017,9,19,262,0,2.2
-67.5,-26.5,A,2017,9,20,263,0.07,3.23
-67.5,-26.5,A,2017,9,21,264,0.04,2.69
-67.5,-26.5,A,2017,9,22,265,0,2.2
-67.5,-26.5,A,2017,9,23,266,0,3.05
-67.5,-26.5,A,2017,9,24,267,0,1.89
-67.5,-26.5,A,2017,9,25,268,0,2.62
-67.5,-26.5,A,2017,9,26,269,0,3.54
-67.5,-26.5,A,2017,9,27,270,5.69,4.21
-67.5,-26.5,A,2017,9,28,271,0.28,2.26
-67.5,-26.5,A,2017,9,29,272,0.01,2.5
-67.5,-26.5,A,2017,9,30,273,0,1.89
-67.5,-26.5,A,2017,10,1,274,0,1.22
-67.5,-26.5,A,2017,10,2,275,0,1.1
-67.5,-26.5,A,2017,10,3,276,0,1.83
-67.5,-26.5,A,2017,10,4,277,0,1.46
-67.5,-26.5,A,2017,10,5,278,0,1.16
-67.5,-26.5,A,2017,10,6,279,0,1.53
-67.5,-26.5,A,2017,10,7,280,0,1.4
-67.5,-26.5,A,2017,10,8,281,0.49,1.4
-67.5,-26.5,A,2017,10,9,282,1.82,1.46
-67.5,-26.5,A,2017,10,10,283,0.75,1.22
-67.5,-26.5,A,2017,10,11,284,0,1.16
-67.5,-26.5,A,2017,10,12,285,3.36,1.53
-67.5,-26.5,A,2017,10,13,286,1.96,1.71
-67.5,-26.5,A,2017,10,14,287,0,1.89
-67.5,-26.5,A,2017,10,15,288,0,2.44
-67.5,-26.5,A,2017,10,16,289,0,3.3
-67.5,-26.5,A,2017,10,17,290,0,2.56
-67.5,-26.5,A,2017,10,18,291,0.3,1.83
-67.5,-26.5,A,2017,10,19,292,2.89,1.83
-67.5,-26.5,A,2017,10,20,293,0,1.53
-67.5,-26.5,A,2017,10,21,294,2.91,2.32
-67.5,-26.5,A,2017,10,22,295,0.69,2.26
-67.5,-26.5,A,2017,10,23,296,0,1.46
-67.5,-26.5,A,2017,10,24,297,0,1.46
-67.5,-26.5,A,2017,10,25,298,0.06,1.53
-67.5,-26.5,A,2017,10,26,299,0.08,1.46
-67.5,-26.5,A,2017,10,27,300,0.19,1.46
-67.5,-26.5,A,2017,10,28,301,0.97,1.53
-67.5,-26.5,A,2017,10,29,302,0,1.71
-67.5,-26.5,A,2017,10,30,303,24.42,2.38
-67.5,-26.5,A,2017,10,31,304,0,2.01
-67.5,-26.5,A,2017,11,1,305,0,1.77
-67.5,-26.5,A,2017,11,2,306,0,1.53
-67.5,-26.5,A,2017,11,3,307,0,1.59
-67.5,-26.5,A,2017,11,4,308,4.14,2.2
-67.5,-26.5,A,2017,11,5,309,4.43,3.42
-67.5,-26.5,A,2017,11,6,310,0,3.66
-67.5,-26.5,A,2017,11,7,311,0,2.99
-67.5,-26.5,A,2017,11,8,312,3.95,3.17
-67.5,-26.5,A,2017,11,9,313,2.06,3.05
-67.5,-26.5,A,2017,11,10,314,2.6,4.64
-67.5,-26.5,A,2017,11,11,315,0,4.7
-67.5,-26.5,A,2017,11,12,316,0,4.58
-67.5,-26.5,A,2017,11,13,317,0,4.94
-67.5,-26.5,A,2017,11,14,318,0,3.85
-67.5,-26.5,A,2017,11,15,319,1.11,3.66
-67.5,-26.5,A,2017,11,16,320,0.07,3.54
-67.5,-26.5,A,2017,11,17,321,0,1.83
-67.5,-26.5,A,2017,11,18,322,0,2.01
-67.5,-26.5,A,2017,11,19,323,0,2.14
-67.5,-26.5,A,2017,11,20,324,0,2.5
-67.5,-26.5,A,2017,11,21,325,0.08,2.81
-67.5,-26.5,A,2017,11,22,326,0.08,2.62
-67.5,-26.5,A,2017,11,23,327,0,2.08
-67.5,-26.5,A,2017,11,24,328,0.08,1.83
-67.5,-26.5,A,2017,11,25,329,0.4,2.5
-67.5,-26.5,A,2017,11,26,330,0,2.26
-67.5,-26.5,A,2017,11,27,331,0.62,3.23
-67.5,-26.5,A,2017,11,28,332,0.22,4.33
-67.5,-26.5,A,2017,11,29,333,7.65,2.62
-67.5,-26.5,A,2017,11,30,334,6.02,5.13
-67.5,-26.5,A,2017,12,1,335,9.25,3.05
-67.5,-26.5,A,2017,12,2,336,3.63,2.62
-67.5,-26.5,A,2017,12,3,337,6.54,2.5
-67.5,-26.5,A,2017,12,4,338,7.37,4.7
-67.5,-26.5,A,2017,12,5,339,0.67,2.81
-67.5,-26.5,A,2017,12,6,340,0,2.87
-67.5,-26.5,A,2017,12,7,341,0,4.33
-67.5,-26.5,A,2017,12,8,342,0,3.23
-67.5,-26.5,A,2017,12,9,343,0.32,5.8
-67.5,-26.5,A,2017,12,10,344,0.5,6.59
-67.5,-26.5,A,2017,12,11,345,3.83,6.35
-67.5,-26.5,A,2017,12,12,346,0.01,4.15
-67.5,-26.5,A,2017,12,13,347,0,5
-67.5,-26.5,A,2017,12,14,348,0.89,6.65
-67.5,-26.5,A,2017,12,15,349,0.37,6.35
-67.5,-26.5,A,2017,12,16,350,0,4.82
-67.5,-26.5,A,2017,12,17,351,3.5,5.92
-67.5,-26.5,A,2017,12,18,352,0.76,6.65
-67.5,-26.5,A,2017,12,19,353,0,6.84
-67.5,-26.5,A,2017,12,20,354,0.66,7.2
-67.5,-26.5,A,2017,12,21,355,2.63,7.2
-67.5,-26.5,A,2017,12,22,356,4.34,7.45
-67.5,-26.5,A,2017,12,23,357,16.51,6.59
-67.5,-26.5,A,2017,12,24,358,1.37,4.76
-67.5,-26.5,A,2017,12,25,359,0.66,5.8
-67.5,-26.5,A,2017,12,26,360,0.1,5.55
-67.5,-26.5,A,2017,12,27,361,4.58,6.59
-67.5,-26.5,A,2017,12,28,362,1.33,6.77
-67.5,-26.5,A,2017,12,29,363,0,4.94
-67.5,-26.5,A,2017,12,30,364,6.29,5.92
-67.5,-26.5,A,2017,12,31,365,11.54,6.41
-67.5,-26.5,A,2018,1,1,1,4.91,3.78
-67.5,-26.5,A,2018,1,2,2,2.78,3.97
-67.5,-26.5,A,2018,1,3,3,0,5.68
-67.5,-26.5,A,2018,1,4,4,0,5.49
-67.5,-26.5,A,2018,1,5,5,7.97,4.94
-67.5,-26.5,A,2018,1,6,6,2.5,7.08
-67.5,-26.5,A,2018,1,7,7,0.88,6.16
-67.5,-26.5,A,2018,1,8,8,4,6.41
-67.5,-26.5,A,2018,1,9,9,2.43,6.23
-67.5,-26.5,A,2018,1,10,10,0,6.16
-67.5,-26.5,A,2018,1,11,11,0,7.2
-67.5,-26.5,A,2018,1,12,12,1.38,7.32
-67.5,-26.5,A,2018,1,13,13,16.2,6.9
-67.5,-26.5,A,2018,1,14,14,1,4.64
-67.5,-26.5,A,2018,1,15,15,0,4.7
-67.5,-26.5,A,2018,1,16,16,0,4.94
-67.5,-26.5,A,2018,1,17,17,10.34,4.76
-67.5,-26.5,A,2018,1,18,18,4.68,6.41
-67.5,-26.5,A,2018,1,19,19,2.23,6.16
-67.5,-26.5,A,2018,1,20,20,3.53,3.97
-67.5,-26.5,A,2018,1,21,21,0.88,3.11
-67.5,-26.5,A,2018,1,22,22,0.08,2.87
-67.5,-26.5,A,2018,1,23,23,4.76,3.11
-67.5,-26.5,A,2018,1,24,24,42.17,5.37
-67.5,-26.5,A,2018,1,25,25,16.94,6.84
-67.5,-26.5,A,2018,1,26,26,1.92,7.32
-67.5,-26.5,A,2018,1,27,27,5.23,7.63
-67.5,-26.5,A,2018,1,28,28,20.63,8.48
-67.5,-26.5,A,2018,1,29,29,6.87,8.42
-67.5,-26.5,A,2018,1,30,30,16.95,8.67
-67.5,-26.5,A,2018,1,31,31,13.65,8.18
-67.5,-26.5,A,2018,2,1,32,0.6,8.24
-67.5,-26.5,A,2018,2,2,33,0,8.36
-67.5,-26.5,A,2018,2,3,34,0,9.4
-67.5,-26.5,A,2018,2,4,35,0,8.18
-67.5,-26.5,A,2018,2,5,36,0.04,8.24
-67.5,-26.5,A,2018,2,6,37,0.01,7.45
-67.5,-26.5,A,2018,2,7,38,0.2,7.39
-67.5,-26.5,A,2018,2,8,39,0.04,6.35
-67.5,-26.5,A,2018,2,9,40,1.54,6.84
-67.5,-26.5,A,2018,2,10,41,0.69,7.02
-67.5,-26.5,A,2018,2,11,42,10.62,7.02
-67.5,-26.5,A,2018,2,12,43,2.7,7.57
-67.5,-26.5,A,2018,2,13,44,0,6.29
-67.5,-26.5,A,2018,2,14,45,0.02,6.59
-67.5,-26.5,A,2018,2,15,46,0.04,7.39
-67.5,-26.5,A,2018,2,16,47,6.38,7.26
-67.5,-26.5,A,2018,2,17,48,10.62,6.04
-67.5,-26.5,A,2018,2,18,49,1.72,6.23
-67.5,-26.5,A,2018,2,19,50,0.73,5.98
-67.5,-26.5,A,2018,2,20,51,0.92,5.25
-67.5,-26.5,A,2018,2,21,52,1.02,6.96
-67.5,-26.5,A,2018,2,22,53,0.37,6.71
-67.5,-26.5,A,2018,2,23,54,0.09,5.37
-67.5,-26.5,A,2018,2,24,55,6.44,6.16
-67.5,-26.5,A,2018,2,25,56,2.76,5.86
-67.5,-26.5,A,2018,2,26,57,0.84,6.04
-67.5,-26.5,A,2018,2,27,58,15.05,4.52
-67.5,-26.5,A,2018,2,28,59,3.85,3.97
-67.5,-26.5,A,2018,3,1,60,3.17,3.91
-67.5,-26.5,A,2018,3,2,61,1.37,5.07
-67.5,-26.5,A,2018,3,3,62,0.15,5.19
-67.5,-26.5,A,2018,3,4,63,7.2,5.98
-67.5,-26.5,A,2018,3,5,64,7.95,7.08
-67.5,-26.5,A,2018,3,6,65,1.86,5.86
-67.5,-26.5,A,2018,3,7,66,0.12,4.7
-67.5,-26.5,A,2018,3,8,67,0.14,3.36
-67.5,-26.5,A,2018,3,9,68,0,3.42
-67.5,-26.5,A,2018,3,10,69,0.35,4.21
-67.5,-26.5,A,2018,3,11,70,2.64,6.59
-67.5,-26.5,A,2018,3,12,71,0.51,4.7
-67.5,-26.5,A,2018,3,13,72,0,4.33
-67.5,-26.5,A,2018,3,14,73,0,3.91
-67.5,-26.5,A,2018,3,15,74,0.79,4.39
-67.5,-26.5,A,2018,3,16,75,0,3.54
-67.5,-26.5,A,2018,3,17,76,0,3.54
-67.5,-26.5,A,2018,3,18,77,1.29,4.03
-67.5,-26.5,A,2018,3,19,78,0.99,3.91
-67.5,-26.5,A,2018,3,20,79,0,3.48
-67.5,-26.5,A,2018,3,21,80,0,4.58
-67.5,-26.5,A,2018,3,22,81,0,3.05
-67.5,-26.5,A,2018,3,23,82,0,2.81
-67.5,-26.5,A,2018,3,24,83,3.31,3.17
-67.5,-26.5,A,2018,3,25,84,1.65,3.97
-67.5,-26.5,A,2018,3,26,85,0,3.97
-67.5,-26.5,A,2018,3,27,86,0,4.39
-67.5,-26.5,A,2018,3,28,87,0,4.94
-67.5,-26.5,A,2018,3,29,88,1.06,4.76
-67.5,-26.5,A,2018,3,30,89,0.02,4.58
-67.5,-26.5,A,2018,3,31,90,0.03,4.7
-67.5,-26.5,A,2018,4,1,91,11.65,4.64
-67.5,-26.5,A,2018,4,2,92,2.11,4.39
-67.5,-26.5,A,2018,4,3,93,0,3.72
-67.5,-26.5,A,2018,4,4,94,0,4.46
-67.5,-26.5,A,2018,4,5,95,0.02,3.72
-67.5,-26.5,A,2018,4,6,96,0.04,2.5
-67.5,-26.5,A,2018,4,7,97,0.58,1.89
-67.5,-26.5,A,2018,4,8,98,5.54,2.62
-67.5,-26.5,A,2018,4,9,99,7.05,3.48
-67.5,-26.5,A,2018,4,10,100,0,4.03
-67.5,-26.5,A,2018,4,11,101,0,5.19
-67.5,-26.5,A,2018,4,12,102,2.71,5.98
-67.5,-26.5,A,2018,4,13,103,1.12,5.68
-67.5,-26.5,A,2018,4,14,104,0.01,3.78
-67.5,-26.5,A,2018,4,15,105,0.01,3.6
-67.5,-26.5,A,2018,4,16,106,0,3.42
-67.5,-26.5,A,2018,4,17,107,0,3.48
-67.5,-26.5,A,2018,4,18,108,0,4.03
-67.5,-26.5,A,2018,4,19,109,0,4.09
-67.5,-26.5,A,2018,4,20,110,0,4.09
-67.5,-26.5,A,2018,4,21,111,0,4.39
-67.5,-26.5,A,2018,4,22,112,0,2.75
-67.5,-26.5,A,2018,4,23,113,3.56,3.17
-67.5,-26.5,A,2018,4,24,114,1.83,3.17
-67.5,-26.5,A,2018,4,25,115,1.27,3.6
-67.5,-26.5,A,2018,4,26,116,1.16,4.52
-67.5,-26.5,A,2018,4,27,117,0,3.72
-67.5,-26.5,A,2018,4,28,118,0,3.42
-67.5,-26.5,A,2018,4,29,119,0,2.44
-67.5,-26.5,A,2018,4,30,120,0.54,2.44
-67.5,-26.5,A,2018,5,1,121,1.99,2.93
-67.5,-26.5,A,2018,5,2,122,0.93,2.75
-67.5,-26.5,A,2018,5,3,123,0.49,2.08
-67.5,-26.5,A,2018,5,4,124,8.77,2.38
-67.5,-26.5,A,2018,5,5,125,1.59,2.62
-67.5,-26.5,A,2018,5,6,126,2.47,2.08
-67.5,-26.5,A,2018,5,7,127,0.03,2.2
-67.5,-26.5,A,2018,5,8,128,0.01,2.62
-67.5,-26.5,A,2018,5,9,129,2.06,3.17
-67.5,-26.5,A,2018,5,10,130,0.25,2.26
-67.5,-26.5,A,2018,5,11,131,0.09,2.08
-67.5,-26.5,A,2018,5,12,132,0,2.08
-67.5,-26.5,A,2018,5,13,133,0,1.95
-67.5,-26.5,A,2018,5,14,134,0,2.08
-67.5,-26.5,A,2018,5,15,135,0.78,2.32
-67.5,-26.5,A,2018,5,16,136,3.78,2.62
-67.5,-26.5,A,2018,5,17,137,0,2.38
-67.5,-26.5,A,2018,5,18,138,0,1.77
-67.5,-26.5,A,2018,5,19,139,0,1.65
-67.5,-26.5,A,2018,5,20,140,0,1.95
-67.5,-26.5,A,2018,5,21,141,0,1.59
-67.5,-26.5,A,2018,5,22,142,0,1.71
-67.5,-26.5,A,2018,5,23,143,0,1.53
-67.5,-26.5,A,2018,5,24,144,0,1.4
-67.5,-26.5,A,2018,5,25,145,0,1.46
-67.5,-26.5,A,2018,5,26,146,0,1.71
-67.5,-26.5,A,2018,5,27,147,0,1.89
-67.5,-26.5,A,2018,5,28,148,0,1.89
-67.5,-26.5,A,2018,5,29,149,0,1.95
-67.5,-26.5,A,2018,5,30,150,0,2.2
-67.5,-26.5,A,2018,5,31,151,1.4,2.01
-67.5,-26.5,A,2018,6,1,152,3.03,2.08
-67.5,-26.5,A,2018,6,2,153,2.26,2.01
-67.5,-26.5,A,2018,6,3,154,0,2.14
-67.5,-26.5,A,2018,6,4,155,0,1.71
-67.5,-26.5,A,2018,6,5,156,0,1.71
-67.5,-26.5,A,2018,6,6,157,0,2.01
-67.5,-26.5,A,2018,6,7,158,0,2.26
-67.5,-26.5,A,2018,6,8,159,0,2.01
-67.5,-26.5,A,2018,6,9,160,0,2.26
-67.5,-26.5,A,2018,6,10,161,0,2.62
-67.5,-26.5,A,2018,6,11,162,0,1.4
-67.5,-26.5,A,2018,6,12,163,0,1.65
-67.5,-26.5,A,2018,6,13,164,0,1.77
-67.5,-26.5,A,2018,6,14,165,0,1.71
-67.5,-26.5,A,2018,6,15,166,0,2.01
-67.5,-26.5,A,2018,6,16,167,0,1.77
-67.5,-26.5,A,2018,6,17,168,0,1.77
-67.5,-26.5,A,2018,6,18,169,0,1.65
-67.5,-26.5,A,2018,6,19,170,0,1.53
-67.5,-26.5,A,2018,6,20,171,0,1.83
-67.5,-26.5,A,2018,6,21,172,0,2.08
-67.5,-26.5,A,2018,6,22,173,0,2.2
-67.5,-26.5,A,2018,6,23,174,0.25,2.81
-67.5,-26.5,A,2018,6,24,175,0,2.2
-67.5,-26.5,A,2018,6,25,176,0,1.65
-67.5,-26.5,A,2018,6,26,177,0,1.46
-67.5,-26.5,A,2018,6,27,178,0,1.34
-67.5,-26.5,A,2018,6,28,179,0,1.89
-67.5,-26.5,A,2018,6,29,180,0,1.59
-67.5,-26.5,A,2018,6,30,181,0,1.28
-67.5,-26.5,A,2018,7,1,182,0,2.93
-67.5,-26.5,A,2018,7,2,183,0.08,2.32
-67.5,-26.5,A,2018,7,3,184,4.49,2.87
-67.5,-26.5,A,2018,7,4,185,0.45,2.32
-67.5,-26.5,A,2018,7,5,186,1.95,1.83
-67.5,-26.5,A,2018,7,6,187,0,1.53
-67.5,-26.5,A,2018,7,7,188,0.34,1.53
-67.5,-26.5,A,2018,7,8,189,0,1.59
-67.5,-26.5,A,2018,7,9,190,0,1.46
-67.5,-26.5,A,2018,7,10,191,0,1.46
-67.5,-26.5,A,2018,7,11,192,0,1.59
-67.5,-26.5,A,2018,7,12,193,0,1.34
-67.5,-26.5,A,2018,7,13,194,0,1.59
-67.5,-26.5,A,2018,7,14,195,0,1.71
-67.5,-26.5,A,2018,7,15,196,0,2.75
-67.5,-26.5,A,2018,7,16,197,0,2.56
-67.5,-26.5,A,2018,7,17,198,0,2.32
-67.5,-26.5,A,2018,7,18,199,0.65,2.56
-67.5,-26.5,A,2018,7,19,200,0.06,2.5
-67.5,-26.5,A,2018,7,20,201,0,1.22
-67.5,-26.5,A,2018,7,21,202,0,1.34
-67.5,-26.5,A,2018,7,22,203,0,2.69
-67.5,-26.5,A,2018,7,23,204,0,2.2
-67.5,-26.5,A,2018,7,24,205,0,2.08
-67.5,-26.5,A,2018,7,25,206,0,1.89
-67.5,-26.5,A,2018,7,26,207,0,2.38
-67.5,-26.5,A,2018,7,27,208,0,2.56
-67.5,-26.5,A,2018,7,28,209,0,1.28
-67.5,-26.5,A,2018,7,29,210,0,1.16
-67.5,-26.5,A,2018,7,30,211,0,1.16
-67.5,-26.5,A,2018,7,31,212,0,1.34
-67.5,-26.5,A,2018,8,1,213,0,1.53
-67.5,-26.5,A,2018,8,2,214,0,2.44
-67.5,-26.5,A,2018,8,3,215,0,1.65
-67.5,-26.5,A,2018,8,4,216,0,1.71
-67.5,-26.5,A,2018,8,5,217,0,1.65
-67.5,-26.5,A,2018,8,6,218,0,1.77
-67.5,-26.5,A,2018,8,7,219,0,1.46
-67.5,-26.5,A,2018,8,8,220,0,1.46
-67.5,-26.5,A,2018,8,9,221,0,1.59
-67.5,-26.5,A,2018,8,10,222,0,1.4
-67.5,-26.5,A,2018,8,11,223,0,1.34
-67.5,-26.5,A,2018,8,12,224,0,1.16
-67.5,-26.5,A,2018,8,13,225,0,1.34
-67.5,-26.5,A,2018,8,14,226,0,1.95
-67.5,-26.5,A,2018,8,15,227,0,1.53
-67.5,-26.5,A,2018,8,16,228,0,1.46
-67.5,-26.5,A,2018,8,17,229,0,1.4
-67.5,-26.5,A,2018,8,18,230,0,1.46
-67.5,-26.5,A,2018,8,19,231,0,1.46
-67.5,-26.5,A,2018,8,20,232,0,1.34
-67.5,-26.5,A,2018,8,21,233,0,1.22
-67.5,-26.5,A,2018,8,22,234,0,1.28
-67.5,-26.5,A,2018,8,23,235,0,1.4
-67.5,-26.5,A,2018,8,24,236,0,1.34
-67.5,-26.5,A,2018,8,25,237,0,1.46
-67.5,-26.5,A,2018,8,26,238,0,1.53
-67.5,-26.5,A,2018,8,27,239,0,1.28
-67.5,-26.5,A,2018,8,28,240,0,1.16
-67.5,-26.5,A,2018,8,29,241,0,1.65
-67.5,-26.5,A,2018,8,30,242,0,1.65
-67.5,-26.5,A,2018,8,31,243,0,1.59
-67.5,-26.5,A,2018,9,1,244,0.63,1.65
-67.5,-26.5,A,2018,9,2,245,0.01,1.04
-67.5,-26.5,A,2018,9,3,246,0,1.28
-67.5,-26.5,A,2018,9,4,247,0,1.28
-67.5,-26.5,A,2018,9,5,248,0,1.4
-67.5,-26.5,A,2018,9,6,249,0,1.77
-67.5,-26.5,A,2018,9,7,250,0,2.26
-67.5,-26.5,A,2018,9,8,251,0,2.2
-67.5,-26.5,A,2018,9,9,252,0,2.38
-67.5,-26.5,A,2018,9,10,253,0,3.11
-67.5,-26.5,A,2018,9,11,254,0,1.77
-67.5,-26.5,A,2018,9,12,255,0.65,1.34
-67.5,-26.5,A,2018,9,13,256,3.49,1.71
-67.5,-26.5,A,2018,9,14,257,2.3,1.53
-67.5,-26.5,A,2018,9,15,258,0.03,1.83
-67.5,-26.5,A,2018,9,16,259,0.02,1.46
-67.5,-26.5,A,2018,9,17,260,0,1.4
-67.5,-26.5,A,2018,9,18,261,0,1.28
-67.5,-26.5,A,2018,9,19,262,0,1.22
-67.5,-26.5,A,2018,9,20,263,0,1.4
-67.5,-26.5,A,2018,9,21,264,0,1.28
-67.5,-26.5,A,2018,9,22,265,0,1.04
-67.5,-26.5,A,2018,9,23,266,0.47,1.95
-67.5,-26.5,A,2018,9,24,267,0.97,4.03
-67.5,-26.5,A,2018,9,25,268,0,1.71
-67.5,-26.5,A,2018,9,26,269,0,1.46
-67.5,-26.5,A,2018,9,27,270,0.59,1.71
-67.5,-26.5,A,2018,9,28,271,0,1.46
-67.5,-26.5,A,2018,9,29,272,0,1.46
-67.5,-26.5,A,2018,9,30,273,0,1.28
-67.5,-26.5,A,2018,10,1,274,0,1.16
-67.5,-26.5,A,2018,10,2,275,0,1.1
-67.5,-26.5,A,2018,10,3,276,0,1.77
-67.5,-26.5,A,2018,10,4,277,0,3.66
-67.5,-26.5,A,2018,10,5,278,0,4.27
-67.5,-26.5,A,2018,10,6,279,0,2.81
-67.5,-26.5,A,2018,10,7,280,0,2.56
-67.5,-26.5,A,2018,10,8,281,0,2.2
-67.5,-26.5,A,2018,10,9,282,0,2.01
-67.5,-26.5,A,2018,10,10,283,0.49,2.32
-67.5,-26.5,A,2018,10,11,284,2.52,2.5
-67.5,-26.5,A,2018,10,12,285,2.32,2.26
-67.5,-26.5,A,2018,10,13,286,0,1.53
-67.5,-26.5,A,2018,10,14,287,0,1.1
-67.5,-26.5,A,2018,10,15,288,0,1.04
-67.5,-26.5,A,2018,10,16,289,0,1.34
-67.5,-26.5,A,2018,10,17,290,0,1.4
-67.5,-26.5,A,2018,10,18,291,8.31,1.65
-67.5,-26.5,A,2018,10,19,292,11.5,3.66
-67.5,-26.5,A,2018,10,20,293,1.19,2.5
-67.5,-26.5,A,2018,10,21,294,2.43,2.44
-67.5,-26.5,A,2018,10,22,295,6.32,3.11
-67.5,-26.5,A,2018,10,23,296,2.62,2.56
-67.5,-26.5,A,2018,10,24,297,1.44,2.32
-67.5,-26.5,A,2018,10,25,298,1.78,2.38
-67.5,-26.5,A,2018,10,26,299,1.7,2.62
-67.5,-26.5,A,2018,10,27,300,0.11,2.69
-67.5,-26.5,A,2018,10,28,301,0.04,2.32
-67.5,-26.5,A,2018,10,29,302,0,1.95
-67.5,-26.5,A,2018,10,30,303,0,1.53
-67.5,-26.5,A,2018,10,31,304,0.01,2.14
-67.5,-26.5,A,2018,11,1,305,1.4,2.75
-67.5,-26.5,A,2018,11,2,306,0,2.87
-67.5,-26.5,A,2018,11,3,307,0,3.66
-67.5,-26.5,A,2018,11,4,308,0.22,3.23
-67.5,-26.5,A,2018,11,5,309,4.96,3.48
-67.5,-26.5,A,2018,11,6,310,8.26,5.68
-67.5,-26.5,A,2018,11,7,311,3.09,5.37
-67.5,-26.5,A,2018,11,8,312,0.18,4.94
-67.5,-26.5,A,2018,11,9,313,0,3.23
-67.5,-26.5,A,2018,11,10,314,0,2.08
-67.5,-26.5,A,2018,11,11,315,0.64,1.71
-67.5,-26.5,A,2018,11,12,316,2.27,1.71
-67.5,-26.5,A,2018,11,13,317,1.89,1.34
-67.5,-26.5,A,2018,11,14,318,0,1.71
-67.5,-26.5,A,2018,11,15,319,0,2.38
-67.5,-26.5,A,2018,11,16,320,0,3.48
-67.5,-26.5,A,2018,11,17,321,3.95,2.75
-67.5,-26.5,A,2018,11,18,322,9.02,5.37
-67.5,-26.5,A,2018,11,19,323,0.52,4.39
-67.5,-26.5,A,2018,11,20,324,0,4.33
-67.5,-26.5,A,2018,11,21,325,0,4.76
-67.5,-26.5,A,2018,11,22,326,4.99,4.09
-67.5,-26.5,A,2018,11,23,327,1.5,4.88
-67.5,-26.5,A,2018,11,24,328,0,4.88
-67.5,-26.5,A,2018,11,25,329,0.02,4.52
-67.5,-26.5,A,2018,11,26,330,0.12,4.21
-67.5,-26.5,A,2018,11,27,331,3.77,3.6
-67.5,-26.5,A,2018,11,28,332,2.88,4.46
-67.5,-26.5,A,2018,11,29,333,1.91,3.05
-67.5,-26.5,A,2018,11,30,334,5.48,2.38
-67.5,-26.5,A,2018,12,1,335,6.85,3.17
-67.5,-26.5,A,2018,12,2,336,2.73,3.11
-67.5,-26.5,A,2018,12,3,337,0.16,2.32
-67.5,-26.5,A,2018,12,4,338,0,1.95
-67.5,-26.5,A,2018,12,5,339,13.2,2.2
-67.5,-26.5,A,2018,12,6,340,6.09,3.3
-67.5,-26.5,A,2018,12,7,341,0.78,3.17
-67.5,-26.5,A,2018,12,8,342,0,1.77
-67.5,-26.5,A,2018,12,9,343,0,2.2
-67.5,-26.5,A,2018,12,10,344,0,2.14
-67.5,-26.5,A,2018,12,11,345,0,3.42
-67.5,-26.5,A,2018,12,12,346,3.87,5.13
-67.5,-26.5,A,2018,12,13,347,1.69,3.42
-67.5,-26.5,A,2018,12,14,348,4.1,3.54
-67.5,-26.5,A,2018,12,15,349,9.34,3.91
-67.5,-26.5,A,2018,12,16,350,0.75,4.15
-67.5,-26.5,A,2018,12,17,351,6.83,5.13
-67.5,-26.5,A,2018,12,18,352,12.88,6.47
-67.5,-26.5,A,2018,12,19,353,0,3.42
-67.5,-26.5,A,2018,12,20,354,11.4,3.36
-67.5,-26.5,A,2018,12,21,355,10.88,6.29
-67.5,-26.5,A,2018,12,22,356,0.07,4.64
-67.5,-26.5,A,2018,12,23,357,3.29,6.1
-67.5,-26.5,A,2018,12,24,358,2.28,6.41
-67.5,-26.5,A,2018,12,25,359,0.04,6.1
-67.5,-26.5,A,2018,12,26,360,0,7.14
-67.5,-26.5,A,2018,12,27,361,6.95,7.39
-67.5,-26.5,A,2018,12,28,362,1.42,7.02
-67.5,-26.5,A,2018,12,29,363,0.21,7.69
-67.5,-26.5,A,2018,12,30,364,4.3,6.77
-67.5,-26.5,A,2018,12,31,365,3.1,8
-67.5,-26.5,A,2019,1,1,1,0.02,8.06
-67.5,-26.5,A,2019,1,2,2,12.3,8.24
-67.5,-26.5,A,2019,1,3,3,10.48,7.57
-67.5,-26.5,A,2019,1,4,4,0.02,6.71
-67.5,-26.5,A,2019,1,5,5,0,7.08
-67.5,-26.5,A,2019,1,6,6,0.43,3.54
-67.5,-26.5,A,2019,1,7,7,8.02,3.17
-67.5,-26.5,A,2019,1,8,8,2,3.36
-67.5,-26.5,A,2019,1,9,9,9.23,3.54
-67.5,-26.5,A,2019,1,10,10,12.58,4.88
-67.5,-26.5,A,2019,1,11,11,3.31,4.46
-67.5,-26.5,A,2019,1,12,12,0.4,4.21
-67.5,-26.5,A,2019,1,13,13,9.08,4.46
-67.5,-26.5,A,2019,1,14,14,2.68,4.82
-67.5,-26.5,A,2019,1,15,15,6.42,4.64
-67.5,-26.5,A,2019,1,16,16,0.46,5.43
-67.5,-26.5,A,2019,1,17,17,4.04,4.46
-67.5,-26.5,A,2019,1,18,18,2.05,5.8
-67.5,-26.5,A,2019,1,19,19,0.08,6.71
-67.5,-26.5,A,2019,1,20,20,0,7.87
-67.5,-26.5,A,2019,1,21,21,0,7.69
-67.5,-26.5,A,2019,1,22,22,0,7.63
-67.5,-26.5,A,2019,1,23,23,1.11,8.79
-67.5,-26.5,A,2019,1,24,24,0.19,8.18
-67.5,-26.5,A,2019,1,25,25,1.37,7.32
-67.5,-26.5,A,2019,1,26,26,1.78,7.93
-67.5,-26.5,A,2019,1,27,27,0.13,7.51
-67.5,-26.5,A,2019,1,28,28,0,8.42
-67.5,-26.5,A,2019,1,29,29,0.32,7.81
-67.5,-26.5,A,2019,1,30,30,8.78,8.18
-67.5,-26.5,A,2019,1,31,31,17.13,7.57
-67.5,-26.5,A,2019,2,1,32,11.95,7.81
-67.5,-26.5,A,2019,2,2,33,22.16,7.14
-67.5,-26.5,A,2019,2,3,34,0.83,7.39
-67.5,-26.5,A,2019,2,4,35,0,7.14
-67.5,-26.5,A,2019,2,5,36,0,5.25
-67.5,-26.5,A,2019,2,6,37,0,4.7
-67.5,-26.5,A,2019,2,7,38,0,7.26
-67.5,-26.5,A,2019,2,8,39,0.15,7.26
-67.5,-26.5,A,2019,2,9,40,2.25,7.39
-67.5,-26.5,A,2019,2,10,41,0.14,6.1
-67.5,-26.5,A,2019,2,11,42,6.19,4.88
-67.5,-26.5,A,2019,2,12,43,9.74,7.26
-67.5,-26.5,A,2019,2,13,44,0.06,4.64
-67.5,-26.5,A,2019,2,14,45,0.14,4.46
-67.5,-26.5,A,2019,2,15,46,0,5.86
-67.5,-26.5,A,2019,2,16,47,0,6.16
-67.5,-26.5,A,2019,2,17,48,0,6.59
-67.5,-26.5,A,2019,2,18,49,0,7.45
-67.5,-26.5,A,2019,2,19,50,0,6.23
-67.5,-26.5,A,2019,2,20,51,0,7.2
-67.5,-26.5,A,2019,2,21,52,0,6.9
-67.5,-26.5,A,2019,2,22,53,0,7.63
-67.5,-26.5,A,2019,2,23,54,0.18,6.84
-67.5,-26.5,A,2019,2,24,55,6.4,6.23
-67.5,-26.5,A,2019,2,25,56,6.78,6.1
-67.5,-26.5,A,2019,2,26,57,2.43,5.43
-67.5,-26.5,A,2019,2,27,58,0.18,4.64
-67.5,-26.5,A,2019,2,28,59,0,5.37
-67.5,-26.5,A,2019,3,1,60,0,5.19
-67.5,-26.5,A,2019,3,2,61,0,6.65
-67.5,-26.5,A,2019,3,3,62,0,5.19
-67.5,-26.5,A,2019,3,4,63,0.08,3.36
-67.5,-26.5,A,2019,3,5,64,1.21,3.48
-67.5,-26.5,A,2019,3,6,65,1,3.48
-67.5,-26.5,A,2019,3,7,66,2.87,3.36
-67.5,-26.5,A,2019,3,8,67,24.59,6.41
-67.5,-26.5,A,2019,3,9,68,9.59,5.13
-67.5,-26.5,A,2019,3,10,69,1.35,3.48
-67.5,-26.5,A,2019,3,11,70,1.4,2.69
-67.5,-26.5,A,2019,3,12,71,0.44,2.93
-67.5,-26.5,A,2019,3,13,72,0,3.48
-67.5,-26.5,A,2019,3,14,73,0,3.3
-67.5,-26.5,A,2019,3,15,74,12.18,3.05
-67.5,-26.5,A,2019,3,16,75,5.62,3.11
-67.5,-26.5,A,2019,3,17,76,11.52,3.6
-67.5,-26.5,A,2019,3,18,77,0.71,4.15
-67.5,-26.5,A,2019,3,19,78,4.78,4.09
-67.5,-26.5,A,2019,3,20,79,10.1,5.37
-67.5,-26.5,A,2019,3,21,80,0.17,3.78
-67.5,-26.5,A,2019,3,22,81,0,4.09
-67.5,-26.5,A,2019,3,23,82,0,5.43
-67.5,-26.5,A,2019,3,24,83,0.99,6.41
-67.5,-26.5,A,2019,3,25,84,5.58,5.55
-67.5,-26.5,A,2019,3,26,85,3.04,5.25
-67.5,-26.5,A,2019,3,27,86,0.33,4.39
-67.5,-26.5,A,2019,3,28,87,0.21,3.6
-67.5,-26.5,A,2019,3,29,88,0,3.85
-67.5,-26.5,A,2019,3,30,89,0.37,5.62
-67.5,-26.5,A,2019,3,31,90,0.07,5.07
-67.5,-26.5,A,2019,4,1,91,10.05,4.64
-67.5,-26.5,A,2019,4,2,92,2.98,5
-67.5,-26.5,A,2019,4,3,93,0,5.25
-67.5,-26.5,A,2019,4,4,94,1.35,5.07
-67.5,-26.5,A,2019,4,5,95,8.27,4.82
-67.5,-26.5,A,2019,4,6,96,0.04,3.42
-67.5,-26.5,A,2019,4,7,97,0,2.75
-67.5,-26.5,A,2019,4,8,98,0,3.42
-67.5,-26.5,A,2019,4,9,99,0,2.62
-67.5,-26.5,A,2019,4,10,100,0,3.36
-67.5,-26.5,A,2019,4,11,101,0.84,5.19
-67.5,-26.5,A,2019,4,12,102,0.23,3.42
-67.5,-26.5,A,2019,4,13,103,0,2.14
-67.5,-26.5,A,2019,4,14,104,0,2.44
-67.5,-26.5,A,2019,4,15,105,1.78,2.93
-67.5,-26.5,A,2019,4,16,106,0.32,4.03
-67.5,-26.5,A,2019,4,17,107,0,2.26
-67.5,-26.5,A,2019,4,18,108,0,2.08
-67.5,-26.5,A,2019,4,19,109,0.19,1.95
-67.5,-26.5,A,2019,4,20,110,6.91,2.32
-67.5,-26.5,A,2019,4,21,111,9.42,2.2
-67.5,-26.5,A,2019,4,22,112,6.13,2.32
-67.5,-26.5,A,2019,4,23,113,1.83,2.75
-67.5,-26.5,A,2019,4,24,114,2.87,3.05
-67.5,-26.5,A,2019,4,25,115,1.5,2.62
-67.5,-26.5,A,2019,4,26,116,0.02,3.17
-67.5,-26.5,A,2019,4,27,117,0,2.75
-67.5,-26.5,A,2019,4,28,118,0,2.62
-67.5,-26.5,A,2019,4,29,119,7.83,2.69
-67.5,-26.5,A,2019,4,30,120,1.4,2.44
-67.5,-26.5,A,2019,5,1,121,2.09,2.26
-67.5,-26.5,A,2019,5,2,122,0,2.75
-67.5,-26.5,A,2019,5,3,123,0,2.93
-67.5,-26.5,A,2019,5,4,124,0,2.38
-67.5,-26.5,A,2019,5,5,125,0.03,2.56
-67.5,-26.5,A,2019,5,6,126,0.06,3.11
-67.5,-26.5,A,2019,5,7,127,0.89,3.6
-67.5,-26.5,A,2019,5,8,128,2.33,4.21
-67.5,-26.5,A,2019,5,9,129,0.05,3.48
-67.5,-26.5,A,2019,5,10,130,0.53,3.54
-67.5,-26.5,A,2019,5,11,131,0.85,2.81
-67.5,-26.5,A,2019,5,12,132,0,2.5
-67.5,-26.5,A,2019,5,13,133,0,2.87
-67.5,-26.5,A,2019,5,14,134,0,3.78
-67.5,-26.5,A,2019,5,15,135,0,2.62
-67.5,-26.5,A,2019,5,16,136,0,2.14
-67.5,-26.5,A,2019,5,17,137,0,2.14
-67.5,-26.5,A,2019,5,18,138,0.38,2.26
-67.5,-26.5,A,2019,5,19,139,1.71,2.38
-67.5,-26.5,A,2019,5,20,140,1.58,2.56
-67.5,-26.5,A,2019,5,21,141,0,2.01
-67.5,-26.5,A,2019,5,22,142,6.57,1.53
-67.5,-26.5,A,2019,5,23,143,0.74,1.28
-67.5,-26.5,A,2019,5,24,144,0,1.65
-67.5,-26.5,A,2019,5,25,145,0,2.01
-67.5,-26.5,A,2019,5,26,146,0,2.38
-67.5,-26.5,A,2019,5,27,147,0,2.62
-67.5,-26.5,A,2019,5,28,148,0,2.62
-67.5,-26.5,A,2019,5,29,149,0.09,2.93
-67.5,-26.5,A,2019,5,30,150,0.95,2.87
-67.5,-26.5,A,2019,5,31,151,0,2.26
-67.5,-26.5,A,2019,6,1,152,0,2.2
-67.5,-26.5,A,2019,6,2,153,0,1.83
-67.5,-26.5,A,2019,6,3,154,0,1.77
-67.5,-26.5,A,2019,6,4,155,0,2.14
-67.5,-26.5,A,2019,6,5,156,0,2.2
-67.5,-26.5,A,2019,6,6,157,0,1.77
-67.5,-26.5,A,2019,6,7,158,0,1.71
-67.5,-26.5,A,2019,6,8,159,0.09,1.53
-67.5,-26.5,A,2019,6,9,160,0,1.53
-67.5,-26.5,A,2019,6,10,161,0,1.77
-67.5,-26.5,A,2019,6,11,162,0,2.01
-67.5,-26.5,A,2019,6,12,163,0,1.77
-67.5,-26.5,A,2019,6,13,164,0,1.83
-67.5,-26.5,A,2019,6,14,165,0,1.59
-67.5,-26.5,A,2019,6,15,166,1.39,2.5
-67.5,-26.5,A,2019,6,16,167,2.03,2.38
-67.5,-26.5,A,2019,6,17,168,0.02,2.32
-67.5,-26.5,A,2019,6,18,169,0,1.46
-67.5,-26.5,A,2019,6,19,170,0,1.83
-67.5,-26.5,A,2019,6,20,171,0,2.08
-67.5,-26.5,A,2019,6,21,172,0,1.95
-67.5,-26.5,A,2019,6,22,173,0,1.89
-67.5,-26.5,A,2019,6,23,174,0,2.08
-67.5,-26.5,A,2019,6,24,175,0,2.56
-67.5,-26.5,A,2019,6,25,176,2.58,2.62
-67.5,-26.5,A,2019,6,26,177,0,1.95
-67.5,-26.5,A,2019,6,27,178,0,1.83
-67.5,-26.5,A,2019,6,28,179,0,2.26
-67.5,-26.5,A,2019,6,29,180,0,2.26
-67.5,-26.5,A,2019,6,30,181,0,2.75
-67.5,-26.5,A,2019,7,1,182,0,2.44
-67.5,-26.5,A,2019,7,2,183,0,2.38
-67.5,-26.5,A,2019,7,3,184,0,2.5
-67.5,-26.5,A,2019,7,4,185,0,1.83
-67.5,-26.5,A,2019,7,5,186,0.22,1.71
-67.5,-26.5,A,2019,7,6,187,0,1.65
-67.5,-26.5,A,2019,7,7,188,0,1.95
-67.5,-26.5,A,2019,7,8,189,0,2.2
-67.5,-26.5,A,2019,7,9,190,0,2.38
-67.5,-26.5,A,2019,7,10,191,0,2.2
-67.5,-26.5,A,2019,7,11,192,0,2.14
-67.5,-26.5,A,2019,7,12,193,0,2.08
-67.5,-26.5,A,2019,7,13,194,0,2.08
-67.5,-26.5,A,2019,7,14,195,0,1.95
-67.5,-26.5,A,2019,7,15,196,0,1.65
-67.5,-26.5,A,2019,7,16,197,0,1.4
-67.5,-26.5,A,2019,7,17,198,0,1.28
-67.5,-26.5,A,2019,7,18,199,0,1.4
-67.5,-26.5,A,2019,7,19,200,0,1.28
-67.5,-26.5,A,2019,7,20,201,0,1.28
-67.5,-26.5,A,2019,7,21,202,0,1.16
-67.5,-26.5,A,2019,7,22,203,0.19,1.71
-67.5,-26.5,A,2019,7,23,204,0,2.08
-67.5,-26.5,A,2019,7,24,205,0,2.2
-67.5,-26.5,A,2019,7,25,206,0.17,1.89
-67.5,-26.5,A,2019,7,26,207,0,1.53
-67.5,-26.5,A,2019,7,27,208,0,1.46
-67.5,-26.5,A,2019,7,28,209,0,1.1
-67.5,-26.5,A,2019,7,29,210,0,1.28
-67.5,-26.5,A,2019,7,30,211,0,1.71
-67.5,-26.5,A,2019,7,31,212,0,1.46
-67.5,-26.5,A,2019,8,1,213,0,1.53
-67.5,-26.5,A,2019,8,2,214,0,1.4
-67.5,-26.5,A,2019,8,3,215,0,1.04
-67.5,-26.5,A,2019,8,4,216,0,1.28
-67.5,-26.5,A,2019,8,5,217,0,1.28
-67.5,-26.5,A,2019,8,6,218,0,1.1
-67.5,-26.5,A,2019,8,7,219,0,1.16
-67.5,-26.5,A,2019,8,8,220,0,1.77
-67.5,-26.5,A,2019,8,9,221,0,1.1
-67.5,-26.5,A,2019,8,10,222,0,1.04
-67.5,-26.5,A,2019,8,11,223,0,1.1
-67.5,-26.5,A,2019,8,12,224,0,1.1
-67.5,-26.5,A,2019,8,13,225,0,1.22
-67.5,-26.5,A,2019,8,14,226,0,1.22
-67.5,-26.5,A,2019,8,15,227,0,1.83
-67.5,-26.5,A,2019,8,16,228,0,1.83
-67.5,-26.5,A,2019,8,17,229,0,1.59
-67.5,-26.5,A,2019,8,18,230,0,1.34
-67.5,-26.5,A,2019,8,19,231,0,1.59
-67.5,-26.5,A,2019,8,20,232,0,1.46
-67.5,-26.5,A,2019,8,21,233,0,1.22
-67.5,-26.5,A,2019,8,22,234,0,1.65
-67.5,-26.5,A,2019,8,23,235,0,1.89
-67.5,-26.5,A,2019,8,24,236,0,1.77
-67.5,-26.5,A,2019,8,25,237,0,1.71
-67.5,-26.5,A,2019,8,26,238,0,1.89
-67.5,-26.5,A,2019,8,27,239,0,2.75
-67.5,-26.5,A,2019,8,28,240,0,1.83
-67.5,-26.5,A,2019,8,29,241,0,1.34
-67.5,-26.5,A,2019,8,30,242,0,0.98
-67.5,-26.5,A,2019,8,31,243,0,1.22
-67.5,-26.5,A,2019,9,1,244,0,1.4
-67.5,-26.5,A,2019,9,2,245,0,1.34
-67.5,-26.5,A,2019,9,3,246,0,1.16
-67.5,-26.5,A,2019,9,4,247,0,1.28
-67.5,-26.5,A,2019,9,5,248,0,1.83
-67.5,-26.5,A,2019,9,6,249,0,2.38
-67.5,-26.5,A,2019,9,7,250,0,2.62
-67.5,-26.5,A,2019,9,8,251,0,2.93
-67.5,-26.5,A,2019,9,9,252,0.1,1.46
-67.5,-26.5,A,2019,9,10,253,0.93,1.59
-67.5,-26.5,A,2019,9,11,254,1.88,1.46
-67.5,-26.5,A,2019,9,12,255,0.21,1.28
-67.5,-26.5,A,2019,9,13,256,0,1.46
-67.5,-26.5,A,2019,9,14,257,0,1.83
-67.5,-26.5,A,2019,9,15,258,0,1.46
-67.5,-26.5,A,2019,9,16,259,0,1.65
-67.5,-26.5,A,2019,9,17,260,0.52,1.22
-67.5,-26.5,A,2019,9,18,261,0,0.85
-67.5,-26.5,A,2019,9,19,262,0,0.92
-67.5,-26.5,A,2019,9,20,263,0,1.1
-67.5,-26.5,A,2019,9,21,264,0,1.22
-67.5,-26.5,A,2019,9,22,265,0,1.71
-67.5,-26.5,A,2019,9,23,266,0,2.69
-67.5,-26.5,A,2019,9,24,267,0,3.6
-67.5,-26.5,A,2019,9,25,268,0,3.54
-67.5,-26.5,A,2019,9,26,269,0,2.99
-67.5,-26.5,A,2019,9,27,270,0,1.77
-67.5,-26.5,A,2019,9,28,271,0,1.89
-67.5,-26.5,A,2019,9,29,272,0,1.71
-67.5,-26.5,A,2019,9,30,273,0,1.65
-67.5,-26.5,A,2019,10,1,274,0,2.32
-67.5,-26.5,A,2019,10,2,275,0,1.65
-67.5,-26.5,A,2019,10,3,276,0,2.01
-67.5,-26.5,A,2019,10,4,277,0,2.26
-67.5,-26.5,A,2019,10,5,278,0,2.01
-67.5,-26.5,A,2019,10,6,279,0,1.95
-67.5,-26.5,A,2019,10,7,280,0,2.08
-67.5,-26.5,A,2019,10,8,281,0,2.81
-67.5,-26.5,A,2019,10,9,282,0,3.42
-67.5,-26.5,A,2019,10,10,283,0,3.05
-67.5,-26.5,A,2019,10,11,284,0,2.93
-67.5,-26.5,A,2019,10,12,285,0.04,2.99
-67.5,-26.5,A,2019,10,13,286,4.52,4.39
-67.5,-26.5,A,2019,10,14,287,0.39,2.69
-67.5,-26.5,A,2019,10,15,288,5.43,2.38
-67.5,-26.5,A,2019,10,16,289,0.19,2.14
-67.5,-26.5,A,2019,10,17,290,0,1.65
-67.5,-26.5,A,2019,10,18,291,0,1.65
-67.5,-26.5,A,2019,10,19,292,0,2.32
-67.5,-26.5,A,2019,10,20,293,0,1.95
-67.5,-26.5,A,2019,10,21,294,0,2.01
-67.5,-26.5,A,2019,10,22,295,0,1.77
-67.5,-26.5,A,2019,10,23,296,0,1.71
-67.5,-26.5,A,2019,10,24,297,0,1.1
-67.5,-26.5,A,2019,10,25,298,0,1.46
-67.5,-26.5,A,2019,10,26,299,0,0.98
-67.5,-26.5,A,2019,10,27,300,0,0.92
-67.5,-26.5,A,2019,10,28,301,0,0.92
-67.5,-26.5,A,2019,10,29,302,0,0.98
-67.5,-26.5,A,2019,10,30,303,0.4,1.77
-67.5,-26.5,A,2019,10,31,304,0.1,3.66
-67.5,-26.5,A,2019,11,1,305,0,3.17
-67.5,-26.5,A,2019,11,2,306,18.65,5.92
-67.5,-26.5,A,2019,11,3,307,2.63,4.82
-67.5,-26.5,A,2019,11,4,308,0.42,2.99
-67.5,-26.5,A,2019,11,5,309,0.55,2.87
-67.5,-26.5,A,2019,11,6,310,0.12,2.81
-67.5,-26.5,A,2019,11,7,311,0.07,4.76
-67.5,-26.5,A,2019,11,8,312,0,4.88
-67.5,-26.5,A,2019,11,9,313,1.82,5.98
-67.5,-26.5,A,2019,11,10,314,2.43,6.53
-67.5,-26.5,A,2019,11,11,315,0,5
-67.5,-26.5,A,2019,11,12,316,4.57,5
-67.5,-26.5,A,2019,11,13,317,2.81,4.46
-67.5,-26.5,A,2019,11,14,318,0.09,5.07
-67.5,-26.5,A,2019,11,15,319,0.14,5.92
-67.5,-26.5,A,2019,11,16,320,0.01,6.65
-67.5,-26.5,A,2019,11,17,321,0,6.16
-67.5,-26.5,A,2019,11,18,322,0,6.04
-67.5,-26.5,A,2019,11,19,323,0,5.62
-67.5,-26.5,A,2019,11,20,324,8.18,4.82
-67.5,-26.5,A,2019,11,21,325,0.9,4.39
-67.5,-26.5,A,2019,11,22,326,10,6.71
-67.5,-26.5,A,2019,11,23,327,3.37,6.59
-67.5,-26.5,A,2019,11,24,328,0,3.6
-67.5,-26.5,A,2019,11,25,329,3.78,2.75
-67.5,-26.5,A,2019,11,26,330,1.18,2.44
-67.5,-26.5,A,2019,11,27,331,1.65,2.75
-67.5,-26.5,A,2019,11,28,332,0,2.26
-67.5,-26.5,A,2019,11,29,333,0,2.38
-67.5,-26.5,A,2019,11,30,334,9.05,4.94
-67.5,-26.5,A,2019,12,1,335,4.44,5.49
-67.5,-26.5,A,2019,12,2,336,3.98,4.15
-67.5,-26.5,A,2019,12,3,337,0.65,2.62
-67.5,-26.5,A,2019,12,4,338,6.4,2.75
-67.5,-26.5,A,2019,12,5,339,1.82,3.3
-67.5,-26.5,A,2019,12,6,340,0,2.87
-67.5,-26.5,A,2019,12,7,341,4.05,2.62
-67.5,-26.5,A,2019,12,8,342,1.16,3.36
-67.5,-26.5,A,2019,12,9,343,0.01,4.52
-67.5,-26.5,A,2019,12,10,344,0,4.7
-67.5,-26.5,A,2019,12,11,345,0,5.68
-67.5,-26.5,A,2019,12,12,346,0.52,7.14
-67.5,-26.5,A,2019,12,13,347,0.01,5.43
-67.5,-26.5,A,2019,12,14,348,0.01,3.91
-67.5,-26.5,A,2019,12,15,349,2.11,3.3
-67.5,-26.5,A,2019,12,16,350,0.85,3.97
-67.5,-26.5,A,2019,12,17,351,0.3,5.49
-67.5,-26.5,A,2019,12,18,352,0,5.86
-67.5,-26.5,A,2019,12,19,353,0,5.98
-67.5,-26.5,A,2019,12,20,354,4.41,4.03
-67.5,-26.5,A,2019,12,21,355,1.33,5.55
-67.5,-26.5,A,2019,12,22,356,0.16,5.68
-67.5,-26.5,A,2019,12,23,357,0.1,5.49
-67.5,-26.5,A,2019,12,24,358,0.55,5.19
-67.5,-26.5,A,2019,12,25,359,0.35,6.04
-67.5,-26.5,A,2019,12,26,360,0,5.55
-67.5,-26.5,A,2019,12,27,361,0,8.18
-67.5,-26.5,A,2019,12,28,362,2.6,7.02
-67.5,-26.5,A,2019,12,29,363,1.42,6.65
-67.5,-26.5,A,2019,12,30,364,0.03,6.9
-67.5,-26.5,A,2019,12,31,365,6.43,6.41
-67.5,-26.5,A,2020,1,1,1,4.12,7.45
-67.5,-26.5,A,2020,1,2,2,5.12,7.51
-67.5,-26.5,A,2020,1,3,3,0,7.2
-67.5,-26.5,A,2020,1,4,4,3.53,6.47
-67.5,-26.5,A,2020,1,5,5,1.09,5.74
-67.5,-26.5,A,2020,1,6,6,0.01,3.78
-67.5,-26.5,A,2020,1,7,7,0,3.6
-67.5,-26.5,A,2020,1,8,8,0,3.17
-67.5,-26.5,A,2020,1,9,9,1.03,3.91
-67.5,-26.5,A,2020,1,10,10,15.23,4.64
-67.5,-26.5,A,2020,1,11,11,8.3,6.35
-67.5,-26.5,A,2020,1,12,12,23.24,7.26
-67.5,-26.5,A,2020,1,13,13,5.44,8.48
-67.5,-26.5,A,2020,1,14,14,0,8.67
-67.5,-26.5,A,2020,1,15,15,25.15,8.54
-67.5,-26.5,A,2020,1,16,16,7.54,8.24
-67.5,-26.5,A,2020,1,17,17,0.04,7.93
-67.5,-26.5,A,2020,1,18,18,0,7.93
-67.5,-26.5,A,2020,1,19,19,0,8.06
-67.5,-26.5,A,2020,1,20,20,13.4,9.16
-67.5,-26.5,A,2020,1,21,21,0.75,8.61
-67.5,-26.5,A,2020,1,22,22,0.5,8
-67.5,-26.5,A,2020,1,23,23,0.01,7.14
-67.5,-26.5,A,2020,1,24,24,0,6.59
-67.5,-26.5,A,2020,1,25,25,1.27,8.48
-67.5,-26.5,A,2020,1,26,26,7.09,7.81
-67.5,-26.5,A,2020,1,27,27,8.56,6.16
-67.5,-26.5,A,2020,1,28,28,0.26,5.43
-67.5,-26.5,A,2020,1,29,29,1.6,3.91
-67.5,-26.5,A,2020,1,30,30,1.07,5.49
-67.5,-26.5,A,2020,1,31,31,0.07,5.25
-67.5,-26.5,A,2020,2,1,32,0,4.82
-67.5,-26.5,A,2020,2,2,33,0.14,5.86
-67.5,-26.5,A,2020,2,3,34,0.07,6.1
-67.5,-26.5,A,2020,2,4,35,0,4.21
-67.5,-26.5,A,2020,2,5,36,4.17,3.97
-67.5,-26.5,A,2020,2,6,37,4.8,4.27
-67.5,-26.5,A,2020,2,7,38,7.88,7.87
-67.5,-26.5,A,2020,2,8,39,20.56,9.16
-67.5,-26.5,A,2020,2,9,40,22.75,8.91
-67.5,-26.5,A,2020,2,10,41,11.2,8.79
-67.5,-26.5,A,2020,2,11,42,0.23,7.69
-67.5,-26.5,A,2020,2,12,43,0.01,8.18
-67.5,-26.5,A,2020,2,13,44,0,7.93
-67.5,-26.5,A,2020,2,14,45,5.99,9.22
-67.5,-26.5,A,2020,2,15,46,3.41,9.4
-67.5,-26.5,A,2020,2,16,47,0,8.48
-67.5,-26.5,A,2020,2,17,48,11.06,8.24
-67.5,-26.5,A,2020,2,18,49,7.03,9.22
-67.5,-26.5,A,2020,2,19,50,0.01,7.32
-67.5,-26.5,A,2020,2,20,51,2.73,8.48
-67.5,-26.5,A,2020,2,21,52,0.58,8.36
-67.5,-26.5,A,2020,2,22,53,0.1,6.9
-67.5,-26.5,A,2020,2,23,54,0.04,5.31
-67.5,-26.5,A,2020,2,24,55,0,4.03
-67.5,-26.5,A,2020,2,25,56,1.12,4.39
-67.5,-26.5,A,2020,2,26,57,1.6,6.59
-67.5,-26.5,A,2020,2,27,58,0,7.02
-67.5,-26.5,A,2020,2,28,59,0.57,7.26
-67.5,-26.5,A,2020,2,29,60,0.81,6.9
-67.5,-26.5,A,2020,3,1,61,0.01,6.9
-67.5,-26.5,A,2020,3,2,62,0,6.65
-67.5,-26.5,A,2020,3,3,63,0,5.55
-67.5,-26.5,A,2020,3,4,64,0,5.74
-67.5,-26.5,A,2020,3,5,65,0,6.16
-67.5,-26.5,A,2020,3,6,66,0,6.47
-67.5,-26.5,A,2020,3,7,67,0,7.14
-67.5,-26.5,A,2020,3,8,68,0,6.96
-67.5,-26.5,A,2020,3,9,69,0,6.9
-67.5,-26.5,A,2020,3,10,70,0.02,6.65
-67.5,-26.5,A,2020,3,11,71,0.69,6.04
-67.5,-26.5,A,2020,3,12,72,2.09,7.63
-67.5,-26.5,A,2020,3,13,73,0.38,7.57
-67.5,-26.5,A,2020,3,14,74,5.76,8.42
-67.5,-26.5,A,2020,3,15,75,4.89,7.51
-67.5,-26.5,A,2020,3,16,76,2.07,5.74
-67.5,-26.5,A,2020,3,17,77,0.27,4.39
-67.5,-26.5,A,2020,3,18,78,0.16,5.8
-67.5,-26.5,A,2020,3,19,79,0.11,5.31
-67.5,-26.5,A,2020,3,20,80,0,4.88
-67.5,-26.5,A,2020,3,21,81,0,2.99
-67.5,-26.5,A,2020,3,22,82,0,3.85
-67.5,-26.5,A,2020,3,23,83,0,5.31
-67.5,-26.5,A,2020,3,24,84,0.02,6.23
-67.5,-26.5,A,2020,3,25,85,8.97,4.27
-67.5,-26.5,A,2020,3,26,86,5.31,4.52
-67.5,-26.5,A,2020,3,27,87,0.32,3.54
-67.5,-26.5,A,2020,3,28,88,0,3.72
-67.5,-26.5,A,2020,3,29,89,0.09,4.88
-67.5,-26.5,A,2020,3,30,90,4.29,7.87
-67.5,-26.5,A,2020,3,31,91,8.55,8.48
-67.5,-26.5,A,2020,4,1,92,6.33,7.32
-67.5,-26.5,A,2020,4,2,93,11.67,8.24
-67.5,-26.5,A,2020,4,3,94,0.05,5.43
-67.5,-26.5,A,2020,4,4,95,0,4.33
-67.5,-26.5,A,2020,4,5,96,0,3.91
-67.5,-26.5,A,2020,4,6,97,4.19,4.39
-67.5,-26.5,A,2020,4,7,98,0.59,4.52
-67.5,-26.5,A,2020,4,8,99,0.03,3.72
-67.5,-26.5,A,2020,4,9,100,0,4.15
-67.5,-26.5,A,2020,4,10,101,0,3.66
-67.5,-26.5,A,2020,4,11,102,0,2.62
-67.5,-26.5,A,2020,4,12,103,0,2.38
-67.5,-26.5,A,2020,4,13,104,0,2.56
-67.5,-26.5,A,2020,4,14,105,0,2.81
-67.5,-26.5,A,2020,4,15,106,0,3.6
-67.5,-26.5,A,2020,4,16,107,0,5.07
-67.5,-26.5,A,2020,4,17,108,0,4.58
-67.5,-26.5,A,2020,4,18,109,0,4.27
-67.5,-26.5,A,2020,4,19,110,0,3.54
-67.5,-26.5,A,2020,4,20,111,0,3.72
-67.5,-26.5,A,2020,4,21,112,0,4.64
-67.5,-26.5,A,2020,4,22,113,0,3.23
-67.5,-26.5,A,2020,4,23,114,0,2.01
-67.5,-26.5,A,2020,4,24,115,0,1.95
-67.5,-26.5,A,2020,4,25,116,0.18,2.44
-67.5,-26.5,A,2020,4,26,117,5.04,2.93
-67.5,-26.5,A,2020,4,27,118,0.36,2.38
-67.5,-26.5,A,2020,4,28,119,0.08,2.56
-67.5,-26.5,A,2020,4,29,120,0,2.01
-67.5,-26.5,A,2020,4,30,121,0,2.01
-67.5,-26.5,A,2020,5,1,122,0,2.62
-67.5,-26.5,A,2020,5,2,123,0,2.2
-67.5,-26.5,A,2020,5,3,124,0,1.89
-67.5,-26.5,A,2020,5,4,125,0,2.2
-67.5,-26.5,A,2020,5,5,126,0.13,2.56
-67.5,-26.5,A,2020,5,6,127,0.08,2.81
-67.5,-26.5,A,2020,5,7,128,0,2.32
-67.5,-26.5,A,2020,5,8,129,0,2.2
-67.5,-26.5,A,2020,5,9,130,0,1.77
-67.5,-26.5,A,2020,5,10,131,0,1.71
-67.5,-26.5,A,2020,5,11,132,0,1.83
-67.5,-26.5,A,2020,5,12,133,0,1.89
-67.5,-26.5,A,2020,5,13,134,0,2.08
-67.5,-26.5,A,2020,5,14,135,0,2.08
-67.5,-26.5,A,2020,5,15,136,0,1.95
-67.5,-26.5,A,2020,5,16,137,0,1.95
-67.5,-26.5,A,2020,5,17,138,0,1.71
-67.5,-26.5,A,2020,5,18,139,0,1.53
-67.5,-26.5,A,2020,5,19,140,0,1.46
-67.5,-26.5,A,2020,5,20,141,0,1.34
-67.5,-26.5,A,2020,5,21,142,0.06,1.53
-67.5,-26.5,A,2020,5,22,143,0.49,1.34
-67.5,-26.5,A,2020,5,23,144,0.21,1.4
-67.5,-26.5,A,2020,5,24,145,0,2.08
-67.5,-26.5,A,2020,5,25,146,0,2.08
-67.5,-26.5,A,2020,5,26,147,0,1.83
-67.5,-26.5,A,2020,5,27,148,0,1.71
-67.5,-26.5,A,2020,5,28,149,0,2.01
-67.5,-26.5,A,2020,5,29,150,0,2.75
-67.5,-26.5,A,2020,5,30,151,0.01,3.05
-67.5,-26.5,A,2020,5,31,152,0,2.93
-67.5,-26.5,A,2020,6,1,153,0,1.83
-67.5,-26.5,A,2020,6,2,154,0,1.46
-67.5,-26.5,A,2020,6,3,155,0.01,1.65
-67.5,-26.5,A,2020,6,4,156,1.76,1.71
-67.5,-26.5,A,2020,6,5,157,0.05,1.22
-67.5,-26.5,A,2020,6,6,158,0,1.4
-67.5,-26.5,A,2020,6,7,159,0,2.08
-67.5,-26.5,A,2020,6,8,160,0,2.56
-67.5,-26.5,A,2020,6,9,161,0,1.89
-67.5,-26.5,A,2020,6,10,162,0,1.95
-67.5,-26.5,A,2020,6,11,163,51.29,4.21
-67.5,-26.5,A,2020,6,12,164,0.85,2.75
-67.5,-26.5,A,2020,6,13,165,0,2.08
-67.5,-26.5,A,2020,6,14,166,0,1.95
-67.5,-26.5,A,2020,6,15,167,0,2.01
-67.5,-26.5,A,2020,6,16,168,0,2.56
-67.5,-26.5,A,2020,6,17,169,0,1.83
-67.5,-26.5,A,2020,6,18,170,0,2.08
-67.5,-26.5,A,2020,6,19,171,0,2.14
-67.5,-26.5,A,2020,6,20,172,0,1.65
-67.5,-26.5,A,2020,6,21,173,0,1.71
-67.5,-26.5,A,2020,6,22,174,0,1.71
-67.5,-26.5,A,2020,6,23,175,0,1.4
-67.5,-26.5,A,2020,6,24,176,0,2.01
-67.5,-26.5,A,2020,6,25,177,1.34,1.95
-67.5,-26.5,A,2020,6,26,178,0,1.89
-67.5,-26.5,A,2020,6,27,179,0,1.71
-67.5,-26.5,A,2020,6,28,180,0,1.95
-67.5,-26.5,A,2020,6,29,181,0,2.14
-67.5,-26.5,A,2020,6,30,182,0,1.71
-67.5,-26.5,A,2020,7,1,183,0,2.32
-67.5,-26.5,A,2020,7,2,184,0,2.14
-67.5,-26.5,A,2020,7,3,185,0,1.59
-67.5,-26.5,A,2020,7,4,186,0,1.04
-67.5,-26.5,A,2020,7,5,187,0,1.1
-67.5,-26.5,A,2020,7,6,188,0,1.16
-67.5,-26.5,A,2020,7,7,189,0,1.4
-67.5,-26.5,A,2020,7,8,190,0,1.1
-67.5,-26.5,A,2020,7,9,191,0,1.46
-67.5,-26.5,A,2020,7,10,192,0,1.53
-67.5,-26.5,A,2020,7,11,193,0,1.4
-67.5,-26.5,A,2020,7,12,194,0,1.65
-67.5,-26.5,A,2020,7,13,195,0,1.65
-67.5,-26.5,A,2020,7,14,196,0,1.34
-67.5,-26.5,A,2020,7,15,197,0,1.22
-67.5,-26.5,A,2020,7,16,198,0,1.4
-67.5,-26.5,A,2020,7,17,199,0,1.1
-67.5,-26.5,A,2020,7,18,200,0,1.28
-67.5,-26.5,A,2020,7,19,201,0,1.34
-67.5,-26.5,A,2020,7,20,202,0,1.28
-67.5,-26.5,A,2020,7,21,203,0,1.22
-67.5,-26.5,A,2020,7,22,204,0,1.1
-67.5,-26.5,A,2020,7,23,205,0.06,0.98
-67.5,-26.5,A,2020,7,24,206,0.16,0.92
-67.5,-26.5,A,2020,7,25,207,0.07,1.1
-67.5,-26.5,A,2020,7,26,208,0,1.4
-67.5,-26.5,A,2020,7,27,209,0,1.34
-67.5,-26.5,A,2020,7,28,210,0,1.34
-67.5,-26.5,A,2020,7,29,211,0,1.16
-67.5,-26.5,A,2020,7,30,212,0,1.16
-67.5,-26.5,A,2020,7,31,213,0,1.1
-67.5,-26.5,A,2020,8,1,214,0,1.04
-67.5,-26.5,A,2020,8,2,215,0,1.4
-67.5,-26.5,A,2020,8,3,216,0,1.59
-67.5,-26.5,A,2020,8,4,217,0,1.4
-67.5,-26.5,A,2020,8,5,218,0,1.34
-67.5,-26.5,A,2020,8,6,219,0,1.4
-67.5,-26.5,A,2020,8,7,220,0,1.46
-67.5,-26.5,A,2020,8,8,221,0,1.4
-67.5,-26.5,A,2020,8,9,222,0,1.53
-67.5,-26.5,A,2020,8,10,223,0,1.65
-67.5,-26.5,A,2020,8,11,224,0,1.59
-67.5,-26.5,A,2020,8,12,225,0,1.59
-67.5,-26.5,A,2020,8,13,226,0,1.34
-67.5,-26.5,A,2020,8,14,227,0,1.16
-67.5,-26.5,A,2020,8,15,228,0,1.28
-67.5,-26.5,A,2020,8,16,229,0,1.28
-67.5,-26.5,A,2020,8,17,230,0,1.4
-67.5,-26.5,A,2020,8,18,231,0,1.22
-67.5,-26.5,A,2020,8,19,232,0,1.4
-67.5,-26.5,A,2020,8,20,233,0,1.65
-67.5,-26.5,A,2020,8,21,234,0,1.59
-67.5,-26.5,A,2020,8,22,235,0,1.59
-67.5,-26.5,A,2020,8,23,236,0,2.2
-67.5,-26.5,A,2020,8,24,237,0,3.05
-67.5,-26.5,A,2020,8,25,238,0,2.69
-67.5,-26.5,A,2020,8,26,239,0,2.26
-67.5,-26.5,A,2020,8,27,240,0,1.77
-67.5,-26.5,A,2020,8,28,241,0,1.28
-67.5,-26.5,A,2020,8,29,242,0,0.92
-67.5,-26.5,A,2020,8,30,243,0.14,1.4
-67.5,-26.5,A,2020,8,31,244,0.14,2.5
-67.5,-26.5,A,2020,9,1,245,0,2.08
-67.5,-26.5,A,2020,9,2,246,0,0.92
-67.5,-26.5,A,2020,9,3,247,0,0.92
-67.5,-26.5,A,2020,9,4,248,0,1.28
-67.5,-26.5,A,2020,9,5,249,0,1.22
-67.5,-26.5,A,2020,9,6,250,0,1.04
-67.5,-26.5,A,2020,9,7,251,0,0.92
-67.5,-26.5,A,2020,9,8,252,0,1.04
-67.5,-26.5,A,2020,9,9,253,0,1.59
-67.5,-26.5,A,2020,9,10,254,0,1.4
-67.5,-26.5,A,2020,9,11,255,0,1.53
-67.5,-26.5,A,2020,9,12,256,0,1.53
-67.5,-26.5,A,2020,9,13,257,0.06,2.14
-67.5,-26.5,A,2020,9,14,258,0.16,3.23
-67.5,-26.5,A,2020,9,15,259,0,2.44
-67.5,-26.5,A,2020,9,16,260,0,1.34
-67.5,-26.5,A,2020,9,17,261,0,1.4
-67.5,-26.5,A,2020,9,18,262,0,1.83
-67.5,-26.5,A,2020,9,19,263,0,1.95
-67.5,-26.5,A,2020,9,20,264,0,1.83
-67.5,-26.5,A,2020,9,21,265,0,2.26
-67.5,-26.5,A,2020,9,22,266,0,1.53
-67.5,-26.5,A,2020,9,23,267,0,1.34
-67.5,-26.5,A,2020,9,24,268,0,1.28
-67.5,-26.5,A,2020,9,25,269,0,1.89
-67.5,-26.5,A,2020,9,26,270,0,1.83
-67.5,-26.5,A,2020,9,27,271,0,1.28
-67.5,-26.5,A,2020,9,28,272,0,1.28
-67.5,-26.5,A,2020,9,29,273,0,1.65
-67.5,-26.5,A,2020,9,30,274,0,1.71
-67.5,-26.5,A,2020,10,1,275,0,1.77
-67.5,-26.5,A,2020,10,2,276,0,2.01
-67.5,-26.5,A,2020,10,3,277,0,2.26
-67.5,-26.5,A,2020,10,4,278,0,1.59
-67.5,-26.5,A,2020,10,5,279,0,2.01
-67.5,-26.5,A,2020,10,6,280,0,3.36
-67.5,-26.5,A,2020,10,7,281,0,3.54
-67.5,-26.5,A,2020,10,8,282,0,1.95
-67.5,-26.5,A,2020,10,9,283,0,2.14
-67.5,-26.5,A,2020,10,10,284,0,1.4
-67.5,-26.5,A,2020,10,11,285,0.04,1.16
-67.5,-26.5,A,2020,10,12,286,0,2.01
-67.5,-26.5,A,2020,10,13,287,0,2.38
-67.5,-26.5,A,2020,10,14,288,0,1.65
-67.5,-26.5,A,2020,10,15,289,0,2.01
-67.5,-26.5,A,2020,10,16,290,0,2.38
-67.5,-26.5,A,2020,10,17,291,0,2.01
-67.5,-26.5,A,2020,10,18,292,0,3.42
-67.5,-26.5,A,2020,10,19,293,3.72,3.66
-67.5,-26.5,A,2020,10,20,294,1.64,4.88
-67.5,-26.5,A,2020,10,21,295,0.1,4.09
-67.5,-26.5,A,2020,10,22,296,0,3.3
-67.5,-26.5,A,2020,10,23,297,0,1.89
-67.5,-26.5,A,2020,10,24,298,0,1.34
-67.5,-26.5,A,2020,10,25,299,0,1.22
-67.5,-26.5,A,2020,10,26,300,0.3,1.04
-67.5,-26.5,A,2020,10,27,301,0,0.85
-67.5,-26.5,A,2020,10,28,302,0.69,1.65
-67.5,-26.5,A,2020,10,29,303,0.15,2.56
-67.5,-26.5,A,2020,10,30,304,0.11,2.75
-67.5,-26.5,A,2020,10,31,305,0,3.66
-67.5,-26.5,A,2020,11,1,306,0,3.6
-67.5,-26.5,A,2020,11,2,307,0,3.85
-67.5,-26.5,A,2020,11,3,308,0,3.78
-67.5,-26.5,A,2020,11,4,309,0,4.15
-67.5,-26.5,A,2020,11,5,310,0,2.56
-67.5,-26.5,A,2020,11,6,311,0,3.05
-67.5,-26.5,A,2020,11,7,312,0,3.36
-67.5,-26.5,A,2020,11,8,313,0,3.17
-67.5,-26.5,A,2020,11,9,314,0.21,2.5
-67.5,-26.5,A,2020,11,10,315,0.65,2.2
-67.5,-26.5,A,2020,11,11,316,0.94,2.5
-67.5,-26.5,A,2020,11,12,317,0.49,2.5
-67.5,-26.5,A,2020,11,13,318,0.21,1.46
-67.5,-26.5,A,2020,11,14,319,0.62,1.53
-67.5,-26.5,A,2020,11,15,320,0.76,1.53
-67.5,-26.5,A,2020,11,16,321,0.44,1.53
-67.5,-26.5,A,2020,11,17,322,3.93,1.46
-67.5,-26.5,A,2020,11,18,323,12.23,2.69
-67.5,-26.5,A,2020,11,19,324,0.12,2.5
-67.5,-26.5,A,2020,11,20,325,0,1.59
-67.5,-26.5,A,2020,11,21,326,0,2.2
-67.5,-26.5,A,2020,11,22,327,0,2.81
-67.5,-26.5,A,2020,11,23,328,0,1.83
-67.5,-26.5,A,2020,11,24,329,0,2.5
-67.5,-26.5,A,2020,11,25,330,0.02,2.44
-67.5,-26.5,A,2020,11,26,331,7.26,3.66
-67.5,-26.5,A,2020,11,27,332,2.58,2.75
-67.5,-26.5,A,2020,11,28,333,0.01,2.87
-67.5,-26.5,A,2020,11,29,334,5.37,4.09
-67.5,-26.5,A,2020,11,30,335,5.59,7.2
-67.5,-26.5,A,2020,12,1,336,0.01,3.72
-67.5,-26.5,A,2020,12,2,337,0.95,2.32
-67.5,-26.5,A,2020,12,3,338,2.3,2.69
-67.5,-26.5,A,2020,12,4,339,8.25,3.78
-67.5,-26.5,A,2020,12,5,340,1.01,3.78
-67.5,-26.5,A,2020,12,6,341,0.02,4.27
-67.5,-26.5,A,2020,12,7,342,0,5
-67.5,-26.5,A,2020,12,8,343,0.8,4.94
-67.5,-26.5,A,2020,12,9,344,0.14,4.52
-67.5,-26.5,A,2020,12,10,345,0,4.64
-67.5,-26.5,A,2020,12,11,346,2.96,3.6
-67.5,-26.5,A,2020,12,12,347,0.38,2.99
-67.5,-26.5,A,2020,12,13,348,0.72,4.82
-67.5,-26.5,A,2020,12,14,349,0.23,4.64
-67.5,-26.5,A,2020,12,15,350,0.89,2.87
-67.5,-26.5,A,2020,12,16,351,0.98,3.36
-67.5,-26.5,A,2020,12,17,352,0.64,3.3
-67.5,-26.5,A,2020,12,18,353,0,1.89
-67.5,-26.5,A,2020,12,19,354,0,1.46
-67.5,-26.5,A,2020,12,20,355,0,2.44
-67.5,-26.5,A,2020,12,21,356,0,4.09
-67.5,-26.5,A,2020,12,22,357,0,5.25
-67.5,-26.5,A,2020,12,23,358,0,6.65
-67.5,-26.5,A,2020,12,24,359,6.78,6.41
-67.5,-26.5,A,2020,12,25,360,3.3,7.32
-67.5,-26.5,A,2020,12,26,361,1.4,7.02
-67.5,-26.5,A,2020,12,27,362,7.2,6.59
-67.5,-26.5,A,2020,12,28,363,25.24,7.57
-67.5,-26.5,A,2020,12,29,364,13.62,8.12
-67.5,-26.5,A,2020,12,30,365,6.17,7.81
-67.5,-26.5,A,2020,12,31,366,11.2,7.57
-67.5,-26.5,A,2021,1,1,1,0,7.39
-67.5,-26.5,A,2021,1,2,2,0.12,7.39
-67.5,-26.5,A,2021,1,3,3,1.51,4.58
-67.5,-26.5,A,2021,1,4,4,4.27,6.35
-67.5,-26.5,A,2021,1,5,5,22.52,6.53
-67.5,-26.5,A,2021,1,6,6,4.95,5.86
-67.5,-26.5,A,2021,1,7,7,0.63,4.94
-67.5,-26.5,A,2021,1,8,8,0.49,4.52
-67.5,-26.5,A,2021,1,9,9,0.01,3.11
-67.5,-26.5,A,2021,1,10,10,0.01,2.38
-67.5,-26.5,A,2021,1,11,11,3.97,3.05
-67.5,-26.5,A,2021,1,12,12,6.06,5.8
-67.5,-26.5,A,2021,1,13,13,3.81,6.35
-67.5,-26.5,A,2021,1,14,14,1.77,7.45
-67.5,-26.5,A,2021,1,15,15,10.59,7.2
-67.5,-26.5,A,2021,1,16,16,13.32,5.68
-67.5,-26.5,A,2021,1,17,17,7.67,5.8
-67.5,-26.5,A,2021,1,18,18,0,4.33
-67.5,-26.5,A,2021,1,19,19,0,5.86
-67.5,-26.5,A,2021,1,20,20,0,5.55
-67.5,-26.5,A,2021,1,21,21,0,5.49
-67.5,-26.5,A,2021,1,22,22,0.19,6.1
-67.5,-26.5,A,2021,1,23,23,0.17,6.9
-67.5,-26.5,A,2021,1,24,24,0.03,7.63
-67.5,-26.5,A,2021,1,25,25,0.05,6.84
-67.5,-26.5,A,2021,1,26,26,0.01,5.8
-67.5,-26.5,A,2021,1,27,27,0,5.25
-67.5,-26.5,A,2021,1,28,28,0,5.31
-67.5,-26.5,A,2021,1,29,29,0,3.48
-67.5,-26.5,A,2021,1,30,30,15.54,3.85
-67.5,-26.5,A,2021,1,31,31,1.59,3.11
-67.5,-26.5,A,2021,2,1,32,2.02,2.2
-67.5,-26.5,A,2021,2,2,33,5.69,2.87
-67.5,-26.5,A,2021,2,3,34,3.16,4.64
-67.5,-26.5,A,2021,2,4,35,0.16,6.71
-67.5,-26.5,A,2021,2,5,36,0,6.96
-67.5,-26.5,A,2021,2,6,37,0,7.32
-67.5,-26.5,A,2021,2,7,38,0,8
-67.5,-26.5,A,2021,2,8,39,11.57,7.57
-67.5,-26.5,A,2021,2,9,40,23.71,6.53
-67.5,-26.5,A,2021,2,10,41,8.29,5.74
-67.5,-26.5,A,2021,2,11,42,1.17,5.43
-67.5,-26.5,A,2021,2,12,43,0.04,5.19
-67.5,-26.5,A,2021,2,13,44,0.01,4.64
-67.5,-26.5,A,2021,2,14,45,0,3.72
-67.5,-26.5,A,2021,2,15,46,4.87,3.85
-67.5,-26.5,A,2021,2,16,47,1,4.15
-67.5,-26.5,A,2021,2,17,48,0.41,4.09
-67.5,-26.5,A,2021,2,18,49,0,4.46
-67.5,-26.5,A,2021,2,19,50,0.24,4.39
-67.5,-26.5,A,2021,2,20,51,0.22,4.33
-67.5,-26.5,A,2021,2,21,52,0.09,3.91
-67.5,-26.5,A,2021,2,22,53,0,5.68
-67.5,-26.5,A,2021,2,23,54,15.6,8.36
-67.5,-26.5,A,2021,2,24,55,3.08,8.54
-67.5,-26.5,A,2021,2,25,56,0.7,7.2
-67.5,-26.5,A,2021,2,26,57,0.08,8.12
-67.5,-26.5,A,2021,2,27,58,2.69,7.93
-67.5,-26.5,A,2021,2,28,59,1.02,7.51
-67.5,-26.5,A,2021,3,1,60,12.65,7.81
-67.5,-26.5,A,2021,3,2,61,6.76,5.86
-67.5,-26.5,A,2021,3,3,62,7.86,7.39
-67.5,-26.5,A,2021,3,4,63,2.23,6.35
-67.5,-26.5,A,2021,3,5,64,1.31,6.23
-67.5,-26.5,A,2021,3,6,65,0,5.13
-67.5,-26.5,A,2021,3,7,66,0,5.92
-67.5,-26.5,A,2021,3,8,67,0.01,6.96
-67.5,-26.5,A,2021,3,9,68,0.05,7.14
-67.5,-26.5,A,2021,3,10,69,0,5.92
-67.5,-26.5,A,2021,3,11,70,0.89,6.71
-67.5,-26.5,A,2021,3,12,71,10.58,7.02
-67.5,-26.5,A,2021,3,13,72,3.65,5.74
-67.5,-26.5,A,2021,3,14,73,4.39,5.43
-67.5,-26.5,A,2021,3,15,74,0.32,4.39
-67.5,-26.5,A,2021,3,16,75,3.41,3.48
-67.5,-26.5,A,2021,3,17,76,1.81,4.09
-67.5,-26.5,A,2021,3,18,77,0.76,3.91
-67.5,-26.5,A,2021,3,19,78,3.79,4.21
-67.5,-26.5,A,2021,3,20,79,2.48,3.85
-67.5,-26.5,A,2021,3,21,80,3.19,4.64
-67.5,-26.5,A,2021,3,22,81,0,3.66
-67.5,-26.5,A,2021,3,23,82,176.81,5.07
-67.5,-26.5,A,2021,3,24,83,16.09,3.97
-67.5,-26.5,A,2021,3,25,84,1.04,3.3
-67.5,-26.5,A,2021,3,26,85,5.41,2.87
-67.5,-26.5,A,2021,3,27,86,3.07,3.48
-67.5,-26.5,A,2021,3,28,87,0.09,4.21
-67.5,-26.5,A,2021,3,29,88,0.04,4.27
-67.5,-26.5,A,2021,3,30,89,0.03,3.91
-67.5,-26.5,A,2021,3,31,90,0.04,3.48
-67.5,-26.5,A,2021,4,1,91,0,3.3
-67.5,-26.5,A,2021,4,2,92,0,3.54
-67.5,-26.5,A,2021,4,3,93,0.01,3.91
-67.5,-26.5,A,2021,4,4,94,0.03,4.33
-67.5,-26.5,A,2021,4,5,95,0.02,3.42
-67.5,-26.5,A,2021,4,6,96,0.1,3.6
-67.5,-26.5,A,2021,4,7,97,0.35,3.6
-67.5,-26.5,A,2021,4,8,98,0.26,3.11
-67.5,-26.5,A,2021,4,9,99,4.25,2.93
-67.5,-26.5,A,2021,4,10,100,3.12,3.05
-67.5,-26.5,A,2021,4,11,101,1.24,3.85
-67.5,-26.5,A,2021,4,12,102,0.18,4.46
-67.5,-26.5,A,2021,4,13,103,0,4.94
-67.5,-26.5,A,2021,4,14,104,0,3.11
-67.5,-26.5,A,2021,4,15,105,0,3.05
-67.5,-26.5,A,2021,4,16,106,0.51,5
-67.5,-26.5,A,2021,4,17,107,0.42,4.39
-67.5,-26.5,A,2021,4,18,108,0.1,3.66
-67.5,-26.5,A,2021,4,19,109,0.01,2.87
-67.5,-26.5,A,2021,4,20,110,0,2.38
-67.5,-26.5,A,2021,4,21,111,0.07,2.08
-67.5,-26.5,A,2021,4,22,112,0.23,1.89
-67.5,-26.5,A,2021,4,23,113,4.04,2.14
-67.5,-26.5,A,2021,4,24,114,7.95,2.75
-67.5,-26.5,A,2021,4,25,115,1.73,3.23
-67.5,-26.5,A,2021,4,26,116,0.01,2.81
-67.5,-26.5,A,2021,4,27,117,0,2.69
-67.5,-26.5,A,2021,4,28,118,0,3.6
-67.5,-26.5,A,2021,4,29,119,0,3.66
-67.5,-26.5,A,2021,4,30,120,0,2.26
-67.5,-26.5,A,2021,5,1,121,0,2.01
-67.5,-26.5,A,2021,5,2,122,0,1.95
-67.5,-26.5,A,2021,5,3,123,0,2.01
-67.5,-26.5,A,2021,5,4,124,6.88,2.62
-67.5,-26.5,A,2021,5,5,125,5.75,2.2
-67.5,-26.5,A,2021,5,6,126,0,2.2
-67.5,-26.5,A,2021,5,7,127,0,2.56
-67.5,-26.5,A,2021,5,8,128,0,2.75
-67.5,-26.5,A,2021,5,9,129,0,2.5
-67.5,-26.5,A,2021,5,10,130,0.05,2.2
-67.5,-26.5,A,2021,5,11,131,1.43,2.5
-67.5,-26.5,A,2021,5,12,132,0.42,2.32
-67.5,-26.5,A,2021,5,13,133,0,3.11
-67.5,-26.5,A,2021,5,14,134,0,2.62
-67.5,-26.5,A,2021,5,15,135,0,2.38
-67.5,-26.5,A,2021,5,16,136,0,2.56
-67.5,-26.5,A,2021,5,17,137,0,2.01
-67.5,-26.5,A,2021,5,18,138,0,1.95
-67.5,-26.5,A,2021,5,19,139,0.01,2.38
-67.5,-26.5,A,2021,5,20,140,0,2.87
-67.5,-26.5,A,2021,5,21,141,0,1.59
-67.5,-26.5,A,2021,5,22,142,0,1.53
-67.5,-26.5,A,2021,5,23,143,0,1.95
-67.5,-26.5,A,2021,5,24,144,0,2.08
-67.5,-26.5,A,2021,5,25,145,0,2.26
-67.5,-26.5,A,2021,5,26,146,0,2.99
-67.5,-26.5,A,2021,5,27,147,0,3.42
-67.5,-26.5,A,2021,5,28,148,0,2.99
-67.5,-26.5,A,2021,5,29,149,0,2.56
-67.5,-26.5,A,2021,5,30,150,0,2.08
-67.5,-26.5,A,2021,5,31,151,0,2.01
-67.5,-26.5,A,2021,6,1,152,0,2.26
-67.5,-26.5,A,2021,6,2,153,0,2.44
-67.5,-26.5,A,2021,6,3,154,0,2.5
-67.5,-26.5,A,2021,6,4,155,0,2.26
-67.5,-26.5,A,2021,6,5,156,0,2.32
-67.5,-26.5,A,2021,6,6,157,0,1.77
-67.5,-26.5,A,2021,6,7,158,0,1.65
-67.5,-26.5,A,2021,6,8,159,0,1.65
-67.5,-26.5,A,2021,6,9,160,0,2.08
-67.5,-26.5,A,2021,6,10,161,0,1.95
-67.5,-26.5,A,2021,6,11,162,0,1.83
-67.5,-26.5,A,2021,6,12,163,0,1.77
-67.5,-26.5,A,2021,6,13,164,0,1.46
-67.5,-26.5,A,2021,6,14,165,0,1.77
-67.5,-26.5,A,2021,6,15,166,2.75,3.11
-67.5,-26.5,A,2021,6,16,167,0.58,2.75
-67.5,-26.5,A,2021,6,17,168,1.24,2.62
-67.5,-26.5,A,2021,6,18,169,0.16,2.26
-67.5,-26.5,A,2021,6,19,170,0,1.59
-67.5,-26.5,A,2021,6,20,171,0,2.14
-67.5,-26.5,A,2021,6,21,172,0,1.59
-67.5,-26.5,A,2021,6,22,173,14.03,1.89
-67.5,-26.5,A,2021,6,23,174,0,2.14
-67.5,-26.5,A,2021,6,24,175,0,1.53
-67.5,-26.5,A,2021,6,25,176,0,1.89
-67.5,-26.5,A,2021,6,26,177,0.06,1.59
-67.5,-26.5,A,2021,6,27,178,2.2,1.22
-67.5,-26.5,A,2021,6,28,179,0.09,1.28
-67.5,-26.5,A,2021,6,29,180,0,1.22
-67.5,-26.5,A,2021,6,30,181,0,1.53
-67.5,-26.5,A,2021,7,1,182,0,1.65
-67.5,-26.5,A,2021,7,2,183,0,1.77
-67.5,-26.5,A,2021,7,3,184,0,1.83
-67.5,-26.5,A,2021,7,4,185,0,2.08
-67.5,-26.5,A,2021,7,5,186,0,2.01
-67.5,-26.5,A,2021,7,6,187,0,1.83
-67.5,-26.5,A,2021,7,7,188,0,1.53
-67.5,-26.5,A,2021,7,8,189,0,1.46
-67.5,-26.5,A,2021,7,9,190,0,1.46
-67.5,-26.5,A,2021,7,10,191,0,1.46
-67.5,-26.5,A,2021,7,11,192,0,1.95
-67.5,-26.5,A,2021,7,12,193,0,2.93
-67.5,-26.5,A,2021,7,13,194,0,3.97
-67.5,-26.5,A,2021,7,14,195,0,2.81
-67.5,-26.5,A,2021,7,15,196,0,1.89
-67.5,-26.5,A,2021,7,16,197,0,1.34
-67.5,-26.5,A,2021,7,17,198,0.01,1.46
-67.5,-26.5,A,2021,7,18,199,0,1.65
-67.5,-26.5,A,2021,7,19,200,0,1.65
-67.5,-26.5,A,2021,7,20,201,0,1.4
-67.5,-26.5,A,2021,7,21,202,0,1.59
-67.5,-26.5,A,2021,7,22,203,0,2.08
-67.5,-26.5,A,2021,7,23,204,0,1.89
-67.5,-26.5,A,2021,7,24,205,0.04,2.08
-67.5,-26.5,A,2021,7,25,206,0,1.22
-67.5,-26.5,A,2021,7,26,207,0,1.16
-67.5,-26.5,A,2021,7,27,208,0.02,1.04
-67.5,-26.5,A,2021,7,28,209,0,1.22
-67.5,-26.5,A,2021,7,29,210,0,1.53
-67.5,-26.5,A,2021,7,30,211,0,1.95
-67.5,-26.5,A,2021,7,31,212,0.01,2.44
-67.5,-26.5,A,2021,8,1,213,0,2.38
-67.5,-26.5,A,2021,8,2,214,0,2.26
-67.5,-26.5,A,2021,8,3,215,0,2.44
-67.5,-26.5,A,2021,8,4,216,0,3.3
-67.5,-26.5,A,2021,8,5,217,0,1.95
-67.5,-26.5,A,2021,8,6,218,0,1.65
-67.5,-26.5,A,2021,8,7,219,0,1.46
-67.5,-26.5,A,2021,8,8,220,0,1.71
-67.5,-26.5,A,2021,8,9,221,0,1.28
-67.5,-26.5,A,2021,8,10,222,0,1.16
-67.5,-26.5,A,2021,8,11,223,0,1.4
-67.5,-26.5,A,2021,8,12,224,0,1.77
-67.5,-26.5,A,2021,8,13,225,0,1.22
-67.5,-26.5,A,2021,8,14,226,0,1.59
-67.5,-26.5,A,2021,8,15,227,0,2.01
-67.5,-26.5,A,2021,8,16,228,0,1.89
-67.5,-26.5,A,2021,8,17,229,0,1.71
-67.5,-26.5,A,2021,8,18,230,0,1.28
-67.5,-26.5,A,2021,8,19,231,0.01,1.89
-67.5,-26.5,A,2021,8,20,232,0,1.89
-67.5,-26.5,A,2021,8,21,233,0,1.46
-67.5,-26.5,A,2021,8,22,234,0,1.04
-67.5,-26.5,A,2021,8,23,235,0,0.98
-67.5,-26.5,A,2021,8,24,236,0,1.1
-67.5,-26.5,A,2021,8,25,237,0.72,1.28
-67.5,-26.5,A,2021,8,26,238,0,0.98
-67.5,-26.5,A,2021,8,27,239,0,1.04
-67.5,-26.5,A,2021,8,28,240,0,1.4
-67.5,-26.5,A,2021,8,29,241,0,1.59
-67.5,-26.5,A,2021,8,30,242,0,1.34
-67.5,-26.5,A,2021,8,31,243,0,1.59
-67.5,-26.5,A,2021,9,1,244,0,2.01
-67.5,-26.5,A,2021,9,2,245,0.61,1.77
-67.5,-26.5,A,2021,9,3,246,0,1.16
-67.5,-26.5,A,2021,9,4,247,0,1.1
-67.5,-26.5,A,2021,9,5,248,0.18,1.04
-67.5,-26.5,A,2021,9,6,249,0.09,1.46
-67.5,-26.5,A,2021,9,7,250,0,1.1
-67.5,-26.5,A,2021,9,8,251,0.32,1.1
-67.5,-26.5,A,2021,9,9,252,0,1.53
-67.5,-26.5,A,2021,9,10,253,0,1.53
-67.5,-26.5,A,2021,9,11,254,0,1.16
-67.5,-26.5,A,2021,9,12,255,0,1.1
-67.5,-26.5,A,2021,9,13,256,0,1.1
-67.5,-26.5,A,2021,9,14,257,0,1.28
-67.5,-26.5,A,2021,9,15,258,0.05,1.34
-67.5,-26.5,A,2021,9,16,259,0,1.22
-67.5,-26.5,A,2021,9,17,260,0,0.98
-67.5,-26.5,A,2021,9,18,261,0,1.16
-67.5,-26.5,A,2021,9,19,262,0,2.44
-67.5,-26.5,A,2021,9,20,263,0.89,3.48
-67.5,-26.5,A,2021,9,21,264,0.86,3.91
-67.5,-26.5,A,2021,9,22,265,0,2.44
-67.5,-26.5,A,2021,9,23,266,0,1.89
-67.5,-26.5,A,2021,9,24,267,0,2.01
-67.5,-26.5,A,2021,9,25,268,0,1.34
-67.5,-26.5,A,2021,9,26,269,0,1.65
-67.5,-26.5,A,2021,9,27,270,0,1.83
-67.5,-26.5,A,2021,9,28,271,0,2.75
-67.5,-26.5,A,2021,9,29,272,0,1.65
-67.5,-26.5,A,2021,9,30,273,0,1.59
-67.5,-26.5,A,2021,10,1,274,0,1.46
-67.5,-26.5,A,2021,10,2,275,0.25,1.16
-67.5,-26.5,A,2021,10,3,276,1.82,1.22
-67.5,-26.5,A,2021,10,4,277,0,1.16
-67.5,-26.5,A,2021,10,5,278,0,1.16
-67.5,-26.5,A,2021,10,6,279,0,2.5
-67.5,-26.5,A,2021,10,7,280,0,2.93
-67.5,-26.5,A,2021,10,8,281,0,2.56
-67.5,-26.5,A,2021,10,9,282,0,2.5
-67.5,-26.5,A,2021,10,10,283,0,1.53
-67.5,-26.5,A,2021,10,11,284,0,1.28
-67.5,-26.5,A,2021,10,12,285,0,1.34
-67.5,-26.5,A,2021,10,13,286,0,1.04
-67.5,-26.5,A,2021,10,14,287,0.12,1.16
-67.5,-26.5,A,2021,10,15,288,2.36,1.46
-67.5,-26.5,A,2021,10,16,289,0.17,1.46
-67.5,-26.5,A,2021,10,17,290,0,1.22
-67.5,-26.5,A,2021,10,18,291,0,2.44
-67.5,-26.5,A,2021,10,19,292,0,2.56
-67.5,-26.5,A,2021,10,20,293,0,1.4
-67.5,-26.5,A,2021,10,21,294,0,1.22
-67.5,-26.5,A,2021,10,22,295,0,1.28
-67.5,-26.5,A,2021,10,23,296,0,1.53
-67.5,-26.5,A,2021,10,24,297,0,2.62
-67.5,-26.5,A,2021,10,25,298,0,2.81
-67.5,-26.5,A,2021,10,26,299,0,3.91
-67.5,-26.5,A,2021,10,27,300,0,2.93
-67.5,-26.5,A,2021,10,28,301,0,4.33
-67.5,-26.5,A,2021,10,29,302,0.2,4.52
-67.5,-26.5,A,2021,10,30,303,1.23,4.94
-67.5,-26.5,A,2021,10,31,304,8.8,4.94
-67.5,-26.5,A,2021,11,1,305,3.7,2.69
-67.5,-26.5,A,2021,11,2,306,1.04,2.56
-67.5,-26.5,A,2021,11,3,307,0.09,2.32
-67.5,-26.5,A,2021,11,4,308,3.43,2.38
-67.5,-26.5,A,2021,11,5,309,17.95,2.81
-67.5,-26.5,A,2021,11,6,310,0.24,2.08
-67.5,-26.5,A,2021,11,7,311,0,1.83
-67.5,-26.5,A,2021,11,8,312,0.65,1.95
-67.5,-26.5,A,2021,11,9,313,4.56,2.08
-67.5,-26.5,A,2021,11,10,314,15.9,2.69
-67.5,-26.5,A,2021,11,11,315,1.09,2.99
-67.5,-26.5,A,2021,11,12,316,0,2.99
-67.5,-26.5,A,2021,11,13,317,0.32,2.5
-67.5,-26.5,A,2021,11,14,318,0.16,3.91
-67.5,-26.5,A,2021,11,15,319,0,1.77
-67.5,-26.5,A,2021,11,16,320,4.59,3.11
-67.5,-26.5,A,2021,11,17,321,0.89,2.81
-67.5,-26.5,A,2021,11,18,322,0,2.93
-67.5,-26.5,A,2021,11,19,323,0,4.27
-67.5,-26.5,A,2021,11,20,324,0,3.97
-67.5,-26.5,A,2021,11,21,325,0,4.09
-67.5,-26.5,A,2021,11,22,326,1.23,4.15
-67.5,-26.5,A,2021,11,23,327,4.69,6.59
-67.5,-26.5,A,2021,11,24,328,0.29,3.42
-67.5,-26.5,A,2021,11,25,329,0,2.75
-67.5,-26.5,A,2021,11,26,330,0,4.21
-67.5,-26.5,A,2021,11,27,331,0.35,2.26
-67.5,-26.5,A,2021,11,28,332,0.84,3.17
-67.5,-26.5,A,2021,11,29,333,0,3.42
-67.5,-26.5,A,2021,11,30,334,0,2.56
-67.5,-26.5,A,2021,12,1,335,0,2.38
-67.5,-26.5,A,2021,12,2,336,0.7,3.48
-67.5,-26.5,A,2021,12,3,337,0.41,3.97
-67.5,-26.5,A,2021,12,4,338,3.04,6.71
-67.5,-26.5,A,2021,12,5,339,1.44,7.02
-67.5,-26.5,A,2021,12,6,340,2.05,7.39
-67.5,-26.5,A,2021,12,7,341,0.47,7.08
-67.5,-26.5,A,2021,12,8,342,0.15,6.41
-67.5,-26.5,A,2021,12,9,343,2.95,6.53
-67.5,-26.5,A,2021,12,10,344,1.69,4.46
-67.5,-26.5,A,2021,12,11,345,0.33,2.93
-67.5,-26.5,A,2021,12,12,346,3.83,2.75
-67.5,-26.5,A,2021,12,13,347,13.31,3.42
-67.5,-26.5,A,2021,12,14,348,4.67,3.11
-67.5,-26.5,A,2021,12,15,349,1.22,3.66
-67.5,-26.5,A,2021,12,16,350,1.26,5.8
-67.5,-26.5,A,2021,12,17,351,0.28,6.77
-67.5,-26.5,A,2021,12,18,352,0.64,6.9
-67.5,-26.5,A,2021,12,19,353,0.85,7.81
-67.5,-26.5,A,2021,12,20,354,0.11,6.59
-67.5,-26.5,A,2021,12,21,355,0.45,6.65
-67.5,-26.5,A,2021,12,22,356,8.97,7.69
-67.5,-26.5,A,2021,12,23,357,7.9,7.75
-67.5,-26.5,A,2021,12,24,358,0.23,7.45
-67.5,-26.5,A,2021,12,25,359,0.21,6.53
-67.5,-26.5,A,2021,12,26,360,0.14,7.08
-67.5,-26.5,A,2021,12,27,361,1.86,7.39
-67.5,-26.5,A,2021,12,28,362,3.06,6.65
-67.5,-26.5,A,2021,12,29,363,0.32,5.13
-67.5,-26.5,A,2021,12,30,364,0,4.94
-67.5,-26.5,A,2021,12,31,365,0,6.35
-67,-26.5,B,2012,1,1,1,0.27,7.02
-67,-26.5,B,2012,1,2,2,0,5.62
-67,-26.5,B,2012,1,3,3,0,5.86
-67,-26.5,B,2012,1,4,4,2.33,6.53
-67,-26.5,B,2012,1,5,5,1.4,6.23
-67,-26.5,B,2012,1,6,6,3.73,6.47
-67,-26.5,B,2012,1,7,7,9.9,6.47
-67,-26.5,B,2012,1,8,8,0.21,7.45
-67,-26.5,B,2012,1,9,9,0.06,7.26
-67,-26.5,B,2012,1,10,10,3.86,6.84
-67,-26.5,B,2012,1,11,11,12.27,6.23
-67,-26.5,B,2012,1,12,12,2.8,6.71
-67,-26.5,B,2012,1,13,13,0,6.35
-67,-26.5,B,2012,1,14,14,0.19,5.92
-67,-26.5,B,2012,1,15,15,0.04,6.23
-67,-26.5,B,2012,1,16,16,0.48,6.9
-67,-26.5,B,2012,1,17,17,2.05,6.77
-67,-26.5,B,2012,1,18,18,2.19,6.47
-67,-26.5,B,2012,1,19,19,2.48,6.16
-67,-26.5,B,2012,1,20,20,0,5
-67,-26.5,B,2012,1,21,21,8.17,4.27
-67,-26.5,B,2012,1,22,22,2.11,5
-67,-26.5,B,2012,1,23,23,0.21,4.46
-67,-26.5,B,2012,1,24,24,5.51,6.16
-67,-26.5,B,2012,1,25,25,13.19,7.02
-67,-26.5,B,2012,1,26,26,0.49,7.32
-67,-26.5,B,2012,1,27,27,0,7.32
-67,-26.5,B,2012,1,28,28,0,7.51
-67,-26.5,B,2012,1,29,29,0,8
-67,-26.5,B,2012,1,30,30,1.52,8.18
-67,-26.5,B,2012,1,31,31,4.2,6.16
-67,-26.5,B,2012,2,1,32,0.74,7.39
-67,-26.5,B,2012,2,2,33,0.24,7.32
-67,-26.5,B,2012,2,3,34,0.01,7.39
-67,-26.5,B,2012,2,4,35,0,8.67
-67,-26.5,B,2012,2,5,36,1.08,8.79
-67,-26.5,B,2012,2,6,37,1.28,8.61
-67,-26.5,B,2012,2,7,38,0.24,8.3
-67,-26.5,B,2012,2,8,39,36.96,8
-67,-26.5,B,2012,2,9,40,5.91,7.51
-67,-26.5,B,2012,2,10,41,2.46,6.77
-67,-26.5,B,2012,2,11,42,0.03,5.86
-67,-26.5,B,2012,2,12,43,0,6.53
-67,-26.5,B,2012,2,13,44,0.04,6.71
-67,-26.5,B,2012,2,14,45,0,7.87
-67,-26.5,B,2012,2,15,46,0,7.81
-67,-26.5,B,2012,2,16,47,0,7.63
-67,-26.5,B,2012,2,17,48,0.14,7.14
-67,-26.5,B,2012,2,18,49,1.76,7.2
-67,-26.5,B,2012,2,19,50,15.97,7.39
-67,-26.5,B,2012,2,20,51,9.28,7.26
-67,-26.5,B,2012,2,21,52,7.52,6.77
-67,-26.5,B,2012,2,22,53,1.86,6.84
-67,-26.5,B,2012,2,23,54,8.71,6.77
-67,-26.5,B,2012,2,24,55,12.84,5.62
-67,-26.5,B,2012,2,25,56,1.8,5.8
-67,-26.5,B,2012,2,26,57,0.25,6.41
-67,-26.5,B,2012,2,27,58,0.03,6.77
-67,-26.5,B,2012,2,28,59,0,6.96
-67,-26.5,B,2012,2,29,60,21.91,7.02
-67,-26.5,B,2012,3,1,61,0.73,6.29
-67,-26.5,B,2012,3,2,62,0.04,5.62
-67,-26.5,B,2012,3,3,63,0,6.59
-67,-26.5,B,2012,3,4,64,0.99,7.45
-67,-26.5,B,2012,3,5,65,0.81,7.39
-67,-26.5,B,2012,3,6,66,18.05,7.93
-67,-26.5,B,2012,3,7,67,1.66,8.12
-67,-26.5,B,2012,3,8,68,0.02,7.69
-67,-26.5,B,2012,3,9,69,0,7.87
-67,-26.5,B,2012,3,10,70,0,8
-67,-26.5,B,2012,3,11,71,0,6.96
-67,-26.5,B,2012,3,12,72,5.16,7.51
-67,-26.5,B,2012,3,13,73,2.23,7.2
-67,-26.5,B,2012,3,14,74,1.18,7.02
-67,-26.5,B,2012,3,15,75,0,6.84
-67,-26.5,B,2012,3,16,76,0,7.08
-67,-26.5,B,2012,3,17,77,0,5.43
-67,-26.5,B,2012,3,18,78,0,6.16
-67,-26.5,B,2012,3,19,79,0,6.9
-67,-26.5,B,2012,3,20,80,0.44,8
-67,-26.5,B,2012,3,21,81,2.36,6.65
-67,-26.5,B,2012,3,22,82,11.08,6.84
-67,-26.5,B,2012,3,23,83,2.01,6.47
-67,-26.5,B,2012,3,24,84,0.05,6.41
-67,-26.5,B,2012,3,25,85,2.25,5.68
-67,-26.5,B,2012,3,26,86,12.94,5.43
-67,-26.5,B,2012,3,27,87,1.71,5.25
-67,-26.5,B,2012,3,28,88,0,4.46
-67,-26.5,B,2012,3,29,89,0,3.85
-67,-26.5,B,2012,3,30,90,0,5.43
-67,-26.5,B,2012,3,31,91,0,5.07
-67,-26.5,B,2012,4,1,92,0,3.6
-67,-26.5,B,2012,4,2,93,10.18,5.49
-67,-26.5,B,2012,4,3,94,10.23,4.58
-67,-26.5,B,2012,4,4,95,0,3.66
-67,-26.5,B,2012,4,5,96,0.1,4.09
-67,-26.5,B,2012,4,6,97,0.13,3.97
-67,-26.5,B,2012,4,7,98,0,4.39
-67,-26.5,B,2012,4,8,99,1.77,4.52
-67,-26.5,B,2012,4,9,100,6.93,3.91
-67,-26.5,B,2012,4,10,101,13.94,4.09
-67,-26.5,B,2012,4,11,102,1.15,4.58
-67,-26.5,B,2012,4,12,103,8.93,6.59
-67,-26.5,B,2012,4,13,104,0.16,4.33
-67,-26.5,B,2012,4,14,105,2.98,3.72
-67,-26.5,B,2012,4,15,106,0.98,3.17
-67,-26.5,B,2012,4,16,107,0,2.69
-67,-26.5,B,2012,4,17,108,0,2.99
-67,-26.5,B,2012,4,18,109,0.04,2.75
-67,-26.5,B,2012,4,19,110,1.87,3.3
-67,-26.5,B,2012,4,20,111,3.08,2.99
-67,-26.5,B,2012,4,21,112,0.64,3.23
-67,-26.5,B,2012,4,22,113,0.31,3.05
-67,-26.5,B,2012,4,23,114,10.32,3.48
-67,-26.5,B,2012,4,24,115,2.4,3.17
-67,-26.5,B,2012,4,25,116,4.99,3.6
-67,-26.5,B,2012,4,26,117,0,2.5
-67,-26.5,B,2012,4,27,118,11.34,2.75
-67,-26.5,B,2012,4,28,119,0.54,2.08
-67,-26.5,B,2012,4,29,120,0,2.87
-67,-26.5,B,2012,4,30,121,0,2.69
-67,-26.5,B,2012,5,1,122,0,2.69
-67,-26.5,B,2012,5,2,123,0,2.75
-67,-26.5,B,2012,5,3,124,0,2.99
-67,-26.5,B,2012,5,4,125,0,3.11
-67,-26.5,B,2012,5,5,126,0,3.91
-67,-26.5,B,2012,5,6,127,0,3.54
-67,-26.5,B,2012,5,7,128,0,4.94
-67,-26.5,B,2012,5,8,129,0,4.15
-67,-26.5,B,2012,5,9,130,0,2.56
-67,-26.5,B,2012,5,10,131,0.04,2.56
-67,-26.5,B,2012,5,11,132,0.43,2.5
-67,-26.5,B,2012,5,12,133,0.18,2.69
-67,-26.5,B,2012,5,13,134,0.04,2.93
-67,-26.5,B,2012,5,14,135,0,2.87
-67,-26.5,B,2012,5,15,136,0,2.2
-67,-26.5,B,2012,5,16,137,0,2.26
-67,-26.5,B,2012,5,17,138,0,2.14
-67,-26.5,B,2012,5,18,139,0.24,2.38
-67,-26.5,B,2012,5,19,140,0.28,2.2
-67,-26.5,B,2012,5,20,141,0.01,2.44
-67,-26.5,B,2012,5,21,142,0.02,2.2
-67,-26.5,B,2012,5,22,143,0.01,1.89
-67,-26.5,B,2012,5,23,144,0.01,1.95
-67,-26.5,B,2012,5,24,145,0,2.08
-67,-26.5,B,2012,5,25,146,0,2.2
-67,-26.5,B,2012,5,26,147,0,2.44
-67,-26.5,B,2012,5,27,148,0,3.11
-67,-26.5,B,2012,5,28,149,0,2.44
-67,-26.5,B,2012,5,29,150,0,2.44
-67,-26.5,B,2012,5,30,151,2.01,2.81
-67,-26.5,B,2012,5,31,152,0.44,2.75
-67,-26.5,B,2012,6,1,153,0,2.62
-67,-26.5,B,2012,6,2,154,0,2.87
-67,-26.5,B,2012,6,3,155,0,2.08
-67,-26.5,B,2012,6,4,156,0,2.08
-67,-26.5,B,2012,6,5,157,0,1.83
-67,-26.5,B,2012,6,6,158,0,2.01
-67,-26.5,B,2012,6,7,159,0,1.95
-67,-26.5,B,2012,6,8,160,0,2.14
-67,-26.5,B,2012,6,9,161,0,2.81
-67,-26.5,B,2012,6,10,162,0,2.5
-67,-26.5,B,2012,6,11,163,0,1.89
-67,-26.5,B,2012,6,12,164,0,1.89
-67,-26.5,B,2012,6,13,165,0,2.26
-67,-26.5,B,2012,6,14,166,0,1.95
-67,-26.5,B,2012,6,15,167,0,2.32
-67,-26.5,B,2012,6,16,168,0.01,2.62
-67,-26.5,B,2012,6,17,169,0.3,2.5
-67,-26.5,B,2012,6,18,170,0,2.08
-67,-26.5,B,2012,6,19,171,0,2.08
-67,-26.5,B,2012,6,20,172,0,2.14
-67,-26.5,B,2012,6,21,173,0,1.53
-67,-26.5,B,2012,6,22,174,0,1.59
-67,-26.5,B,2012,6,23,175,0,1.83
-67,-26.5,B,2012,6,24,176,0,1.83
-67,-26.5,B,2012,6,25,177,0,1.89
-67,-26.5,B,2012,6,26,178,0,1.71
-67,-26.5,B,2012,6,27,179,0,1.71
-67,-26.5,B,2012,6,28,180,0.02,1.77
-67,-26.5,B,2012,6,29,181,0,1.83
-67,-26.5,B,2012,6,30,182,0,1.65
-67,-26.5,B,2012,7,1,183,0,1.59
-67,-26.5,B,2012,7,2,184,0,1.59
-67,-26.5,B,2012,7,3,185,3.75,1.77
-67,-26.5,B,2012,7,4,186,0,1.65
-67,-26.5,B,2012,7,5,187,0,1.34
-67,-26.5,B,2012,7,6,188,0,1.34
-67,-26.5,B,2012,7,7,189,0,1.28
-67,-26.5,B,2012,7,8,190,0,0.98
-67,-26.5,B,2012,7,9,191,0,1.71
-67,-26.5,B,2012,7,10,192,0,2.87
-67,-26.5,B,2012,7,11,193,0,2.38
-67,-26.5,B,2012,7,12,194,0,1.4
-67,-26.5,B,2012,7,13,195,0,1.59
-67,-26.5,B,2012,7,14,196,0,1.89
-67,-26.5,B,2012,7,15,197,0,1.95
-67,-26.5,B,2012,7,16,198,0.44,1.77
-67,-26.5,B,2012,7,17,199,0,1.28
-67,-26.5,B,2012,7,18,200,0,1.4
-67,-26.5,B,2012,7,19,201,0,1.71
-67,-26.5,B,2012,7,20,202,0,1.65
-67,-26.5,B,2012,7,21,203,0,1.22
-67,-26.5,B,2012,7,22,204,0,1.34
-67,-26.5,B,2012,7,23,205,0,1.22
-67,-26.5,B,2012,7,24,206,0,1.22
-67,-26.5,B,2012,7,25,207,0,1.28
-67,-26.5,B,2012,7,26,208,0,1.46
-67,-26.5,B,2012,7,27,209,0,1.46
-67,-26.5,B,2012,7,28,210,0,1.16
-67,-26.5,B,2012,7,29,211,0,1.53
-67,-26.5,B,2012,7,30,212,0,1.53
-67,-26.5,B,2012,7,31,213,0,1.46
-67,-26.5,B,2012,8,1,214,0,1.59
-67,-26.5,B,2012,8,2,215,0,1.83
-67,-26.5,B,2012,8,3,216,0,1.71
-67,-26.5,B,2012,8,4,217,0,1.65
-67,-26.5,B,2012,8,5,218,0,2.38
-67,-26.5,B,2012,8,6,219,0,2.38
-67,-26.5,B,2012,8,7,220,0.25,1.34
-67,-26.5,B,2012,8,8,221,0,1.22
-67,-26.5,B,2012,8,9,222,0,2.14
-67,-26.5,B,2012,8,10,223,0,2.01
-67,-26.5,B,2012,8,11,224,0,1.77
-67,-26.5,B,2012,8,12,225,0,1.4
-67,-26.5,B,2012,8,13,226,0,1.22
-67,-26.5,B,2012,8,14,227,0,1.95
-67,-26.5,B,2012,8,15,228,0,2.14
-67,-26.5,B,2012,8,16,229,0,2.01
-67,-26.5,B,2012,8,17,230,0,1.53
-67,-26.5,B,2012,8,18,231,0,1.04
-67,-26.5,B,2012,8,19,232,0,1.1
-67,-26.5,B,2012,8,20,233,0,1.34
-67,-26.5,B,2012,8,21,234,0,1.22
-67,-26.5,B,2012,8,22,235,0,0.98
-67,-26.5,B,2012,8,23,236,0,0.92
-67,-26.5,B,2012,8,24,237,0,0.92
-67,-26.5,B,2012,8,25,238,0,1.04
-67,-26.5,B,2012,8,26,239,0,1.28
-67,-26.5,B,2012,8,27,240,0,1.46
-67,-26.5,B,2012,8,28,241,0,1.65
-67,-26.5,B,2012,8,29,242,0,1.71
-67,-26.5,B,2012,8,30,243,0,1.71
-67,-26.5,B,2012,8,31,244,0,2.5
-67,-26.5,B,2012,9,1,245,0,3.97
-67,-26.5,B,2012,9,2,246,0,4.39
-67,-26.5,B,2012,9,3,247,0,2.56
-67,-26.5,B,2012,9,4,248,0,2.14
-67,-26.5,B,2012,9,5,249,0,2.62
-67,-26.5,B,2012,9,6,250,2.37,1.53
-67,-26.5,B,2012,9,7,251,0.5,1.22
-67,-26.5,B,2012,9,8,252,0,2.01
-67,-26.5,B,2012,9,9,253,0.13,1.71
-67,-26.5,B,2012,9,10,254,1.38,1.77
-67,-26.5,B,2012,9,11,255,0,1.59
-67,-26.5,B,2012,9,12,256,0,2.69
-67,-26.5,B,2012,9,13,257,0,2.69
-67,-26.5,B,2012,9,14,258,0,1.65
-67,-26.5,B,2012,9,15,259,0,2.26
-67,-26.5,B,2012,9,16,260,0,2.2
-67,-26.5,B,2012,9,17,261,3.32,2.14
-67,-26.5,B,2012,9,18,262,2.94,1.95
-67,-26.5,B,2012,9,19,263,0.02,1.1
-67,-26.5,B,2012,9,20,264,0,1.28
-67,-26.5,B,2012,9,21,265,0,1.53
-67,-26.5,B,2012,9,22,266,0,1.89
-67,-26.5,B,2012,9,23,267,0,1.4
-67,-26.5,B,2012,9,24,268,0,1.89
-67,-26.5,B,2012,9,25,269,0,3.11
-67,-26.5,B,2012,9,26,270,0,2.69
-67,-26.5,B,2012,9,27,271,0,1.34
-67,-26.5,B,2012,9,28,272,0,1.59
-67,-26.5,B,2012,9,29,273,0,1.46
-67,-26.5,B,2012,9,30,274,0,1.16
-67,-26.5,B,2012,10,1,275,0,1.28
-67,-26.5,B,2012,10,2,276,0,1.1
-67,-26.5,B,2012,10,3,277,0,1.77
-67,-26.5,B,2012,10,4,278,0,1.34
-67,-26.5,B,2012,10,5,279,0,1.28
-67,-26.5,B,2012,10,6,280,0.51,0.98
-67,-26.5,B,2012,10,7,281,4.91,1.34
-67,-26.5,B,2012,10,8,282,1.94,1.34
-67,-26.5,B,2012,10,9,283,0,1.59
-67,-26.5,B,2012,10,10,284,0,2.2
-67,-26.5,B,2012,10,11,285,0,2.38
-67,-26.5,B,2012,10,12,286,0,2.14
-67,-26.5,B,2012,10,13,287,0,1.59
-67,-26.5,B,2012,10,14,288,0,1.71
-67,-26.5,B,2012,10,15,289,0,1.16
-67,-26.5,B,2012,10,16,290,0,1.22
-67,-26.5,B,2012,10,17,291,0,1.28
-67,-26.5,B,2012,10,18,292,0,1.04
-67,-26.5,B,2012,10,19,293,0,1.28
-67,-26.5,B,2012,10,20,294,0.4,1.34
-67,-26.5,B,2012,10,21,295,3.69,1.22
-67,-26.5,B,2012,10,22,296,2.68,1.28
-67,-26.5,B,2012,10,23,297,0,1.34
-67,-26.5,B,2012,10,24,298,0,1.1
-67,-26.5,B,2012,10,25,299,0,1.1
-67,-26.5,B,2012,10,26,300,0,1.22
-67,-26.5,B,2012,10,27,301,13.25,3.66
-67,-26.5,B,2012,10,28,302,7.11,5.68
-67,-26.5,B,2012,10,29,303,1.09,4.15
-67,-26.5,B,2012,10,30,304,1.7,3.78
-67,-26.5,B,2012,10,31,305,0,2.62
-67,-26.5,B,2012,11,1,306,3.45,4.15
-67,-26.5,B,2012,11,2,307,5.58,4.03
-67,-26.5,B,2012,11,3,308,0.5,3.91
-67,-26.5,B,2012,11,4,309,7,5.55
-67,-26.5,B,2012,11,5,310,4.9,6.16
-67,-26.5,B,2012,11,6,311,14.38,5.68
-67,-26.5,B,2012,11,7,312,1.64,5.43
-67,-26.5,B,2012,11,8,313,0,2.69
-67,-26.5,B,2012,11,9,314,0.06,1.89
-67,-26.5,B,2012,11,10,315,0.38,2.01
-67,-26.5,B,2012,11,11,316,0.85,3.05
-67,-26.5,B,2012,11,12,317,0.99,4.46
-67,-26.5,B,2012,11,13,318,0.86,3.72
-67,-26.5,B,2012,11,14,319,0.4,4.21
-67,-26.5,B,2012,11,15,320,0,3.42
-67,-26.5,B,2012,11,16,321,0,2.56
-67,-26.5,B,2012,11,17,322,0.01,2.87
-67,-26.5,B,2012,11,18,323,4.74,5.43
-67,-26.5,B,2012,11,19,324,2.76,6.65
-67,-26.5,B,2012,11,20,325,0.55,5.86
-67,-26.5,B,2012,11,21,326,0,3.3
-67,-26.5,B,2012,11,22,327,1.46,3.05
-67,-26.5,B,2012,11,23,328,3.09,2.93
-67,-26.5,B,2012,11,24,329,0.26,3.36
-67,-26.5,B,2012,11,25,330,0.5,3.3
-67,-26.5,B,2012,11,26,331,0,2.44
-67,-26.5,B,2012,11,27,332,0,2.32
-67,-26.5,B,2012,11,28,333,3.07,1.89
-67,-26.5,B,2012,11,29,334,0.29,1.71
-67,-26.5,B,2012,11,30,335,1.4,2.38
-67,-26.5,B,2012,12,1,336,5.87,4.52
-67,-26.5,B,2012,12,2,337,0.74,5.86
-67,-26.5,B,2012,12,3,338,0.12,5.8
-67,-26.5,B,2012,12,4,339,11.06,7.2
-67,-26.5,B,2012,12,5,340,0.8,5.43
-67,-26.5,B,2012,12,6,341,4.28,5.25
-67,-26.5,B,2012,12,7,342,7.83,7.45
-67,-26.5,B,2012,12,8,343,0.01,7.26
-67,-26.5,B,2012,12,9,344,0,6.84
-67,-26.5,B,2012,12,10,345,0.97,6.96
-67,-26.5,B,2012,12,11,346,0.24,6.65
-67,-26.5,B,2012,12,12,347,0.56,5.25
-67,-26.5,B,2012,12,13,348,0.11,6.35
-67,-26.5,B,2012,12,14,349,0,6.04
-67,-26.5,B,2012,12,15,350,0.01,6.96
-67,-26.5,B,2012,12,16,351,0,5.55
-67,-26.5,B,2012,12,17,352,0.08,5.92
-67,-26.5,B,2012,12,18,353,0.82,4.03
-67,-26.5,B,2012,12,19,354,6.38,2.81
-67,-26.5,B,2012,12,20,355,19.32,3.6
-67,-26.5,B,2012,12,21,356,2.4,4.39
-67,-26.5,B,2012,12,22,357,0.99,5.68
-67,-26.5,B,2012,12,23,358,0,5.8
-67,-26.5,B,2012,12,24,359,0,5.62
-67,-26.5,B,2012,12,25,360,2.1,6.1
-67,-26.5,B,2012,12,26,361,0.42,5.86
-67,-26.5,B,2012,12,27,362,0.19,3.66
-67,-26.5,B,2012,12,28,363,0,4.52
-67,-26.5,B,2012,12,29,364,0,5.19
-67,-26.5,B,2012,12,30,365,0,4.58
-67,-26.5,B,2012,12,31,366,8.16,3.05
-67,-26.5,B,2013,1,1,1,10.12,6.23
-67,-26.5,B,2013,1,2,2,0.03,4.39
-67,-26.5,B,2013,1,3,3,0.14,2.38
-67,-26.5,B,2013,1,4,4,0,1.83
-67,-26.5,B,2013,1,5,5,1.65,2.81
-67,-26.5,B,2013,1,6,6,4.35,3.3
-67,-26.5,B,2013,1,7,7,5.83,4.39
-67,-26.5,B,2013,1,8,8,28.54,6.29
-67,-26.5,B,2013,1,9,9,6.52,8.18
-67,-26.5,B,2013,1,10,10,20.15,7.51
-67,-26.5,B,2013,1,11,11,2.42,8
-67,-26.5,B,2013,1,12,12,2.23,7.93
-67,-26.5,B,2013,1,13,13,3.29,8.18
-67,-26.5,B,2013,1,14,14,4.2,7.81
-67,-26.5,B,2013,1,15,15,0.26,7.87
-67,-26.5,B,2013,1,16,16,21.33,7.87
-67,-26.5,B,2013,1,17,17,15.69,7.51
-67,-26.5,B,2013,1,18,18,8.92,7.57
-67,-26.5,B,2013,1,19,19,8.03,6.9
-67,-26.5,B,2013,1,20,20,1.79,6.53
-67,-26.5,B,2013,1,21,21,0.37,6.53
-67,-26.5,B,2013,1,22,22,0,6.29
-67,-26.5,B,2013,1,23,23,0.02,6.96
-67,-26.5,B,2013,1,24,24,0.29,5.31
-67,-26.5,B,2013,1,25,25,2.47,5.62
-67,-26.5,B,2013,1,26,26,0,5.8
-67,-26.5,B,2013,1,27,27,0,4.46
-67,-26.5,B,2013,1,28,28,0,3.97
-67,-26.5,B,2013,1,29,29,0,4.76
-67,-26.5,B,2013,1,30,30,0.02,6.16
-67,-26.5,B,2013,1,31,31,0.17,5.8
-67,-26.5,B,2013,2,1,32,0.01,6.53
-67,-26.5,B,2013,2,2,33,5.56,8.06
-67,-26.5,B,2013,2,3,34,1.03,8.67
-67,-26.5,B,2013,2,4,35,0,7.32
-67,-26.5,B,2013,2,5,36,0,7.93
-67,-26.5,B,2013,2,6,37,2.96,7.26
-67,-26.5,B,2013,2,7,38,0.12,6.71
-67,-26.5,B,2013,2,8,39,0,6.23
-67,-26.5,B,2013,2,9,40,0.01,6.9
-67,-26.5,B,2013,2,10,41,9.4,5.62
-67,-26.5,B,2013,2,11,42,6.18,6.77
-67,-26.5,B,2013,2,12,43,0.01,5.49
-67,-26.5,B,2013,2,13,44,12.87,6.9
-67,-26.5,B,2013,2,14,45,0.95,7.02
-67,-26.5,B,2013,2,15,46,0.19,6.96
-67,-26.5,B,2013,2,16,47,0,5.92
-67,-26.5,B,2013,2,17,48,28.1,7.26
-67,-26.5,B,2013,2,18,49,4.39,5.55
-67,-26.5,B,2013,2,19,50,4.32,4.33
-67,-26.5,B,2013,2,20,51,0.44,4.7
-67,-26.5,B,2013,2,21,52,0,6.53
-67,-26.5,B,2013,2,22,53,0.68,7.39
-67,-26.5,B,2013,2,23,54,0,7.63
-67,-26.5,B,2013,2,24,55,40.5,8.54
-67,-26.5,B,2013,2,25,56,4.14,8
-67,-26.5,B,2013,2,26,57,0.17,6.65
-67,-26.5,B,2013,2,27,58,0,5.92
-67,-26.5,B,2013,2,28,59,0,5.55
-67,-26.5,B,2013,3,1,60,0,4.33
-67,-26.5,B,2013,3,2,61,0.17,4.46
-67,-26.5,B,2013,3,3,62,0.49,5.13
-67,-26.5,B,2013,3,4,63,0.08,5.31
-67,-26.5,B,2013,3,5,64,0.04,4.39
-67,-26.5,B,2013,3,6,65,0,4.15
-67,-26.5,B,2013,3,7,66,0,4.88
-67,-26.5,B,2013,3,8,67,0,6.16
-67,-26.5,B,2013,3,9,68,0.04,6.65
-67,-26.5,B,2013,3,10,69,5.14,6.84
-67,-26.5,B,2013,3,11,70,0.13,3.23
-67,-26.5,B,2013,3,12,71,0.81,2.5
-67,-26.5,B,2013,3,13,72,7.02,3.17
-67,-26.5,B,2013,3,14,73,15.4,3.85
-67,-26.5,B,2013,3,15,74,4.54,3.91
-67,-26.5,B,2013,3,16,75,3.84,4.03
-67,-26.5,B,2013,3,17,76,1.31,3.85
-67,-26.5,B,2013,3,18,77,1.69,3.66
-67,-26.5,B,2013,3,19,78,0.07,3.3
-67,-26.5,B,2013,3,20,79,0,3.48
-67,-26.5,B,2013,3,21,80,0,4.27
-67,-26.5,B,2013,3,22,81,1.33,4.27
-67,-26.5,B,2013,3,23,82,2.86,4.27
-67,-26.5,B,2013,3,24,83,0.76,3.72
-67,-26.5,B,2013,3,25,84,0.03,4.21
-67,-26.5,B,2013,3,26,85,0.01,5.37
-67,-26.5,B,2013,3,27,86,0,5.49
-67,-26.5,B,2013,3,28,87,0.61,5.43
-67,-26.5,B,2013,3,29,88,0.05,4.46
-67,-26.5,B,2013,3,30,89,0,3.42
-67,-26.5,B,2013,3,31,90,0.07,2.14
-67,-26.5,B,2013,4,1,91,0.62,1.89
-67,-26.5,B,2013,4,2,92,5.36,2.32
-67,-26.5,B,2013,4,3,93,6.37,2.56
-67,-26.5,B,2013,4,4,94,0.09,2.26
-67,-26.5,B,2013,4,5,95,0,1.95
-67,-26.5,B,2013,4,6,96,0,2.81
-67,-26.5,B,2013,4,7,97,0,2.81
-67,-26.5,B,2013,4,8,98,0,3.17
-67,-26.5,B,2013,4,9,99,0,2.44
-67,-26.5,B,2013,4,10,100,0,2.2
-67,-26.5,B,2013,4,11,101,4.79,2.75
-67,-26.5,B,2013,4,12,102,7.16,2.62
-67,-26.5,B,2013,4,13,103,1.04,2.62
-67,-26.5,B,2013,4,14,104,0.41,3.36
-67,-26.5,B,2013,4,15,105,0,3.6
-67,-26.5,B,2013,4,16,106,0,3.42
-67,-26.5,B,2013,4,17,107,0,2.93
-67,-26.5,B,2013,4,18,108,0,3.23
-67,-26.5,B,2013,4,19,109,0,3.91
-67,-26.5,B,2013,4,20,110,0,3.78
-67,-26.5,B,2013,4,21,111,0,4.39
-67,-26.5,B,2013,4,22,112,0,3.66
-67,-26.5,B,2013,4,23,113,0,3.3
-67,-26.5,B,2013,4,24,114,0,3.17
-67,-26.5,B,2013,4,25,115,0,2.93
-67,-26.5,B,2013,4,26,116,0,2.2
-67,-26.5,B,2013,4,27,117,0,1.95
-67,-26.5,B,2013,4,28,118,0,2.08
-67,-26.5,B,2013,4,29,119,0,2.32
-67,-26.5,B,2013,4,30,120,0,1.83
-67,-26.5,B,2013,5,1,121,0,2.08
-67,-26.5,B,2013,5,2,122,0,2.01
-67,-26.5,B,2013,5,3,123,0.74,1.89
-67,-26.5,B,2013,5,4,124,0.85,2.14
-67,-26.5,B,2013,5,5,125,2.01,1.95
-67,-26.5,B,2013,5,6,126,0,2.32
-67,-26.5,B,2013,5,7,127,0,2.56
-67,-26.5,B,2013,5,8,128,27.21,2.32
-67,-26.5,B,2013,5,9,129,0,1.95
-67,-26.5,B,2013,5,10,130,0,2.44
-67,-26.5,B,2013,5,11,131,0,2.5
-67,-26.5,B,2013,5,12,132,0,2.14
-67,-26.5,B,2013,5,13,133,0,2.14
-67,-26.5,B,2013,5,14,134,0,1.71
-67,-26.5,B,2013,5,15,135,0.64,1.83
-67,-26.5,B,2013,5,16,136,4.06,2.56
-67,-26.5,B,2013,5,17,137,0.05,4.58
-67,-26.5,B,2013,5,18,138,0.01,3.6
-67,-26.5,B,2013,5,19,139,0,2.75
-67,-26.5,B,2013,5,20,140,0,2.14
-67,-26.5,B,2013,5,21,141,0,2.69
-67,-26.5,B,2013,5,22,142,0,2.56
-67,-26.5,B,2013,5,23,143,0,2.32
-67,-26.5,B,2013,5,24,144,0,2.26
-67,-26.5,B,2013,5,25,145,0,1.95
-67,-26.5,B,2013,5,26,146,0,1.46
-67,-26.5,B,2013,5,27,147,0.13,1.16
-67,-26.5,B,2013,5,28,148,0,1.4
-67,-26.5,B,2013,5,29,149,0,1.83
-67,-26.5,B,2013,5,30,150,0,1.89
-67,-26.5,B,2013,5,31,151,0,1.46
-67,-26.5,B,2013,6,1,152,0,1.83
-67,-26.5,B,2013,6,2,153,0,2.01
-67,-26.5,B,2013,6,3,154,0,2.01
-67,-26.5,B,2013,6,4,155,0,1.71
-67,-26.5,B,2013,6,5,156,0,1.77
-67,-26.5,B,2013,6,6,157,0,1.95
-67,-26.5,B,2013,6,7,158,0,2.38
-67,-26.5,B,2013,6,8,159,0,3.11
-67,-26.5,B,2013,6,9,160,0,2.81
-67,-26.5,B,2013,6,10,161,0,2.87
-67,-26.5,B,2013,6,11,162,0,2.5
-67,-26.5,B,2013,6,12,163,0,2.56
-67,-26.5,B,2013,6,13,164,0.01,3.54
-67,-26.5,B,2013,6,14,165,3.26,3.6
-67,-26.5,B,2013,6,15,166,0.01,2.2
-67,-26.5,B,2013,6,16,167,0,1.95
-67,-26.5,B,2013,6,17,168,5.2,1.59
-67,-26.5,B,2013,6,18,169,0.18,1.53
-67,-26.5,B,2013,6,19,170,8.27,1.95
-67,-26.5,B,2013,6,20,171,0.13,1.65
-67,-26.5,B,2013,6,21,172,0,1.16
-67,-26.5,B,2013,6,22,173,0,1.28
-67,-26.5,B,2013,6,23,174,0,1.4
-67,-26.5,B,2013,6,24,175,0,1.34
-67,-26.5,B,2013,6,25,176,0,1.53
-67,-26.5,B,2013,6,26,177,0,1.46
-67,-26.5,B,2013,6,27,178,0,2.75
-67,-26.5,B,2013,6,28,179,0,2.26
-67,-26.5,B,2013,6,29,180,0,1.59
-67,-26.5,B,2013,6,30,181,0,1.34
-67,-26.5,B,2013,7,1,182,0,1.28
-67,-26.5,B,2013,7,2,183,0,1.4
-67,-26.5,B,2013,7,3,184,0,1.34
-67,-26.5,B,2013,7,4,185,0,1.22
-67,-26.5,B,2013,7,5,186,0,2.08
-67,-26.5,B,2013,7,6,187,0,1.4
-67,-26.5,B,2013,7,7,188,0,1.77
-67,-26.5,B,2013,7,8,189,0.67,3.11
-67,-26.5,B,2013,7,9,190,0,3.17
-67,-26.5,B,2013,7,10,191,0,2.2
-67,-26.5,B,2013,7,11,192,0,1.83
-67,-26.5,B,2013,7,12,193,0,1.71
-67,-26.5,B,2013,7,13,194,0,1.4
-67,-26.5,B,2013,7,14,195,0,1.59
-67,-26.5,B,2013,7,15,196,0,1.95
-67,-26.5,B,2013,7,16,197,0,2.01
-67,-26.5,B,2013,7,17,198,0,1.65
-67,-26.5,B,2013,7,18,199,0,1.65
-67,-26.5,B,2013,7,19,200,0.01,1.77
-67,-26.5,B,2013,7,20,201,0,1.83
-67,-26.5,B,2013,7,21,202,0.01,1.22
-67,-26.5,B,2013,7,22,203,0.01,0.98
-67,-26.5,B,2013,7,23,204,0,1.1
-67,-26.5,B,2013,7,24,205,0,1.22
-67,-26.5,B,2013,7,25,206,0,1.4
-67,-26.5,B,2013,7,26,207,0,3.3
-67,-26.5,B,2013,7,27,208,0,3.11
-67,-26.5,B,2013,7,28,209,0,2.26
-67,-26.5,B,2013,7,29,210,0,3.05
-67,-26.5,B,2013,7,30,211,0,2.87
-67,-26.5,B,2013,7,31,212,0,2.5
-67,-26.5,B,2013,8,1,213,0,2.01
-67,-26.5,B,2013,8,2,214,0,1.22
-67,-26.5,B,2013,8,3,215,0,1.16
-67,-26.5,B,2013,8,4,216,0,1.71
-67,-26.5,B,2013,8,5,217,0,2.01
-67,-26.5,B,2013,8,6,218,0,1.59
-67,-26.5,B,2013,8,7,219,0,1.34
-67,-26.5,B,2013,8,8,220,0.03,2.01
-67,-26.5,B,2013,8,9,221,0.05,1.65
-67,-26.5,B,2013,8,10,222,0,1.16
-67,-26.5,B,2013,8,11,223,0,1.28
-67,-26.5,B,2013,8,12,224,0,1.16
-67,-26.5,B,2013,8,13,225,0.11,1.59
-67,-26.5,B,2013,8,14,226,0.01,1.46
-67,-26.5,B,2013,8,15,227,0,1.22
-67,-26.5,B,2013,8,16,228,0,1.4
-67,-26.5,B,2013,8,17,229,0,1.28
-67,-26.5,B,2013,8,18,230,0,1.1
-67,-26.5,B,2013,8,19,231,0,1.46
-67,-26.5,B,2013,8,20,232,0,1.83
-67,-26.5,B,2013,8,21,233,0,1.53
-67,-26.5,B,2013,8,22,234,0,1.28
-67,-26.5,B,2013,8,23,235,0,1.34
-67,-26.5,B,2013,8,24,236,0,2.38
-67,-26.5,B,2013,8,25,237,0,2.14
-67,-26.5,B,2013,8,26,238,0,1.34
-67,-26.5,B,2013,8,27,239,0,1.46
-67,-26.5,B,2013,8,28,240,0,1.65
-67,-26.5,B,2013,8,29,241,0,1.89
-67,-26.5,B,2013,8,30,242,0,1.83
-67,-26.5,B,2013,8,31,243,0,1.28
-67,-26.5,B,2013,9,1,244,19.98,1.71
-67,-26.5,B,2013,9,2,245,0.15,1.89
-67,-26.5,B,2013,9,3,246,0,2.69
-67,-26.5,B,2013,9,4,247,0,2.01
-67,-26.5,B,2013,9,5,248,0,1.59
-67,-26.5,B,2013,9,6,249,0,3.23
-67,-26.5,B,2013,9,7,250,0,3.3
-67,-26.5,B,2013,9,8,251,0,4.09
-67,-26.5,B,2013,9,9,252,0,3.23
-67,-26.5,B,2013,9,10,253,0,2.62
-67,-26.5,B,2013,9,11,254,0,3.05
-67,-26.5,B,2013,9,12,255,0.02,2.44
-67,-26.5,B,2013,9,13,256,0.1,2.5
-67,-26.5,B,2013,9,14,257,0.07,1.34
-67,-26.5,B,2013,9,15,258,1.06,1.28
-67,-26.5,B,2013,9,16,259,4.92,1.04
-67,-26.5,B,2013,9,17,260,0.68,0.98
-67,-26.5,B,2013,9,18,261,0.01,1.22
-67,-26.5,B,2013,9,19,262,0,1.22
-67,-26.5,B,2013,9,20,263,0,1.53
-67,-26.5,B,2013,9,21,264,0,1.95
-67,-26.5,B,2013,9,22,265,0,1.22
-67,-26.5,B,2013,9,23,266,0,1.34
-67,-26.5,B,2013,9,24,267,0,1.28
-67,-26.5,B,2013,9,25,268,0.06,1.77
-67,-26.5,B,2013,9,26,269,0.07,2.38
-67,-26.5,B,2013,9,27,270,0,2.75
-67,-26.5,B,2013,9,28,271,0,1.16
-67,-26.5,B,2013,9,29,272,0,1.4
-67,-26.5,B,2013,9,30,273,0,1.28
-67,-26.5,B,2013,10,1,274,0,1.28
-67,-26.5,B,2013,10,2,275,0,1.46
-67,-26.5,B,2013,10,3,276,0,1.28
-67,-26.5,B,2013,10,4,277,0,1.77
-67,-26.5,B,2013,10,5,278,0,2.08
-67,-26.5,B,2013,10,6,279,0,2.62
-67,-26.5,B,2013,10,7,280,0,2.14
-67,-26.5,B,2013,10,8,281,0,1.65
-67,-26.5,B,2013,10,9,282,2.51,2.26
-67,-26.5,B,2013,10,10,283,0.01,2.62
-67,-26.5,B,2013,10,11,284,1.03,1.83
-67,-26.5,B,2013,10,12,285,4.59,1.65
-67,-26.5,B,2013,10,13,286,0.72,1.71
-67,-26.5,B,2013,10,14,287,1.09,2.2
-67,-26.5,B,2013,10,15,288,3.64,2.87
-67,-26.5,B,2013,10,16,289,2.22,2.26
-67,-26.5,B,2013,10,17,290,3.93,2.93
-67,-26.5,B,2013,10,18,291,0,4.15
-67,-26.5,B,2013,10,19,292,0,2.62
-67,-26.5,B,2013,10,20,293,0,1.4
-67,-26.5,B,2013,10,21,294,0,1.77
-67,-26.5,B,2013,10,22,295,0,1.4
-67,-26.5,B,2013,10,23,296,0,1.95
-67,-26.5,B,2013,10,24,297,0.36,3.48
-67,-26.5,B,2013,10,25,298,0.34,2.08
-67,-26.5,B,2013,10,26,299,0,2.56
-67,-26.5,B,2013,10,27,300,0,3.54
-67,-26.5,B,2013,10,28,301,0,2.56
-67,-26.5,B,2013,10,29,302,0,2.38
-67,-26.5,B,2013,10,30,303,0,2.2
-67,-26.5,B,2013,10,31,304,3.18,1.65
-67,-26.5,B,2013,11,1,305,16.33,2.26
-67,-26.5,B,2013,11,2,306,10.21,2.81
-67,-26.5,B,2013,11,3,307,0,4.03
-67,-26.5,B,2013,11,4,308,0,4.76
-67,-26.5,B,2013,11,5,309,0,5
-67,-26.5,B,2013,11,6,310,0,3.78
-67,-26.5,B,2013,11,7,311,0,3.48
-67,-26.5,B,2013,11,8,312,0,2.08
-67,-26.5,B,2013,11,9,313,0.06,1.22
-67,-26.5,B,2013,11,10,314,2.88,1.34
-67,-26.5,B,2013,11,11,315,0.6,1.83
-67,-26.5,B,2013,11,12,316,0,2.38
-67,-26.5,B,2013,11,13,317,0,3.11
-67,-26.5,B,2013,11,14,318,0,2.26
-67,-26.5,B,2013,11,15,319,0,3.6
-67,-26.5,B,2013,11,16,320,0,3.66
-67,-26.5,B,2013,11,17,321,0,3.3
-67,-26.5,B,2013,11,18,322,0.44,2.75
-67,-26.5,B,2013,11,19,323,1.34,2.5
-67,-26.5,B,2013,11,20,324,0.64,2.5
-67,-26.5,B,2013,11,21,325,0.26,4.27
-67,-26.5,B,2013,11,22,326,0,4.7
-67,-26.5,B,2013,11,23,327,0,5.37
-67,-26.5,B,2013,11,24,328,1.65,3.3
-67,-26.5,B,2013,11,25,329,3.98,4.09
-67,-26.5,B,2013,11,26,330,2.55,2.99
-67,-26.5,B,2013,11,27,331,0.03,2.5
-67,-26.5,B,2013,11,28,332,1.14,2.32
-67,-26.5,B,2013,11,29,333,0,2.81
-67,-26.5,B,2013,11,30,334,0.12,3.05
-67,-26.5,B,2013,12,1,335,0,2.69
-67,-26.5,B,2013,12,2,336,0.02,5.68
-67,-26.5,B,2013,12,3,337,2,7.81
-67,-26.5,B,2013,12,4,338,0.07,6.29
-67,-26.5,B,2013,12,5,339,23.12,6.65
-67,-26.5,B,2013,12,6,340,0.03,7.14
-67,-26.5,B,2013,12,7,341,0,6.77
-67,-26.5,B,2013,12,8,342,0.39,5.37
-67,-26.5,B,2013,12,9,343,17.38,4.64
-67,-26.5,B,2013,12,10,344,1.29,6.59
-67,-26.5,B,2013,12,11,345,0.85,6.29
-67,-26.5,B,2013,12,12,346,1.61,5.92
-67,-26.5,B,2013,12,13,347,1.6,5.13
-67,-26.5,B,2013,12,14,348,7.76,5.86
-67,-26.5,B,2013,12,15,349,8.08,6.41
-67,-26.5,B,2013,12,16,350,2.06,7.57
-67,-26.5,B,2013,12,17,351,34.8,7.69
-67,-26.5,B,2013,12,18,352,11.54,6.59
-67,-26.5,B,2013,12,19,353,16.57,7.75
-67,-26.5,B,2013,12,20,354,4.93,6.9
-67,-26.5,B,2013,12,21,355,1.14,7.69
-67,-26.5,B,2013,12,22,356,0.03,7.39
-67,-26.5,B,2013,12,23,357,0.2,7.2
-67,-26.5,B,2013,12,24,358,0.03,8.42
-67,-26.5,B,2013,12,25,359,0,8.06
-67,-26.5,B,2013,12,26,360,0,7.26
-67,-26.5,B,2013,12,27,361,0.1,7.2
-67,-26.5,B,2013,12,28,362,0,7.57
-67,-26.5,B,2013,12,29,363,0,7.14
-67,-26.5,B,2013,12,30,364,0.19,8.24
-67,-26.5,B,2013,12,31,365,4.02,8.48
-67,-26.5,B,2014,1,1,1,0.12,7.02
-67,-26.5,B,2014,1,2,2,22.02,7.69
-67,-26.5,B,2014,1,3,3,6.16,7.57
-67,-26.5,B,2014,1,4,4,0.23,7.08
-67,-26.5,B,2014,1,5,5,0,5.98
-67,-26.5,B,2014,1,6,6,0,6.41
-67,-26.5,B,2014,1,7,7,0,7.63
-67,-26.5,B,2014,1,8,8,0.47,7.32
-67,-26.5,B,2014,1,9,9,0.07,6.29
-67,-26.5,B,2014,1,10,10,5.17,8
-67,-26.5,B,2014,1,11,11,31.74,7.69
-67,-26.5,B,2014,1,12,12,3.56,6.96
-67,-26.5,B,2014,1,13,13,0.05,6.41
-67,-26.5,B,2014,1,14,14,0.06,6.65
-67,-26.5,B,2014,1,15,15,0.04,7.02
-67,-26.5,B,2014,1,16,16,0,6.59
-67,-26.5,B,2014,1,17,17,0.02,7.02
-67,-26.5,B,2014,1,18,18,13.02,6.71
-67,-26.5,B,2014,1,19,19,3.36,7.39
-67,-26.5,B,2014,1,20,20,0,7.93
-67,-26.5,B,2014,1,21,21,0,8
-67,-26.5,B,2014,1,22,22,0,7.57
-67,-26.5,B,2014,1,23,23,0.29,8.12
-67,-26.5,B,2014,1,24,24,25.25,7.93
-67,-26.5,B,2014,1,25,25,1.99,6.77
-67,-26.5,B,2014,1,26,26,0,6.65
-67,-26.5,B,2014,1,27,27,0.01,5.43
-67,-26.5,B,2014,1,28,28,15.27,6.04
-67,-26.5,B,2014,1,29,29,15.59,6.9
-67,-26.5,B,2014,1,30,30,0.55,6.53
-67,-26.5,B,2014,1,31,31,0,4.82
-67,-26.5,B,2014,2,1,32,1.85,5.8
-67,-26.5,B,2014,2,2,33,0.25,8.06
-67,-26.5,B,2014,2,3,34,1.28,7.75
-67,-26.5,B,2014,2,4,35,0.36,7.14
-67,-26.5,B,2014,2,5,36,2.84,7.75
-67,-26.5,B,2014,2,6,37,3.63,8.06
-67,-26.5,B,2014,2,7,38,0.02,7.87
-67,-26.5,B,2014,2,8,39,0,7.81
-67,-26.5,B,2014,2,9,40,23.26,8.06
-67,-26.5,B,2014,2,10,41,4.63,7.69
-67,-26.5,B,2014,2,11,42,0.72,7.45
-67,-26.5,B,2014,2,12,43,12.03,7.02
-67,-26.5,B,2014,2,13,44,4.09,6.65
-67,-26.5,B,2014,2,14,45,2.31,5.86
-67,-26.5,B,2014,2,15,46,5.83,4.33
-67,-26.5,B,2014,2,16,47,4.84,4.09
-67,-26.5,B,2014,2,17,48,3.04,4.88
-67,-26.5,B,2014,2,18,49,2.99,4.21
-67,-26.5,B,2014,2,19,50,2.85,4.46
-67,-26.5,B,2014,2,20,51,1.16,4.76
-67,-26.5,B,2014,2,21,52,32.62,5
-67,-26.5,B,2014,2,22,53,21.68,6.84
-67,-26.5,B,2014,2,23,54,2.03,5.43
-67,-26.5,B,2014,2,24,55,2.87,3.91
-67,-26.5,B,2014,2,25,56,9.27,3.72
-67,-26.5,B,2014,2,26,57,4.9,4.03
-67,-26.5,B,2014,2,27,58,0.2,4.58
-67,-26.5,B,2014,2,28,59,0,5.13
-67,-26.5,B,2014,3,1,60,3.64,3.6
-67,-26.5,B,2014,3,2,61,34.81,3.6
-67,-26.5,B,2014,3,3,62,0.02,3.66
-67,-26.5,B,2014,3,4,63,0,3.97
-67,-26.5,B,2014,3,5,64,7.68,4.21
-67,-26.5,B,2014,3,6,65,17.04,5.49
-67,-26.5,B,2014,3,7,66,0,7.14
-67,-26.5,B,2014,3,8,67,0,6.29
-67,-26.5,B,2014,3,9,68,5.89,5.31
-67,-26.5,B,2014,3,10,69,2.32,5.37
-67,-26.5,B,2014,3,11,70,1.19,5.07
-67,-26.5,B,2014,3,12,71,0.06,5.43
-67,-26.5,B,2014,3,13,72,0.15,5.07
-67,-26.5,B,2014,3,14,73,0.1,3.78
-67,-26.5,B,2014,3,15,74,0.97,3.36
-67,-26.5,B,2014,3,16,75,0,3.48
-67,-26.5,B,2014,3,17,76,10.87,5.07
-67,-26.5,B,2014,3,18,77,3.39,5.37
-67,-26.5,B,2014,3,19,78,3.46,3.78
-67,-26.5,B,2014,3,20,79,0,3.23
-67,-26.5,B,2014,3,21,80,1.01,4.58
-67,-26.5,B,2014,3,22,81,0.47,6.35
-67,-26.5,B,2014,3,23,82,0,6.23
-67,-26.5,B,2014,3,24,83,0,5.92
-67,-26.5,B,2014,3,25,84,1.91,6.1
-67,-26.5,B,2014,3,26,85,0.02,4.64
-67,-26.5,B,2014,3,27,86,0.01,4.21
-67,-26.5,B,2014,3,28,87,0.06,5.13
-67,-26.5,B,2014,3,29,88,3.54,4.82
-67,-26.5,B,2014,3,30,89,3.77,3.3
-67,-26.5,B,2014,3,31,90,5.06,2.62
-67,-26.5,B,2014,4,1,91,0.87,3.3
-67,-26.5,B,2014,4,2,92,1.29,3.91
-67,-26.5,B,2014,4,3,93,0.35,3.42
-67,-26.5,B,2014,4,4,94,0.29,4.27
-67,-26.5,B,2014,4,5,95,0.79,5.98
-67,-26.5,B,2014,4,6,96,0.94,6.29
-67,-26.5,B,2014,4,7,97,0.68,4.21
-67,-26.5,B,2014,4,8,98,3.81,3.23
-67,-26.5,B,2014,4,9,99,0,3.11
-67,-26.5,B,2014,4,10,100,1.38,3.36
-67,-26.5,B,2014,4,11,101,2.2,3.23
-67,-26.5,B,2014,4,12,102,0.74,3.23
-67,-26.5,B,2014,4,13,103,0.69,3.48
-67,-26.5,B,2014,4,14,104,0,3.42
-67,-26.5,B,2014,4,15,105,0,3.3
-67,-26.5,B,2014,4,16,106,0,2.93
-67,-26.5,B,2014,4,17,107,0.1,3.11
-67,-26.5,B,2014,4,18,108,0.13,2.56
-67,-26.5,B,2014,4,19,109,0.06,2.87
-67,-26.5,B,2014,4,20,110,0,2.87
-67,-26.5,B,2014,4,21,111,0.83,3.6
-67,-26.5,B,2014,4,22,112,1.1,4.7
-67,-26.5,B,2014,4,23,113,0.27,4.58
-67,-26.5,B,2014,4,24,114,0,4.39
-67,-26.5,B,2014,4,25,115,0,3.91
-67,-26.5,B,2014,4,26,116,0,2.62
-67,-26.5,B,2014,4,27,117,0,2.69
-67,-26.5,B,2014,4,28,118,0.15,2.69
-67,-26.5,B,2014,4,29,119,1.96,2.5
-67,-26.5,B,2014,4,30,120,0.94,2.38
-67,-26.5,B,2014,5,1,121,0,2.44
-67,-26.5,B,2014,5,2,122,0,2.5
-67,-26.5,B,2014,5,3,123,0,2.5
-67,-26.5,B,2014,5,4,124,0,2.5
-67,-26.5,B,2014,5,5,125,0.8,2.69
-67,-26.5,B,2014,5,6,126,7.57,2.87
-67,-26.5,B,2014,5,7,127,0.02,3.6
-67,-26.5,B,2014,5,8,128,0.29,4.33
-67,-26.5,B,2014,5,9,129,3.11,3.91
-67,-26.5,B,2014,5,10,130,14.56,3.23
-67,-26.5,B,2014,5,11,131,7.45,2.81
-67,-26.5,B,2014,5,12,132,0.09,2.26
-67,-26.5,B,2014,5,13,133,0.06,2.56
-67,-26.5,B,2014,5,14,134,0,2.44
-67,-26.5,B,2014,5,15,135,0.01,2.32
-67,-26.5,B,2014,5,16,136,0,2.26
-67,-26.5,B,2014,5,17,137,0,2.2
-67,-26.5,B,2014,5,18,138,0.6,2.14
-67,-26.5,B,2014,5,19,139,2.02,2.26
-67,-26.5,B,2014,5,20,140,0.02,1.77
-67,-26.5,B,2014,5,21,141,0.17,1.71
-67,-26.5,B,2014,5,22,142,2.75,2.5
-67,-26.5,B,2014,5,23,143,0.22,2.75
-67,-26.5,B,2014,5,24,144,0.16,2.87
-67,-26.5,B,2014,5,25,145,0.06,2.5
-67,-26.5,B,2014,5,26,146,0.07,2.14
-67,-26.5,B,2014,5,27,147,0,2.2
-67,-26.5,B,2014,5,28,148,0,1.89
-67,-26.5,B,2014,5,29,149,0,2.01
-67,-26.5,B,2014,5,30,150,0.01,2.5
-67,-26.5,B,2014,5,31,151,0,1.77
-67,-26.5,B,2014,6,1,152,0,1.53
-67,-26.5,B,2014,6,2,153,0,1.77
-67,-26.5,B,2014,6,3,154,0,1.34
-67,-26.5,B,2014,6,4,155,0,1.22
-67,-26.5,B,2014,6,5,156,0,1.28
-67,-26.5,B,2014,6,6,157,0,1.46
-67,-26.5,B,2014,6,7,158,0.18,1.34
-67,-26.5,B,2014,6,8,159,0,1.34
-67,-26.5,B,2014,6,9,160,0,1.71
-67,-26.5,B,2014,6,10,161,0.1,1.28
-67,-26.5,B,2014,6,11,162,0,1.4
-67,-26.5,B,2014,6,12,163,0.01,1.65
-67,-26.5,B,2014,6,13,164,0,1.65
-67,-26.5,B,2014,6,14,165,0,1.95
-67,-26.5,B,2014,6,15,166,0,2.14
-67,-26.5,B,2014,6,16,167,0,2.5
-67,-26.5,B,2014,6,17,168,0.01,2.2
-67,-26.5,B,2014,6,18,169,0.46,2.14
-67,-26.5,B,2014,6,19,170,0,2.62
-67,-26.5,B,2014,6,20,171,0.01,3.05
-67,-26.5,B,2014,6,21,172,0,2.2
-67,-26.5,B,2014,6,22,173,0,1.71
-67,-26.5,B,2014,6,23,174,0,1.65
-67,-26.5,B,2014,6,24,175,0,1.59
-67,-26.5,B,2014,6,25,176,7.45,1.71
-67,-26.5,B,2014,6,26,177,1.02,1.89
-67,-26.5,B,2014,6,27,178,8.39,2.08
-67,-26.5,B,2014,6,28,179,0,1.59
-67,-26.5,B,2014,6,29,180,0,1.4
-67,-26.5,B,2014,6,30,181,0,1.46
-67,-26.5,B,2014,7,1,182,0,1.46
-67,-26.5,B,2014,7,2,183,0,1.71
-67,-26.5,B,2014,7,3,184,0,1.83
-67,-26.5,B,2014,7,4,185,0.31,2.32
-67,-26.5,B,2014,7,5,186,1.68,1.4
-67,-26.5,B,2014,7,6,187,0,1.4
-67,-26.5,B,2014,7,7,188,0,1.59
-67,-26.5,B,2014,7,8,189,0,1.71
-67,-26.5,B,2014,7,9,190,0,1.46
-67,-26.5,B,2014,7,10,191,0,1.59
-67,-26.5,B,2014,7,11,192,0,1.53
-67,-26.5,B,2014,7,12,193,0,1.65
-67,-26.5,B,2014,7,13,194,0,2.26
-67,-26.5,B,2014,7,14,195,0,2.38
-67,-26.5,B,2014,7,15,196,0,1.77
-67,-26.5,B,2014,7,16,197,0,1.46
-67,-26.5,B,2014,7,17,198,0,1.89
-67,-26.5,B,2014,7,18,199,0,2.08
-67,-26.5,B,2014,7,19,200,0,1.71
-67,-26.5,B,2014,7,20,201,0,1.65
-67,-26.5,B,2014,7,21,202,0,1.46
-67,-26.5,B,2014,7,22,203,0.1,1.89
-67,-26.5,B,2014,7,23,204,0.66,1.46
-67,-26.5,B,2014,7,24,205,0.05,1.4
-67,-26.5,B,2014,7,25,206,0,1.22
-67,-26.5,B,2014,7,26,207,0,1.59
-67,-26.5,B,2014,7,27,208,0,1.77
-67,-26.5,B,2014,7,28,209,0,2.32
-67,-26.5,B,2014,7,29,210,0,2.32
-67,-26.5,B,2014,7,30,211,0,2.08
-67,-26.5,B,2014,7,31,212,0,2.38
-67,-26.5,B,2014,8,1,213,0,1.65
-67,-26.5,B,2014,8,2,214,0,1.89
-67,-26.5,B,2014,8,3,215,0,1.83
-67,-26.5,B,2014,8,4,216,0,1.83
-67,-26.5,B,2014,8,5,217,0.18,1.59
-67,-26.5,B,2014,8,6,218,0,1.53
-67,-26.5,B,2014,8,7,219,0,2.44
-67,-26.5,B,2014,8,8,220,0,2.44
-67,-26.5,B,2014,8,9,221,0,2.08
-67,-26.5,B,2014,8,10,222,0,2.14
-67,-26.5,B,2014,8,11,223,0,1.65
-67,-26.5,B,2014,8,12,224,0.01,1.59
-67,-26.5,B,2014,8,13,225,0.87,1.83
-67,-26.5,B,2014,8,14,226,0.36,2.2
-67,-26.5,B,2014,8,15,227,0,2.44
-67,-26.5,B,2014,8,16,228,0,2.44
-67,-26.5,B,2014,8,17,229,0,3.05
-67,-26.5,B,2014,8,18,230,0,2.32
-67,-26.5,B,2014,8,19,231,0,1.65
-67,-26.5,B,2014,8,20,232,0,1.95
-67,-26.5,B,2014,8,21,233,0,1.77
-67,-26.5,B,2014,8,22,234,0,1.95
-67,-26.5,B,2014,8,23,235,0,1.34
-67,-26.5,B,2014,8,24,236,0,0.98
-67,-26.5,B,2014,8,25,237,0,1.22
-67,-26.5,B,2014,8,26,238,0,1.22
-67,-26.5,B,2014,8,27,239,0,1.59
-67,-26.5,B,2014,8,28,240,0,1.83
-67,-26.5,B,2014,8,29,241,0,1.53
-67,-26.5,B,2014,8,30,242,0,1.53
-67,-26.5,B,2014,8,31,243,0,1.89
-67,-26.5,B,2014,9,1,244,0,1.65
-67,-26.5,B,2014,9,2,245,0,1.89
-67,-26.5,B,2014,9,3,246,1.32,1.59
-67,-26.5,B,2014,9,4,247,5.87,1.95
-67,-26.5,B,2014,9,5,248,0,1.83
-67,-26.5,B,2014,9,6,249,0,1.34
-67,-26.5,B,2014,9,7,250,0,1.59
-67,-26.5,B,2014,9,8,251,0,1.4
-67,-26.5,B,2014,9,9,252,0,1.16
-67,-26.5,B,2014,9,10,253,0,0.98
-67,-26.5,B,2014,9,11,254,0,1.1
-67,-26.5,B,2014,9,12,255,0,2.08
-67,-26.5,B,2014,9,13,256,0.01,2.75
-67,-26.5,B,2014,9,14,257,0,1.89
-67,-26.5,B,2014,9,15,258,0,1.83
-67,-26.5,B,2014,9,16,259,0,1.46
-67,-26.5,B,2014,9,17,260,0,1.83
-67,-26.5,B,2014,9,18,261,0.08,2.32
-67,-26.5,B,2014,9,19,262,0.07,1.77
-67,-26.5,B,2014,9,20,263,0.37,2.08
-67,-26.5,B,2014,9,21,264,0,1.89
-67,-26.5,B,2014,9,22,265,0,1.4
-67,-26.5,B,2014,9,23,266,0,1.4
-67,-26.5,B,2014,9,24,267,0,1.1
-67,-26.5,B,2014,9,25,268,0,1.04
-67,-26.5,B,2014,9,26,269,0,1.1
-67,-26.5,B,2014,9,27,270,0,1.04
-67,-26.5,B,2014,9,28,271,0,1.1
-67,-26.5,B,2014,9,29,272,0,1.22
-67,-26.5,B,2014,9,30,273,0.23,1.46
-67,-26.5,B,2014,10,1,274,1.58,2.5
-67,-26.5,B,2014,10,2,275,0.27,3.48
-67,-26.5,B,2014,10,3,276,0.67,3.42
-67,-26.5,B,2014,10,4,277,4.28,2.26
-67,-26.5,B,2014,10,5,278,5.29,2.01
-67,-26.5,B,2014,10,6,279,0,2.75
-67,-26.5,B,2014,10,7,280,0,2.93
-67,-26.5,B,2014,10,8,281,0,2.08
-67,-26.5,B,2014,10,9,282,3.72,2.56
-67,-26.5,B,2014,10,10,283,0.37,2.75
-67,-26.5,B,2014,10,11,284,0,2.32
-67,-26.5,B,2014,10,12,285,0,2.38
-67,-26.5,B,2014,10,13,286,0,2.44
-67,-26.5,B,2014,10,14,287,0,3.91
-67,-26.5,B,2014,10,15,288,0,3.3
-67,-26.5,B,2014,10,16,289,1.44,4.15
-67,-26.5,B,2014,10,17,290,1.34,3.3
-67,-26.5,B,2014,10,18,291,2.02,2.87
-67,-26.5,B,2014,10,19,292,0.6,2.93
-67,-26.5,B,2014,10,20,293,0.06,4.03
-67,-26.5,B,2014,10,21,294,0,4.15
-67,-26.5,B,2014,10,22,295,0.11,5.49
-67,-26.5,B,2014,10,23,296,2.47,5.31
-67,-26.5,B,2014,10,24,297,0.02,5.49
-67,-26.5,B,2014,10,25,298,0,5
-67,-26.5,B,2014,10,26,299,7.55,5.13
-67,-26.5,B,2014,10,27,300,0.07,4.58
-67,-26.5,B,2014,10,28,301,0.01,5.43
-67,-26.5,B,2014,10,29,302,0.22,2.99
-67,-26.5,B,2014,10,30,303,0.35,2.01
-67,-26.5,B,2014,10,31,304,3.31,1.95
-67,-26.5,B,2014,11,1,305,8.73,2.93
-67,-26.5,B,2014,11,2,306,3.18,2.38
-67,-26.5,B,2014,11,3,307,0.8,1.83
-67,-26.5,B,2014,11,4,308,0.66,1.77
-67,-26.5,B,2014,11,5,309,0,1.28
-67,-26.5,B,2014,11,6,310,0,1.59
-67,-26.5,B,2014,11,7,311,0.25,2.87
-67,-26.5,B,2014,11,8,312,0.34,3.11
-67,-26.5,B,2014,11,9,313,0,3.54
-67,-26.5,B,2014,11,10,314,6.22,2.69
-67,-26.5,B,2014,11,11,315,0.24,2.08
-67,-26.5,B,2014,11,12,316,5.03,2.99
-67,-26.5,B,2014,11,13,317,5.56,4.21
-67,-26.5,B,2014,11,14,318,0,2.75
-67,-26.5,B,2014,11,15,319,0,3.3
-67,-26.5,B,2014,11,16,320,0,5.13
-67,-26.5,B,2014,11,17,321,0,4.64
-67,-26.5,B,2014,11,18,322,0,3.17
-67,-26.5,B,2014,11,19,323,3.55,4.27
-67,-26.5,B,2014,11,20,324,5.5,2.69
-67,-26.5,B,2014,11,21,325,5.54,2.44
-67,-26.5,B,2014,11,22,326,0.35,2.99
-67,-26.5,B,2014,11,23,327,0,3.48
-67,-26.5,B,2014,11,24,328,4.47,3.23
-67,-26.5,B,2014,11,25,329,1.64,3.05
-67,-26.5,B,2014,11,26,330,0.27,3.17
-67,-26.5,B,2014,11,27,331,0.75,4.33
-67,-26.5,B,2014,11,28,332,0.06,4.46
-67,-26.5,B,2014,11,29,333,3.67,2.56
-67,-26.5,B,2014,11,30,334,5.19,2.62
-67,-26.5,B,2014,12,1,335,0.04,2.5
-67,-26.5,B,2014,12,2,336,0,2.38
-67,-26.5,B,2014,12,3,337,0,2.81
-67,-26.5,B,2014,12,4,338,0,4.15
-67,-26.5,B,2014,12,5,339,0,4.58
-67,-26.5,B,2014,12,6,340,0,5
-67,-26.5,B,2014,12,7,341,15.54,6.96
-67,-26.5,B,2014,12,8,342,0.4,6.71
-67,-26.5,B,2014,12,9,343,0.71,5.74
-67,-26.5,B,2014,12,10,344,19.33,6.96
-67,-26.5,B,2014,12,11,345,0.72,5.62
-67,-26.5,B,2014,12,12,346,0.2,4.33
-67,-26.5,B,2014,12,13,347,10.53,4.94
-67,-26.5,B,2014,12,14,348,13.7,4.76
-67,-26.5,B,2014,12,15,349,13.07,3.42
-67,-26.5,B,2014,12,16,350,3.48,3.48
-67,-26.5,B,2014,12,17,351,1.36,4.09
-67,-26.5,B,2014,12,18,352,0.05,5.13
-67,-26.5,B,2014,12,19,353,0.21,4.39
-67,-26.5,B,2014,12,20,354,0,2.32
-67,-26.5,B,2014,12,21,355,9.96,2.44
-67,-26.5,B,2014,12,22,356,2.01,3.3
-67,-26.5,B,2014,12,23,357,0.22,4.39
-67,-26.5,B,2014,12,24,358,0,3.42
-67,-26.5,B,2014,12,25,359,0,3.54
-67,-26.5,B,2014,12,26,360,0,3.85
-67,-26.5,B,2014,12,27,361,0.38,4.15
-67,-26.5,B,2014,12,28,362,8.77,4.58
-67,-26.5,B,2014,12,29,363,4.14,6.9
-67,-26.5,B,2014,12,30,364,0.33,6.35
-67,-26.5,B,2014,12,31,365,1.15,4.03
-67,-26.5,B,2015,1,1,1,20.95,4.33
-67,-26.5,B,2015,1,2,2,0.51,4.21
-67,-26.5,B,2015,1,3,3,1.55,4.52
-67,-26.5,B,2015,1,4,4,0.24,6.71
-67,-26.5,B,2015,1,5,5,0,7.08
-67,-26.5,B,2015,1,6,6,0.96,6.65
-67,-26.5,B,2015,1,7,7,2.66,7.63
-67,-26.5,B,2015,1,8,8,0.53,6.35
-67,-26.5,B,2015,1,9,9,0,7.75
-67,-26.5,B,2015,1,10,10,4.12,7.45
-67,-26.5,B,2015,1,11,11,1.1,7.39
-67,-26.5,B,2015,1,12,12,0.33,6.41
-67,-26.5,B,2015,1,13,13,0,5.19
-67,-26.5,B,2015,1,14,14,13.02,7.2
-67,-26.5,B,2015,1,15,15,5.1,6.9
-67,-26.5,B,2015,1,16,16,0.32,7.02
-67,-26.5,B,2015,1,17,17,3.17,7.32
-67,-26.5,B,2015,1,18,18,0.26,7.14
-67,-26.5,B,2015,1,19,19,41.64,8.06
-67,-26.5,B,2015,1,20,20,67.18,7.87
-67,-26.5,B,2015,1,21,21,0.19,7.87
-67,-26.5,B,2015,1,22,22,0.06,6.59
-67,-26.5,B,2015,1,23,23,0,8.79
-67,-26.5,B,2015,1,24,24,0.14,8
-67,-26.5,B,2015,1,25,25,0.02,7.69
-67,-26.5,B,2015,1,26,26,21.05,7.51
-67,-26.5,B,2015,1,27,27,5.84,7.26
-67,-26.5,B,2015,1,28,28,15.45,7.51
-67,-26.5,B,2015,1,29,29,5.19,8.12
-67,-26.5,B,2015,1,30,30,1.54,8.06
-67,-26.5,B,2015,1,31,31,0.04,8.3
-67,-26.5,B,2015,2,1,32,0,8.36
-67,-26.5,B,2015,2,2,33,0.02,8.54
-67,-26.5,B,2015,2,3,34,0,8.54
-67,-26.5,B,2015,2,4,35,15.65,9.28
-67,-26.5,B,2015,2,5,36,8.66,8.36
-67,-26.5,B,2015,2,6,37,0.51,7.45
-67,-26.5,B,2015,2,7,38,0.6,8
-67,-26.5,B,2015,2,8,39,9.08,7.2
-67,-26.5,B,2015,2,9,40,7.38,7.26
-67,-26.5,B,2015,2,10,41,14.98,7.02
-67,-26.5,B,2015,2,11,42,0.63,6.71
-67,-26.5,B,2015,2,12,43,2.57,7.81
-67,-26.5,B,2015,2,13,44,0.74,8
-67,-26.5,B,2015,2,14,45,0.17,8.24
-67,-26.5,B,2015,2,15,46,8.09,8.97
-67,-26.5,B,2015,2,16,47,8.42,8.24
-67,-26.5,B,2015,2,17,48,1.86,7.45
-67,-26.5,B,2015,2,18,49,9.2,5.13
-67,-26.5,B,2015,2,19,50,3.03,4.15
-67,-26.5,B,2015,2,20,51,0.69,3.6
-67,-26.5,B,2015,2,21,52,1.32,4.09
-67,-26.5,B,2015,2,22,53,0.47,5.07
-67,-26.5,B,2015,2,23,54,1.4,7.14
-67,-26.5,B,2015,2,24,55,0.46,7.02
-67,-26.5,B,2015,2,25,56,43.84,5.8
-67,-26.5,B,2015,2,26,57,17.78,6.16
-67,-26.5,B,2015,2,27,58,13.77,6.16
-67,-26.5,B,2015,2,28,59,4.36,6.1
-67,-26.5,B,2015,3,1,60,0.36,5.07
-67,-26.5,B,2015,3,2,61,1.04,5.86
-67,-26.5,B,2015,3,3,62,11.95,6.16
-67,-26.5,B,2015,3,4,63,7.06,7.87
-67,-26.5,B,2015,3,5,64,2.87,8.24
-67,-26.5,B,2015,3,6,65,17.64,8.97
-67,-26.5,B,2015,3,7,66,7.61,9.64
-67,-26.5,B,2015,3,8,67,1.57,9.52
-67,-26.5,B,2015,3,9,68,0.11,9.83
-67,-26.5,B,2015,3,10,69,0,9.28
-67,-26.5,B,2015,3,11,70,0,9.34
-67,-26.5,B,2015,3,12,71,0,7.69
-67,-26.5,B,2015,3,13,72,0.17,9.22
-67,-26.5,B,2015,3,14,73,11.89,9.4
-67,-26.5,B,2015,3,15,74,4.59,8.54
-67,-26.5,B,2015,3,16,75,0.88,8.61
-67,-26.5,B,2015,3,17,76,4.43,8.91
-67,-26.5,B,2015,3,18,77,1.37,8.36
-67,-26.5,B,2015,3,19,78,0,7.87
-67,-26.5,B,2015,3,20,79,7.94,7.2
-67,-26.5,B,2015,3,21,80,2.86,6.53
-67,-26.5,B,2015,3,22,81,0.45,6.53
-67,-26.5,B,2015,3,23,82,0.33,6.1
-67,-26.5,B,2015,3,24,83,11.93,5.92
-67,-26.5,B,2015,3,25,84,10.43,5.74
-67,-26.5,B,2015,3,26,85,1.9,4.64
-67,-26.5,B,2015,3,27,86,0.16,3.66
-67,-26.5,B,2015,3,28,87,0,3.42
-67,-26.5,B,2015,3,29,88,0,3.85
-67,-26.5,B,2015,3,30,89,6.59,3.78
-67,-26.5,B,2015,3,31,90,9.49,4.58
-67,-26.5,B,2015,4,1,91,0.08,4.58
-67,-26.5,B,2015,4,2,92,0,5.13
-67,-26.5,B,2015,4,3,93,0.21,4.33
-67,-26.5,B,2015,4,4,94,0.01,2.99
-67,-26.5,B,2015,4,5,95,0,3.72
-67,-26.5,B,2015,4,6,96,0,4.76
-67,-26.5,B,2015,4,7,97,0,3.54
-67,-26.5,B,2015,4,8,98,0,3.66
-67,-26.5,B,2015,4,9,99,0,4.64
-67,-26.5,B,2015,4,10,100,0,6.04
-67,-26.5,B,2015,4,11,101,0.02,6.53
-67,-26.5,B,2015,4,12,102,4.24,5.92
-67,-26.5,B,2015,4,13,103,0.77,4.03
-67,-26.5,B,2015,4,14,104,0.24,3.48
-67,-26.5,B,2015,4,15,105,0.53,3.54
-67,-26.5,B,2015,4,16,106,0.25,2.99
-67,-26.5,B,2015,4,17,107,0.55,3.48
-67,-26.5,B,2015,4,18,108,0.02,4.03
-67,-26.5,B,2015,4,19,109,0,2.93
-67,-26.5,B,2015,4,20,110,1.02,2.93
-67,-26.5,B,2015,4,21,111,5.89,2.99
-67,-26.5,B,2015,4,22,112,3.13,3.11
-67,-26.5,B,2015,4,23,113,0.06,2.99
-67,-26.5,B,2015,4,24,114,0,3.42
-67,-26.5,B,2015,4,25,115,0.04,5
-67,-26.5,B,2015,4,26,116,0.02,4.82
-67,-26.5,B,2015,4,27,117,1.22,4.52
-67,-26.5,B,2015,4,28,118,5.46,5.07
-67,-26.5,B,2015,4,29,119,0.2,4.46
-67,-26.5,B,2015,4,30,120,0.49,4.82
-67,-26.5,B,2015,5,1,121,0.07,3.11
-67,-26.5,B,2015,5,2,122,2.06,2.75
-67,-26.5,B,2015,5,3,123,1.43,2.56
-67,-26.5,B,2015,5,4,124,0,2.44
-67,-26.5,B,2015,5,5,125,0,2.38
-67,-26.5,B,2015,5,6,126,0,3.11
-67,-26.5,B,2015,5,7,127,0,3.36
-67,-26.5,B,2015,5,8,128,0,2.69
-67,-26.5,B,2015,5,9,129,0,2.93
-67,-26.5,B,2015,5,10,130,0,2.75
-67,-26.5,B,2015,5,11,131,0.01,2.93
-67,-26.5,B,2015,5,12,132,0.1,2.75
-67,-26.5,B,2015,5,13,133,0.11,2.93
-67,-26.5,B,2015,5,14,134,0,2.75
-67,-26.5,B,2015,5,15,135,0,2.62
-67,-26.5,B,2015,5,16,136,0,2.38
-67,-26.5,B,2015,5,17,137,0,2.14
-67,-26.5,B,2015,5,18,138,0,2.5
-67,-26.5,B,2015,5,19,139,0,2.69
-67,-26.5,B,2015,5,20,140,0,2.56
-67,-26.5,B,2015,5,21,141,0,2.44
-67,-26.5,B,2015,5,22,142,0,3.3
-67,-26.5,B,2015,5,23,143,0.26,2.93
-67,-26.5,B,2015,5,24,144,2.14,3.17
-67,-26.5,B,2015,5,25,145,1.74,3.3
-67,-26.5,B,2015,5,26,146,2.37,4.09
-67,-26.5,B,2015,5,27,147,0.01,3.05
-67,-26.5,B,2015,5,28,148,0,2.44
-67,-26.5,B,2015,5,29,149,0,2.26
-67,-26.5,B,2015,5,30,150,0,2.01
-67,-26.5,B,2015,5,31,151,0,1.83
-67,-26.5,B,2015,6,1,152,0,1.83
-67,-26.5,B,2015,6,2,153,0,2.08
-67,-26.5,B,2015,6,3,154,0,2.44
-67,-26.5,B,2015,6,4,155,0,2.69
-67,-26.5,B,2015,6,5,156,0,2.5
-67,-26.5,B,2015,6,6,157,0,2.38
-67,-26.5,B,2015,6,7,158,0,2.38
-67,-26.5,B,2015,6,8,159,0,2.14
-67,-26.5,B,2015,6,9,160,0,2.14
-67,-26.5,B,2015,6,10,161,1.09,2.01
-67,-26.5,B,2015,6,11,162,1.04,2.44
-67,-26.5,B,2015,6,12,163,0,1.83
-67,-26.5,B,2015,6,13,164,0,1.71
-67,-26.5,B,2015,6,14,165,0,1.89
-67,-26.5,B,2015,6,15,166,0,1.89
-67,-26.5,B,2015,6,16,167,0,1.53
-67,-26.5,B,2015,6,17,168,0,2.01
-67,-26.5,B,2015,6,18,169,0,1.89
-67,-26.5,B,2015,6,19,170,0,2.14
-67,-26.5,B,2015,6,20,171,0,2.44
-67,-26.5,B,2015,6,21,172,0,2.5
-67,-26.5,B,2015,6,22,173,0,2.26
-67,-26.5,B,2015,6,23,174,0,2.38
-67,-26.5,B,2015,6,24,175,0,2.26
-67,-26.5,B,2015,6,25,176,0.01,1.83
-67,-26.5,B,2015,6,26,177,0.03,2.14
-67,-26.5,B,2015,6,27,178,0.01,2.14
-67,-26.5,B,2015,6,28,179,0,2.38
-67,-26.5,B,2015,6,29,180,0,1.89
-67,-26.5,B,2015,6,30,181,0,1.71
-67,-26.5,B,2015,7,1,182,0,1.65
-67,-26.5,B,2015,7,2,183,0,2.01
-67,-26.5,B,2015,7,3,184,3.5,2.44
-67,-26.5,B,2015,7,4,185,3.16,2.26
-67,-26.5,B,2015,7,5,186,0.29,2.32
-67,-26.5,B,2015,7,6,187,0,2.75
-67,-26.5,B,2015,7,7,188,0,2.56
-67,-26.5,B,2015,7,8,189,0,2.2
-67,-26.5,B,2015,7,9,190,0,1.59
-67,-26.5,B,2015,7,10,191,0,1.59
-67,-26.5,B,2015,7,11,192,0,1.65
-67,-26.5,B,2015,7,12,193,0,1.34
-67,-26.5,B,2015,7,13,194,0.48,1.71
-67,-26.5,B,2015,7,14,195,0.64,1.77
-67,-26.5,B,2015,7,15,196,0.25,1.16
-67,-26.5,B,2015,7,16,197,0,1.53
-67,-26.5,B,2015,7,17,198,0,1.77
-67,-26.5,B,2015,7,18,199,0,1.53
-67,-26.5,B,2015,7,19,200,0,1.34
-67,-26.5,B,2015,7,20,201,0.12,1.65
-67,-26.5,B,2015,7,21,202,0.67,1.65
-67,-26.5,B,2015,7,22,203,0,2.32
-67,-26.5,B,2015,7,23,204,0,2.26
-67,-26.5,B,2015,7,24,205,0,1.83
-67,-26.5,B,2015,7,25,206,0,1.59
-67,-26.5,B,2015,7,26,207,0,1.89
-67,-26.5,B,2015,7,27,208,0,1.65
-67,-26.5,B,2015,7,28,209,0,1.77
-67,-26.5,B,2015,7,29,210,0,1.89
-67,-26.5,B,2015,7,30,211,0,1.4
-67,-26.5,B,2015,7,31,212,0,1.4
-67,-26.5,B,2015,8,1,213,0,1.4
-67,-26.5,B,2015,8,2,214,0,1.59
-67,-26.5,B,2015,8,3,215,0,2.38
-67,-26.5,B,2015,8,4,216,0.3,1.77
-67,-26.5,B,2015,8,5,217,0.39,2.75
-67,-26.5,B,2015,8,6,218,0,2.44
-67,-26.5,B,2015,8,7,219,0,2.26
-67,-26.5,B,2015,8,8,220,0.29,2.56
-67,-26.5,B,2015,8,9,221,13.08,2.44
-67,-26.5,B,2015,8,10,222,1.25,1.53
-67,-26.5,B,2015,8,11,223,2.95,1.77
-67,-26.5,B,2015,8,12,224,4.83,1.89
-67,-26.5,B,2015,8,13,225,3.23,1.4
-67,-26.5,B,2015,8,14,226,2.66,1.71
-67,-26.5,B,2015,8,15,227,0.84,1.59
-67,-26.5,B,2015,8,16,228,27.19,2.2
-67,-26.5,B,2015,8,17,229,0,1.34
-67,-26.5,B,2015,8,18,230,0,1.95
-67,-26.5,B,2015,8,19,231,0,2.75
-67,-26.5,B,2015,8,20,232,0,2.81
-67,-26.5,B,2015,8,21,233,0,2.08
-67,-26.5,B,2015,8,22,234,0,2.56
-67,-26.5,B,2015,8,23,235,0,2.62
-67,-26.5,B,2015,8,24,236,0,2.5
-67,-26.5,B,2015,8,25,237,0,1.89
-67,-26.5,B,2015,8,26,238,0,1.77
-67,-26.5,B,2015,8,27,239,0,2.08
-67,-26.5,B,2015,8,28,240,0,3.11
-67,-26.5,B,2015,8,29,241,0,3.11
-67,-26.5,B,2015,8,30,242,0,2.69
-67,-26.5,B,2015,8,31,243,0,3.36
-67,-26.5,B,2015,9,1,244,0,4.39
-67,-26.5,B,2015,9,2,245,0,3.48
-67,-26.5,B,2015,9,3,246,0,3.6
-67,-26.5,B,2015,9,4,247,0,2.93
-67,-26.5,B,2015,9,5,248,0,2.93
-67,-26.5,B,2015,9,6,249,0,2.44
-67,-26.5,B,2015,9,7,250,0,2.01
-67,-26.5,B,2015,9,8,251,0,1.46
-67,-26.5,B,2015,9,9,252,0,1.59
-67,-26.5,B,2015,9,10,253,0,1.83
-67,-26.5,B,2015,9,11,254,0,1.83
-67,-26.5,B,2015,9,12,255,0,1.59
-67,-26.5,B,2015,9,13,256,0,1.65
-67,-26.5,B,2015,9,14,257,0,1.53
-67,-26.5,B,2015,9,15,258,0,1.4
-67,-26.5,B,2015,9,16,259,0,1.65
-67,-26.5,B,2015,9,17,260,0,2.01
-67,-26.5,B,2015,9,18,261,0,2.01
-67,-26.5,B,2015,9,19,262,0,2.14
-67,-26.5,B,2015,9,20,263,0,2.08
-67,-26.5,B,2015,9,21,264,0.67,2.32
-67,-26.5,B,2015,9,22,265,3.19,1.83
-67,-26.5,B,2015,9,23,266,2.85,1.83
-67,-26.5,B,2015,9,24,267,1.2,1.28
-67,-26.5,B,2015,9,25,268,0.02,1.28
-67,-26.5,B,2015,9,26,269,0.01,1.4
-67,-26.5,B,2015,9,27,270,0,1.89
-67,-26.5,B,2015,9,28,271,0,2.44
-67,-26.5,B,2015,9,29,272,1.33,3.36
-67,-26.5,B,2015,9,30,273,0.05,2.56
-67,-26.5,B,2015,10,1,274,0,2.2
-67,-26.5,B,2015,10,2,275,0,2.26
-67,-26.5,B,2015,10,3,276,0,2.01
-67,-26.5,B,2015,10,4,277,0,1.59
-67,-26.5,B,2015,10,5,278,0,1.4
-67,-26.5,B,2015,10,6,279,0,1.28
-67,-26.5,B,2015,10,7,280,0,1.34
-67,-26.5,B,2015,10,8,281,0.32,2.01
-67,-26.5,B,2015,10,9,282,2.19,2.56
-67,-26.5,B,2015,10,10,283,0.56,2.62
-67,-26.5,B,2015,10,11,284,0.16,2.56
-67,-26.5,B,2015,10,12,285,0,1.4
-67,-26.5,B,2015,10,13,286,0,1.34
-67,-26.5,B,2015,10,14,287,0,1.16
-67,-26.5,B,2015,10,15,288,0,0.92
-67,-26.5,B,2015,10,16,289,0,1.53
-67,-26.5,B,2015,10,17,290,0,2.75
-67,-26.5,B,2015,10,18,291,0.02,5
-67,-26.5,B,2015,10,19,292,0,3.66
-67,-26.5,B,2015,10,20,293,0.21,2.93
-67,-26.5,B,2015,10,21,294,1.4,2.99
-67,-26.5,B,2015,10,22,295,0,2.08
-67,-26.5,B,2015,10,23,296,0,2.75
-67,-26.5,B,2015,10,24,297,0,2.75
-67,-26.5,B,2015,10,25,298,0,2.14
-67,-26.5,B,2015,10,26,299,0.02,1.95
-67,-26.5,B,2015,10,27,300,1.54,2.62
-67,-26.5,B,2015,10,28,301,0.05,2.32
-67,-26.5,B,2015,10,29,302,7.38,2.26
-67,-26.5,B,2015,10,30,303,1.21,2.75
-67,-26.5,B,2015,10,31,304,8.92,3.42
-67,-26.5,B,2015,11,1,305,19.79,3.23
-67,-26.5,B,2015,11,2,306,5.34,2.38
-67,-26.5,B,2015,11,3,307,16.69,2.14
-67,-26.5,B,2015,11,4,308,12.78,2.26
-67,-26.5,B,2015,11,5,309,2.98,2.44
-67,-26.5,B,2015,11,6,310,0.83,2.32
-67,-26.5,B,2015,11,7,311,0,1.71
-67,-26.5,B,2015,11,8,312,0,2.08
-67,-26.5,B,2015,11,9,313,0.4,1.83
-67,-26.5,B,2015,11,10,314,3.32,1.89
-67,-26.5,B,2015,11,11,315,1.89,2.01
-67,-26.5,B,2015,11,12,316,0.42,1.89
-67,-26.5,B,2015,11,13,317,0,2.87
-67,-26.5,B,2015,11,14,318,0,3.3
-67,-26.5,B,2015,11,15,319,0,3.05
-67,-26.5,B,2015,11,16,320,0.82,2.38
-67,-26.5,B,2015,11,17,321,1.1,2.2
-67,-26.5,B,2015,11,18,322,0.58,1.95
-67,-26.5,B,2015,11,19,323,2.83,1.95
-67,-26.5,B,2015,11,20,324,2.81,2.08
-67,-26.5,B,2015,11,21,325,0,1.89
-67,-26.5,B,2015,11,22,326,0,1.53
-67,-26.5,B,2015,11,23,327,0,1.53
-67,-26.5,B,2015,11,24,328,0,1.59
-67,-26.5,B,2015,11,25,329,0,3.17
-67,-26.5,B,2015,11,26,330,2.18,3.3
-67,-26.5,B,2015,11,27,331,3.81,2.99
-67,-26.5,B,2015,11,28,332,2.13,2.93
-67,-26.5,B,2015,11,29,333,0.06,3.42
-67,-26.5,B,2015,11,30,334,0,2.62
-67,-26.5,B,2015,12,1,335,0,2.75
-67,-26.5,B,2015,12,2,336,0,2.5
-67,-26.5,B,2015,12,3,337,0.06,2.62
-67,-26.5,B,2015,12,4,338,19.17,3.85
-67,-26.5,B,2015,12,5,339,18.51,5.62
-67,-26.5,B,2015,12,6,340,0.52,5
-67,-26.5,B,2015,12,7,341,0,5.25
-67,-26.5,B,2015,12,8,342,0.98,3.91
-67,-26.5,B,2015,12,9,343,1.22,3.91
-67,-26.5,B,2015,12,10,344,0.05,3.78
-67,-26.5,B,2015,12,11,345,0,2.93
-67,-26.5,B,2015,12,12,346,2.11,2.5
-67,-26.5,B,2015,12,13,347,0.26,2.26
-67,-26.5,B,2015,12,14,348,0.02,2.32
-67,-26.5,B,2015,12,15,349,0.04,3.85
-67,-26.5,B,2015,12,16,350,0,3.36
-67,-26.5,B,2015,12,17,351,5.01,2.69
-67,-26.5,B,2015,12,18,352,14.24,3.48
-67,-26.5,B,2015,12,19,353,6.48,2.87
-67,-26.5,B,2015,12,20,354,0,2.56
-67,-26.5,B,2015,12,21,355,0,2.56
-67,-26.5,B,2015,12,22,356,0,2.75
-67,-26.5,B,2015,12,23,357,17.97,3.91
-67,-26.5,B,2015,12,24,358,26.26,6.41
-67,-26.5,B,2015,12,25,359,0.01,5.98
-67,-26.5,B,2015,12,26,360,0,6.1
-67,-26.5,B,2015,12,27,361,10.17,7.75
-67,-26.5,B,2015,12,28,362,2.7,6.47
-67,-26.5,B,2015,12,29,363,0.31,6.47
-67,-26.5,B,2015,12,30,364,16.15,6.41
-67,-26.5,B,2015,12,31,365,8.27,5.07
-67,-26.5,B,2016,1,1,1,2.03,5
-67,-26.5,B,2016,1,2,2,1.18,5.68
-67,-26.5,B,2016,1,3,3,5.4,5.92
-67,-26.5,B,2016,1,4,4,1.06,5.68
-67,-26.5,B,2016,1,5,5,13.54,6.53
-67,-26.5,B,2016,1,6,6,5.32,6.23
-67,-26.5,B,2016,1,7,7,19.05,5.86
-67,-26.5,B,2016,1,8,8,20.11,5.62
-67,-26.5,B,2016,1,9,9,15.51,7.93
-67,-26.5,B,2016,1,10,10,1.94,8.06
-67,-26.5,B,2016,1,11,11,4.14,8.12
-67,-26.5,B,2016,1,12,12,7.21,6.04
-67,-26.5,B,2016,1,13,13,19.13,8.3
-67,-26.5,B,2016,1,14,14,0.85,6.53
-67,-26.5,B,2016,1,15,15,4.7,7.69
-67,-26.5,B,2016,1,16,16,0.33,7.45
-67,-26.5,B,2016,1,17,17,20.62,8.42
-67,-26.5,B,2016,1,18,18,9.26,6.9
-67,-26.5,B,2016,1,19,19,0,6.71
-67,-26.5,B,2016,1,20,20,0,7.63
-67,-26.5,B,2016,1,21,21,0,8
-67,-26.5,B,2016,1,22,22,0,8.91
-67,-26.5,B,2016,1,23,23,0,9.03
-67,-26.5,B,2016,1,24,24,0,6.1
-67,-26.5,B,2016,1,25,25,0.43,5.62
-67,-26.5,B,2016,1,26,26,0.87,6.04
-67,-26.5,B,2016,1,27,27,0.1,5.98
-67,-26.5,B,2016,1,28,28,0,5.8
-67,-26.5,B,2016,1,29,29,19.83,6.59
-67,-26.5,B,2016,1,30,30,27.7,8.24
-67,-26.5,B,2016,1,31,31,3.11,6.77
-67,-26.5,B,2016,2,1,32,2.19,6.59
-67,-26.5,B,2016,2,2,33,6.19,6.23
-67,-26.5,B,2016,2,3,34,0.09,6.29
-67,-26.5,B,2016,2,4,35,2.32,7.26
-67,-26.5,B,2016,2,5,36,16.48,7.51
-67,-26.5,B,2016,2,6,37,4.66,7.45
-67,-26.5,B,2016,2,7,38,0.59,7.32
-67,-26.5,B,2016,2,8,39,6.19,6.96
-67,-26.5,B,2016,2,9,40,6.64,8.73
-67,-26.5,B,2016,2,10,41,0,8.42
-67,-26.5,B,2016,2,11,42,0,9.64
-67,-26.5,B,2016,2,12,43,0,8.12
-67,-26.5,B,2016,2,13,44,17.69,8.54
-67,-26.5,B,2016,2,14,45,5.29,8.79
-67,-26.5,B,2016,2,15,46,0,8.61
-67,-26.5,B,2016,2,16,47,0,6.04
-67,-26.5,B,2016,2,17,48,13.11,6.04
-67,-26.5,B,2016,2,18,49,2.95,7.69
-67,-26.5,B,2016,2,19,50,32.68,8.73
-67,-26.5,B,2016,2,20,51,19.85,9.52
-67,-26.5,B,2016,2,21,52,1.41,9.03
-67,-26.5,B,2016,2,22,53,0.68,10.13
-67,-26.5,B,2016,2,23,54,6.13,9.22
-67,-26.5,B,2016,2,24,55,0.48,9.16
-67,-26.5,B,2016,2,25,56,0,8.85
-67,-26.5,B,2016,2,26,57,15.3,7.81
-67,-26.5,B,2016,2,27,58,3.3,6.23
-67,-26.5,B,2016,2,28,59,0.82,5.31
-67,-26.5,B,2016,2,29,60,0.08,6.16
-67,-26.5,B,2016,3,1,61,5.78,6.96
-67,-26.5,B,2016,3,2,62,2.8,7.39
-67,-26.5,B,2016,3,3,63,1.57,6.84
-67,-26.5,B,2016,3,4,64,2.29,5.74
-67,-26.5,B,2016,3,5,65,3.85,6.16
-67,-26.5,B,2016,3,6,66,0.2,5.98
-67,-26.5,B,2016,3,7,67,3.91,5
-67,-26.5,B,2016,3,8,68,5.01,4.15
-67,-26.5,B,2016,3,9,69,2.18,4.46
-67,-26.5,B,2016,3,10,70,0.09,5.68
-67,-26.5,B,2016,3,11,71,0.01,5.98
-67,-26.5,B,2016,3,12,72,0,5.86
-67,-26.5,B,2016,3,13,73,0,5.49
-67,-26.5,B,2016,3,14,74,0,5.25
-67,-26.5,B,2016,3,15,75,0,6.59
-67,-26.5,B,2016,3,16,76,0,8
-67,-26.5,B,2016,3,17,77,0,6.41
-67,-26.5,B,2016,3,18,78,15.61,6.77
-67,-26.5,B,2016,3,19,79,2.35,5.55
-67,-26.5,B,2016,3,20,80,2.17,4.15
-67,-26.5,B,2016,3,21,81,0.29,3.91
-67,-26.5,B,2016,3,22,82,0,4.39
-67,-26.5,B,2016,3,23,83,10.67,4.76
-67,-26.5,B,2016,3,24,84,17.32,5.8
-67,-26.5,B,2016,3,25,85,2.01,5.13
-67,-26.5,B,2016,3,26,86,0.49,4.58
-67,-26.5,B,2016,3,27,87,0.17,4.15
-67,-26.5,B,2016,3,28,88,0,4.33
-67,-26.5,B,2016,3,29,89,0,4.27
-67,-26.5,B,2016,3,30,90,0,4.03
-67,-26.5,B,2016,3,31,91,0,4.15
-67,-26.5,B,2016,4,1,92,0,3.78
-67,-26.5,B,2016,4,2,93,1.98,3.66
-67,-26.5,B,2016,4,3,94,1.79,3.78
-67,-26.5,B,2016,4,4,95,25.57,5.98
-67,-26.5,B,2016,4,5,96,36.05,7.2
-67,-26.5,B,2016,4,6,97,0.32,4.58
-67,-26.5,B,2016,4,7,98,0,3.3
-67,-26.5,B,2016,4,8,99,0.34,3.11
-67,-26.5,B,2016,4,9,100,5.67,3.42
-67,-26.5,B,2016,4,10,101,10.1,3.85
-67,-26.5,B,2016,4,11,102,2.73,4.09
-67,-26.5,B,2016,4,12,103,1.04,3.42
-67,-26.5,B,2016,4,13,104,0.05,3.36
-67,-26.5,B,2016,4,14,105,0,3.72
-67,-26.5,B,2016,4,15,106,0,3.54
-67,-26.5,B,2016,4,16,107,2.36,3.91
-67,-26.5,B,2016,4,17,108,3.69,4.09
-67,-26.5,B,2016,4,18,109,4.36,4.46
-67,-26.5,B,2016,4,19,110,1.33,4.52
-67,-26.5,B,2016,4,20,111,0,3.48
-67,-26.5,B,2016,4,21,112,0,3.17
-67,-26.5,B,2016,4,22,113,0,2.5
-67,-26.5,B,2016,4,23,114,0,2.81
-67,-26.5,B,2016,4,24,115,6.52,3.3
-67,-26.5,B,2016,4,25,116,0.7,3.17
-67,-26.5,B,2016,4,26,117,3.18,2.56
-67,-26.5,B,2016,4,27,118,0,2.87
-67,-26.5,B,2016,4,28,119,0,3.85
-67,-26.5,B,2016,4,29,120,0,4.09
-67,-26.5,B,2016,4,30,121,0,4.09
-67,-26.5,B,2016,5,1,122,0,3.11
-67,-26.5,B,2016,5,2,123,0,3.23
-67,-26.5,B,2016,5,3,124,0,3.72
-67,-26.5,B,2016,5,4,125,0,4.15
-67,-26.5,B,2016,5,5,126,0.35,2.93
-67,-26.5,B,2016,5,6,127,0.34,3.36
-67,-26.5,B,2016,5,7,128,0.35,3.3
-67,-26.5,B,2016,5,8,129,0.96,3.17
-67,-26.5,B,2016,5,9,130,2.05,2.99
-67,-26.5,B,2016,5,10,131,2.5,3.11
-67,-26.5,B,2016,5,11,132,0.56,3.17
-67,-26.5,B,2016,5,12,133,0.4,3.17
-67,-26.5,B,2016,5,13,134,2.82,2.93
-67,-26.5,B,2016,5,14,135,2.27,2.44
-67,-26.5,B,2016,5,15,136,1.36,2.44
-67,-26.5,B,2016,5,16,137,0.35,3.05
-67,-26.5,B,2016,5,17,138,1.41,3.23
-67,-26.5,B,2016,5,18,139,1.01,2.69
-67,-26.5,B,2016,5,19,140,0.35,2.38
-67,-26.5,B,2016,5,20,141,0.36,2.5
-67,-26.5,B,2016,5,21,142,0.11,2.62
-67,-26.5,B,2016,5,22,143,0,3.17
-67,-26.5,B,2016,5,23,144,0,3.05
-67,-26.5,B,2016,5,24,145,0,2.75
-67,-26.5,B,2016,5,25,146,0,2.99
-67,-26.5,B,2016,5,26,147,0.2,3.17
-67,-26.5,B,2016,5,27,148,1.63,3.3
-67,-26.5,B,2016,5,28,149,0.02,3.23
-67,-26.5,B,2016,5,29,150,0,3.3
-67,-26.5,B,2016,5,30,151,0,3.05
-67,-26.5,B,2016,5,31,152,0,2.62
-67,-26.5,B,2016,6,1,153,0,2.38
-67,-26.5,B,2016,6,2,154,0.04,2.14
-67,-26.5,B,2016,6,3,155,0.01,2.08
-67,-26.5,B,2016,6,4,156,3.65,2.32
-67,-26.5,B,2016,6,5,157,2.96,2.2
-67,-26.5,B,2016,6,6,158,1.47,2.14
-67,-26.5,B,2016,6,7,159,0,2.01
-67,-26.5,B,2016,6,8,160,0,1.83
-67,-26.5,B,2016,6,9,161,0,1.83
-67,-26.5,B,2016,6,10,162,0,2.2
-67,-26.5,B,2016,6,11,163,0,3.05
-67,-26.5,B,2016,6,12,164,0,3.48
-67,-26.5,B,2016,6,13,165,0,3.91
-67,-26.5,B,2016,6,14,166,0.47,3.23
-67,-26.5,B,2016,6,15,167,0.1,2.5
-67,-26.5,B,2016,6,16,168,0,2.56
-67,-26.5,B,2016,6,17,169,0,2.38
-67,-26.5,B,2016,6,18,170,0,2.2
-67,-26.5,B,2016,6,19,171,0,2.01
-67,-26.5,B,2016,6,20,172,0,1.89
-67,-26.5,B,2016,6,21,173,0,1.89
-67,-26.5,B,2016,6,22,174,0,2.14
-67,-26.5,B,2016,6,23,175,0,2.56
-67,-26.5,B,2016,6,24,176,1.25,2.2
-67,-26.5,B,2016,6,25,177,14.88,2.56
-67,-26.5,B,2016,6,26,178,1.21,1.77
-67,-26.5,B,2016,6,27,179,0,2.01
-67,-26.5,B,2016,6,28,180,0,2.14
-67,-26.5,B,2016,6,29,181,0,2.99
-67,-26.5,B,2016,6,30,182,0,2.81
-67,-26.5,B,2016,7,1,183,0.03,2.5
-67,-26.5,B,2016,7,2,184,0.73,2.69
-67,-26.5,B,2016,7,3,185,1.7,3.6
-67,-26.5,B,2016,7,4,186,1.84,2.81
-67,-26.5,B,2016,7,5,187,0.04,1.59
-67,-26.5,B,2016,7,6,188,0,1.65
-67,-26.5,B,2016,7,7,189,0,1.95
-67,-26.5,B,2016,7,8,190,0,2.62
-67,-26.5,B,2016,7,9,191,0,2.93
-67,-26.5,B,2016,7,10,192,0,2.81
-67,-26.5,B,2016,7,11,193,0,2.69
-67,-26.5,B,2016,7,12,194,0,2.44
-67,-26.5,B,2016,7,13,195,0,1.77
-67,-26.5,B,2016,7,14,196,0,1.53
-67,-26.5,B,2016,7,15,197,0,1.4
-67,-26.5,B,2016,7,16,198,0,1.59
-67,-26.5,B,2016,7,17,199,0,1.59
-67,-26.5,B,2016,7,18,200,0,1.59
-67,-26.5,B,2016,7,19,201,0,1.89
-67,-26.5,B,2016,7,20,202,0,1.89
-67,-26.5,B,2016,7,21,203,0,1.95
-67,-26.5,B,2016,7,22,204,0,1.89
-67,-26.5,B,2016,7,23,205,0,1.83
-67,-26.5,B,2016,7,24,206,0,2.14
-67,-26.5,B,2016,7,25,207,0,2.2
-67,-26.5,B,2016,7,26,208,0,1.83
-67,-26.5,B,2016,7,27,209,0,1.89
-67,-26.5,B,2016,7,28,210,0,1.89
-67,-26.5,B,2016,7,29,211,0,1.77
-67,-26.5,B,2016,7,30,212,0,1.71
-67,-26.5,B,2016,7,31,213,0,2.14
-67,-26.5,B,2016,8,1,214,0,2.08
-67,-26.5,B,2016,8,2,215,0,1.59
-67,-26.5,B,2016,8,3,216,0,1.53
-67,-26.5,B,2016,8,4,217,0,1.65
-67,-26.5,B,2016,8,5,218,0,3.17
-67,-26.5,B,2016,8,6,219,0,3.78
-67,-26.5,B,2016,8,7,220,0.1,2.62
-67,-26.5,B,2016,8,8,221,1.57,2.87
-67,-26.5,B,2016,8,9,222,0.28,3.42
-67,-26.5,B,2016,8,10,223,0,2.32
-67,-26.5,B,2016,8,11,224,0,1.89
-67,-26.5,B,2016,8,12,225,0,2.26
-67,-26.5,B,2016,8,13,226,0,2.08
-67,-26.5,B,2016,8,14,227,0,1.95
-67,-26.5,B,2016,8,15,228,0,1.95
-67,-26.5,B,2016,8,16,229,0,1.89
-67,-26.5,B,2016,8,17,230,0,1.46
-67,-26.5,B,2016,8,18,231,0,1.34
-67,-26.5,B,2016,8,19,232,0,1.04
-67,-26.5,B,2016,8,20,233,0.43,1.89
-67,-26.5,B,2016,8,21,234,0.11,2.01
-67,-26.5,B,2016,8,22,235,0,2.08
-67,-26.5,B,2016,8,23,236,0,2.26
-67,-26.5,B,2016,8,24,237,0,1.83
-67,-26.5,B,2016,8,25,238,0,2.01
-67,-26.5,B,2016,8,26,239,0,2.14
-67,-26.5,B,2016,8,27,240,0,2.69
-67,-26.5,B,2016,8,28,241,5.24,2.2
-67,-26.5,B,2016,8,29,242,2.43,2.62
-67,-26.5,B,2016,8,30,243,0,1.89
-67,-26.5,B,2016,8,31,244,0,1.77
-67,-26.5,B,2016,9,1,245,0,1.59
-67,-26.5,B,2016,9,2,246,0.17,1.46
-67,-26.5,B,2016,9,3,247,0.3,1.53
-67,-26.5,B,2016,9,4,248,0.02,1.65
-67,-26.5,B,2016,9,5,249,0.12,1.34
-67,-26.5,B,2016,9,6,250,0,1.46
-67,-26.5,B,2016,9,7,251,0,1.71
-67,-26.5,B,2016,9,8,252,0,1.89
-67,-26.5,B,2016,9,9,253,0,2.2
-67,-26.5,B,2016,9,10,254,0,2.08
-67,-26.5,B,2016,9,11,255,0,1.65
-67,-26.5,B,2016,9,12,256,0,1.4
-67,-26.5,B,2016,9,13,257,0,1.77
-67,-26.5,B,2016,9,14,258,0,1.77
-67,-26.5,B,2016,9,15,259,0,1.71
-67,-26.5,B,2016,9,16,260,0,2.08
-67,-26.5,B,2016,9,17,261,0,2.08
-67,-26.5,B,2016,9,18,262,0,4.03
-67,-26.5,B,2016,9,19,263,0,4.82
-67,-26.5,B,2016,9,20,264,0,4.33
-67,-26.5,B,2016,9,21,265,0,4.39
-67,-26.5,B,2016,9,22,266,0.04,5.19
-67,-26.5,B,2016,9,23,267,0.01,5.13
-67,-26.5,B,2016,9,24,268,0,2.99
-67,-26.5,B,2016,9,25,269,0,2.5
-67,-26.5,B,2016,9,26,270,0,3.11
-67,-26.5,B,2016,9,27,271,0,3.72
-67,-26.5,B,2016,9,28,272,3.2,4.27
-67,-26.5,B,2016,9,29,273,0.3,2.44
-67,-26.5,B,2016,9,30,274,0,2.26
-67,-26.5,B,2016,10,1,275,0,3.05
-67,-26.5,B,2016,10,2,276,7.92,3.42
-67,-26.5,B,2016,10,3,277,1.56,3.72
-67,-26.5,B,2016,10,4,278,0.18,2.62
-67,-26.5,B,2016,10,5,279,0.04,2.87
-67,-26.5,B,2016,10,6,280,0,3.05
-67,-26.5,B,2016,10,7,281,0,2.56
-67,-26.5,B,2016,10,8,282,0,2.38
-67,-26.5,B,2016,10,9,283,0,2.69
-67,-26.5,B,2016,10,10,284,0,2.26
-67,-26.5,B,2016,10,11,285,0,1.77
-67,-26.5,B,2016,10,12,286,0,1.59
-67,-26.5,B,2016,10,13,287,0.13,2.01
-67,-26.5,B,2016,10,14,288,0.01,1.53
-67,-26.5,B,2016,10,15,289,0,1.22
-67,-26.5,B,2016,10,16,290,0,1.34
-67,-26.5,B,2016,10,17,291,2.1,1.46
-67,-26.5,B,2016,10,18,292,2.16,1.59
-67,-26.5,B,2016,10,19,293,1.08,1.28
-67,-26.5,B,2016,10,20,294,0.25,1.34
-67,-26.5,B,2016,10,21,295,0.17,1.83
-67,-26.5,B,2016,10,22,296,0,1.95
-67,-26.5,B,2016,10,23,297,0,1.59
-67,-26.5,B,2016,10,24,298,5.59,1.89
-67,-26.5,B,2016,10,25,299,5.43,1.71
-67,-26.5,B,2016,10,26,300,0.3,1.65
-67,-26.5,B,2016,10,27,301,0,2.5
-67,-26.5,B,2016,10,28,302,0,4.21
-67,-26.5,B,2016,10,29,303,0,3.42
-67,-26.5,B,2016,10,30,304,0,1.77
-67,-26.5,B,2016,10,31,305,0,1.59
-67,-26.5,B,2016,11,1,306,0.36,1.77
-67,-26.5,B,2016,11,2,307,0.32,1.71
-67,-26.5,B,2016,11,3,308,0,2.08
-67,-26.5,B,2016,11,4,309,0,2.44
-67,-26.5,B,2016,11,5,310,0,3.23
-67,-26.5,B,2016,11,6,311,0,4.15
-67,-26.5,B,2016,11,7,312,7.42,5.62
-67,-26.5,B,2016,11,8,313,0.52,5.55
-67,-26.5,B,2016,11,9,314,0,4.52
-67,-26.5,B,2016,11,10,315,0.33,5.37
-67,-26.5,B,2016,11,11,316,8.56,6.16
-67,-26.5,B,2016,11,12,317,0.23,4.33
-67,-26.5,B,2016,11,13,318,16.24,4.09
-67,-26.5,B,2016,11,14,319,3.02,3.36
-67,-26.5,B,2016,11,15,320,6.88,3.48
-67,-26.5,B,2016,11,16,321,34.2,5.92
-67,-26.5,B,2016,11,17,322,11.9,5.55
-67,-26.5,B,2016,11,18,323,0.02,4.52
-67,-26.5,B,2016,11,19,324,0,2.69
-67,-26.5,B,2016,11,20,325,0.31,2.44
-67,-26.5,B,2016,11,21,326,13,4.39
-67,-26.5,B,2016,11,22,327,0.61,3.3
-67,-26.5,B,2016,11,23,328,0.36,2.08
-67,-26.5,B,2016,11,24,329,0,2.62
-67,-26.5,B,2016,11,25,330,0,2.75
-67,-26.5,B,2016,11,26,331,188.6,3.85
-67,-26.5,B,2016,11,27,332,13.29,3.66
-67,-26.5,B,2016,11,28,333,23.54,4.27
-67,-26.5,B,2016,11,29,334,3.43,5.49
-67,-26.5,B,2016,11,30,335,0.12,4.64
-67,-26.5,B,2016,12,1,336,0.01,4.76
-67,-26.5,B,2016,12,2,337,0.2,5
-67,-26.5,B,2016,12,3,338,0.08,7.26
-67,-26.5,B,2016,12,4,339,0,5.31
-67,-26.5,B,2016,12,5,340,5.49,4.52
-67,-26.5,B,2016,12,6,341,4.5,6.41
-67,-26.5,B,2016,12,7,342,5.11,4.46
-67,-26.5,B,2016,12,8,343,9.97,3.72
-67,-26.5,B,2016,12,9,344,5.85,3.05
-67,-26.5,B,2016,12,10,345,1.05,3.11
-67,-26.5,B,2016,12,11,346,0,4.52
-67,-26.5,B,2016,12,12,347,0,4.7
-67,-26.5,B,2016,12,13,348,0.3,6.1
-67,-26.5,B,2016,12,14,349,0.17,6.96
-67,-26.5,B,2016,12,15,350,0,7.08
-67,-26.5,B,2016,12,16,351,0,5.07
-67,-26.5,B,2016,12,17,352,0,6.71
-67,-26.5,B,2016,12,18,353,35.9,7.75
-67,-26.5,B,2016,12,19,354,17.71,7.57
-67,-26.5,B,2016,12,20,355,0.02,7.51
-67,-26.5,B,2016,12,21,356,0,7.51
-67,-26.5,B,2016,12,22,357,0,7.63
-67,-26.5,B,2016,12,23,358,0,7.93
-67,-26.5,B,2016,12,24,359,0,6.96
-67,-26.5,B,2016,12,25,360,0,5.07
-67,-26.5,B,2016,12,26,361,6.1,4.39
-67,-26.5,B,2016,12,27,362,8.77,4.21
-67,-26.5,B,2016,12,28,363,0.35,5.31
-67,-26.5,B,2016,12,29,364,0,6.35
-67,-26.5,B,2016,12,30,365,0,8.24
-67,-26.5,B,2016,12,31,366,0,8.73
-67,-26.5,B,2017,1,1,1,8.42,8.67
-67,-26.5,B,2017,1,2,2,2.01,7.75
-67,-26.5,B,2017,1,3,3,0,7.2
-67,-26.5,B,2017,1,4,4,10.82,8.73
-67,-26.5,B,2017,1,5,5,17.68,8.54
-67,-26.5,B,2017,1,6,6,1.61,7.63
-67,-26.5,B,2017,1,7,7,0,7.81
-67,-26.5,B,2017,1,8,8,0,7.26
-67,-26.5,B,2017,1,9,9,19.58,7.63
-67,-26.5,B,2017,1,10,10,7.91,8.3
-67,-26.5,B,2017,1,11,11,2.3,8.61
-67,-26.5,B,2017,1,12,12,0,7.69
-67,-26.5,B,2017,1,13,13,0.03,9.34
-67,-26.5,B,2017,1,14,14,0.01,8.54
-67,-26.5,B,2017,1,15,15,8.35,8.91
-67,-26.5,B,2017,1,16,16,0.72,8.42
-67,-26.5,B,2017,1,17,17,0,8
-67,-26.5,B,2017,1,18,18,0.15,8.61
-67,-26.5,B,2017,1,19,19,0.08,8.3
-67,-26.5,B,2017,1,20,20,0,8.54
-67,-26.5,B,2017,1,21,21,0,8.42
-67,-26.5,B,2017,1,22,22,10.09,8.18
-67,-26.5,B,2017,1,23,23,1.65,6.59
-67,-26.5,B,2017,1,24,24,0.05,6.04
-67,-26.5,B,2017,1,25,25,0.37,6.1
-67,-26.5,B,2017,1,26,26,1.34,7.45
-67,-26.5,B,2017,1,27,27,0.02,5.25
-67,-26.5,B,2017,1,28,28,0,4.27
-67,-26.5,B,2017,1,29,29,0,4.09
-67,-26.5,B,2017,1,30,30,0,5.68
-67,-26.5,B,2017,1,31,31,0.36,6.65
-67,-26.5,B,2017,2,1,32,0.2,6.65
-67,-26.5,B,2017,2,2,33,0.03,5.13
-67,-26.5,B,2017,2,3,34,17.31,4.09
-67,-26.5,B,2017,2,4,35,8.69,4.03
-67,-26.5,B,2017,2,5,36,1.17,4.64
-67,-26.5,B,2017,2,6,37,0.05,5.8
-67,-26.5,B,2017,2,7,38,0,4.52
-67,-26.5,B,2017,2,8,39,0,4.27
-67,-26.5,B,2017,2,9,40,20.77,4.7
-67,-26.5,B,2017,2,10,41,20.32,4.46
-67,-26.5,B,2017,2,11,42,9.88,4.33
-67,-26.5,B,2017,2,12,43,0.35,5.25
-67,-26.5,B,2017,2,13,44,0.38,6.04
-67,-26.5,B,2017,2,14,45,0.05,6.65
-67,-26.5,B,2017,2,15,46,33.53,5.49
-67,-26.5,B,2017,2,16,47,0.41,5.25
-67,-26.5,B,2017,2,17,48,6.18,6.23
-67,-26.5,B,2017,2,18,49,27.14,6.04
-67,-26.5,B,2017,2,19,50,27.25,7.32
-67,-26.5,B,2017,2,20,51,0.84,7.93
-67,-26.5,B,2017,2,21,52,1.7,8.18
-67,-26.5,B,2017,2,22,53,0.34,7.69
-67,-26.5,B,2017,2,23,54,0.96,7.69
-67,-26.5,B,2017,2,24,55,0.39,7.81
-67,-26.5,B,2017,2,25,56,17.65,7.63
-67,-26.5,B,2017,2,26,57,6.19,7.81
-67,-26.5,B,2017,2,27,58,8.44,8.24
-67,-26.5,B,2017,2,28,59,2.73,7.08
-67,-26.5,B,2017,3,1,60,0,6.59
-67,-26.5,B,2017,3,2,61,3.61,7.2
-67,-26.5,B,2017,3,3,62,15.88,7.26
-67,-26.5,B,2017,3,4,63,1.35,6.16
-67,-26.5,B,2017,3,5,64,1.81,6.41
-67,-26.5,B,2017,3,6,65,0.3,7.51
-67,-26.5,B,2017,3,7,66,1.23,8.12
-67,-26.5,B,2017,3,8,67,0.03,6.1
-67,-26.5,B,2017,3,9,68,16.04,5.19
-67,-26.5,B,2017,3,10,69,23.85,6.84
-67,-26.5,B,2017,3,11,70,0.21,5.25
-67,-26.5,B,2017,3,12,71,5.85,7.39
-67,-26.5,B,2017,3,13,72,0.19,7.57
-67,-26.5,B,2017,3,14,73,0,6.47
-67,-26.5,B,2017,3,15,74,9.27,4.7
-67,-26.5,B,2017,3,16,75,13.76,5.92
-67,-26.5,B,2017,3,17,76,0.38,5.43
-67,-26.5,B,2017,3,18,77,0,5.98
-67,-26.5,B,2017,3,19,78,0,5.68
-67,-26.5,B,2017,3,20,79,0,4.52
-67,-26.5,B,2017,3,21,80,0.02,4.46
-67,-26.5,B,2017,3,22,81,0.01,4.46
-67,-26.5,B,2017,3,23,82,0,4.7
-67,-26.5,B,2017,3,24,83,0.34,4.82
-67,-26.5,B,2017,3,25,84,0.12,3.97
-67,-26.5,B,2017,3,26,85,0.92,4.03
-67,-26.5,B,2017,3,27,86,17.76,4.82
-67,-26.5,B,2017,3,28,87,31.65,6.29
-67,-26.5,B,2017,3,29,88,2.8,6.41
-67,-26.5,B,2017,3,30,89,15.3,4.88
-67,-26.5,B,2017,3,31,90,11.83,5.92
-67,-26.5,B,2017,4,1,91,4.15,6.23
-67,-26.5,B,2017,4,2,92,1.07,4.94
-67,-26.5,B,2017,4,3,93,3.8,4.52
-67,-26.5,B,2017,4,4,94,2.42,3.11
-67,-26.5,B,2017,4,5,95,1.82,3.42
-67,-26.5,B,2017,4,6,96,2.4,3.17
-67,-26.5,B,2017,4,7,97,1.55,2.87
-67,-26.5,B,2017,4,8,98,0.71,2.81
-67,-26.5,B,2017,4,9,99,0.88,2.87
-67,-26.5,B,2017,4,10,100,0.01,3.54
-67,-26.5,B,2017,4,11,101,0,4.94
-67,-26.5,B,2017,4,12,102,0,5
-67,-26.5,B,2017,4,13,103,0,2.99
-67,-26.5,B,2017,4,14,104,0.7,3.48
-67,-26.5,B,2017,4,15,105,1.67,3.78
-67,-26.5,B,2017,4,16,106,1.27,4.03
-67,-26.5,B,2017,4,17,107,165.46,3.66
-67,-26.5,B,2017,4,18,108,94.56,4.76
-67,-26.5,B,2017,4,19,109,1.3,3.11
-67,-26.5,B,2017,4,20,110,0,3.78
-67,-26.5,B,2017,4,21,111,0.18,4.15
-67,-26.5,B,2017,4,22,112,0.66,3.66
-67,-26.5,B,2017,4,23,113,0.06,3.3
-67,-26.5,B,2017,4,24,114,0.05,2.99
-67,-26.5,B,2017,4,25,115,0.01,2.69
-67,-26.5,B,2017,4,26,116,0.05,2.75
-67,-26.5,B,2017,4,27,117,0,2.93
-67,-26.5,B,2017,4,28,118,0,3.42
-67,-26.5,B,2017,4,29,119,1.2,3.36
-67,-26.5,B,2017,4,30,120,0.29,3.23
-67,-26.5,B,2017,5,1,121,0,2.87
-67,-26.5,B,2017,5,2,122,0,3.11
-67,-26.5,B,2017,5,3,123,0,3.42
-67,-26.5,B,2017,5,4,124,0,2.93
-67,-26.5,B,2017,5,5,125,0,3.05
-67,-26.5,B,2017,5,6,126,0,2.81
-67,-26.5,B,2017,5,7,127,0,2.56
-67,-26.5,B,2017,5,8,128,1.87,2.69
-67,-26.5,B,2017,5,9,129,1.98,2.87
-67,-26.5,B,2017,5,10,130,0.41,3.23
-67,-26.5,B,2017,5,11,131,0.62,3.42
-67,-26.5,B,2017,5,12,132,1.42,3.78
-67,-26.5,B,2017,5,13,133,0,3.11
-67,-26.5,B,2017,5,14,134,0,2.93
-67,-26.5,B,2017,5,15,135,0,3.11
-67,-26.5,B,2017,5,16,136,0.32,2.81
-67,-26.5,B,2017,5,17,137,0.41,2.62
-67,-26.5,B,2017,5,18,138,0.02,2.2
-67,-26.5,B,2017,5,19,139,0.11,1.95
-67,-26.5,B,2017,5,20,140,0,2.2
-67,-26.5,B,2017,5,21,141,0,2.32
-67,-26.5,B,2017,5,22,142,0,2.99
-67,-26.5,B,2017,5,23,143,0,3.3
-67,-26.5,B,2017,5,24,144,0,3.91
-67,-26.5,B,2017,5,25,145,0.71,3.36
-67,-26.5,B,2017,5,26,146,3.03,3.48
-67,-26.5,B,2017,5,27,147,1.02,2.93
-67,-26.5,B,2017,5,28,148,0,2.62
-67,-26.5,B,2017,5,29,149,0,2.69
-67,-26.5,B,2017,5,30,150,0.18,2.93
-67,-26.5,B,2017,5,31,151,0,2.32
-67,-26.5,B,2017,6,1,152,0,2.5
-67,-26.5,B,2017,6,2,153,0,2.5
-67,-26.5,B,2017,6,3,154,0,2.32
-67,-26.5,B,2017,6,4,155,0,2.26
-67,-26.5,B,2017,6,5,156,2.88,2.69
-67,-26.5,B,2017,6,6,157,3.73,3.3
-67,-26.5,B,2017,6,7,158,0.02,3.23
-67,-26.5,B,2017,6,8,159,0.02,1.83
-67,-26.5,B,2017,6,9,160,0.78,2.5
-67,-26.5,B,2017,6,10,161,0,2.69
-67,-26.5,B,2017,6,11,162,0,2.75
-67,-26.5,B,2017,6,12,163,0,2.5
-67,-26.5,B,2017,6,13,164,0,2.26
-67,-26.5,B,2017,6,14,165,0,2.38
-67,-26.5,B,2017,6,15,166,0,2.56
-67,-26.5,B,2017,6,16,167,0,2.62
-67,-26.5,B,2017,6,17,168,0,2.56
-67,-26.5,B,2017,6,18,169,0,2.32
-67,-26.5,B,2017,6,19,170,0,2.14
-67,-26.5,B,2017,6,20,171,0,2.44
-67,-26.5,B,2017,6,21,172,0,2.32
-67,-26.5,B,2017,6,22,173,0,2.14
-67,-26.5,B,2017,6,23,174,0,2.26
-67,-26.5,B,2017,6,24,175,0,2.38
-67,-26.5,B,2017,6,25,176,0,2.87
-67,-26.5,B,2017,6,26,177,0,3.6
-67,-26.5,B,2017,6,27,178,0,2.69
-67,-26.5,B,2017,6,28,179,0,2.14
-67,-26.5,B,2017,6,29,180,0,2.14
-67,-26.5,B,2017,6,30,181,0,2.2
-67,-26.5,B,2017,7,1,182,0,2.44
-67,-26.5,B,2017,7,2,183,0,2.2
-67,-26.5,B,2017,7,3,184,0.11,2.5
-67,-26.5,B,2017,7,4,185,0.04,1.95
-67,-26.5,B,2017,7,5,186,0,2.08
-67,-26.5,B,2017,7,6,187,0,2.32
-67,-26.5,B,2017,7,7,188,0,2.5
-67,-26.5,B,2017,7,8,189,0,2.56
-67,-26.5,B,2017,7,9,190,0,2.5
-67,-26.5,B,2017,7,10,191,0.74,2.32
-67,-26.5,B,2017,7,11,192,1.18,2.26
-67,-26.5,B,2017,7,12,193,1.07,2.38
-67,-26.5,B,2017,7,13,194,0,2.75
-67,-26.5,B,2017,7,14,195,0.73,2.56
-67,-26.5,B,2017,7,15,196,0.01,2.01
-67,-26.5,B,2017,7,16,197,0.06,1.59
-67,-26.5,B,2017,7,17,198,0,1.46
-67,-26.5,B,2017,7,18,199,0,1.65
-67,-26.5,B,2017,7,19,200,0,1.95
-67,-26.5,B,2017,7,20,201,0,2.2
-67,-26.5,B,2017,7,21,202,0,2.81
-67,-26.5,B,2017,7,22,203,0,2.5
-67,-26.5,B,2017,7,23,204,0,2.56
-67,-26.5,B,2017,7,24,205,0,2.32
-67,-26.5,B,2017,7,25,206,0,2.38
-67,-26.5,B,2017,7,26,207,0,2.38
-67,-26.5,B,2017,7,27,208,0,2.44
-67,-26.5,B,2017,7,28,209,0,2.62
-67,-26.5,B,2017,7,29,210,0,3.05
-67,-26.5,B,2017,7,30,211,0,2.93
-67,-26.5,B,2017,7,31,212,0,2.32
-67,-26.5,B,2017,8,1,213,0,2.01
-67,-26.5,B,2017,8,2,214,0,1.95
-67,-26.5,B,2017,8,3,215,0,2.2
-67,-26.5,B,2017,8,4,216,0,2.2
-67,-26.5,B,2017,8,5,217,0,2.14
-67,-26.5,B,2017,8,6,218,0,2.32
-67,-26.5,B,2017,8,7,219,0,2.14
-67,-26.5,B,2017,8,8,220,0,2.26
-67,-26.5,B,2017,8,9,221,0,1.83
-67,-26.5,B,2017,8,10,222,0,1.59
-67,-26.5,B,2017,8,11,223,0.31,2.2
-67,-26.5,B,2017,8,12,224,1.56,1.53
-67,-26.5,B,2017,8,13,225,0.02,1.46
-67,-26.5,B,2017,8,14,226,0,1.95
-67,-26.5,B,2017,8,15,227,0,1.89
-67,-26.5,B,2017,8,16,228,0,2.5
-67,-26.5,B,2017,8,17,229,0,2.2
-67,-26.5,B,2017,8,18,230,0,2.01
-67,-26.5,B,2017,8,19,231,0,1.77
-67,-26.5,B,2017,8,20,232,0,2.56
-67,-26.5,B,2017,8,21,233,0,2.44
-67,-26.5,B,2017,8,22,234,0,2.08
-67,-26.5,B,2017,8,23,235,0,1.89
-67,-26.5,B,2017,8,24,236,0,1.83
-67,-26.5,B,2017,8,25,237,0,1.59
-67,-26.5,B,2017,8,26,238,0,1.59
-67,-26.5,B,2017,8,27,239,0,1.59
-67,-26.5,B,2017,8,28,240,0,1.71
-67,-26.5,B,2017,8,29,241,0.19,2.08
-67,-26.5,B,2017,8,30,242,0.18,2.62
-67,-26.5,B,2017,8,31,243,0,2.87
-67,-26.5,B,2017,9,1,244,0,2.93
-67,-26.5,B,2017,9,2,245,0,3.17
-67,-26.5,B,2017,9,3,246,0,3.6
-67,-26.5,B,2017,9,4,247,0,2.2
-67,-26.5,B,2017,9,5,248,0,1.59
-67,-26.5,B,2017,9,6,249,0,1.53
-67,-26.5,B,2017,9,7,250,0,1.53
-67,-26.5,B,2017,9,8,251,0,1.53
-67,-26.5,B,2017,9,9,252,2.25,2.2
-67,-26.5,B,2017,9,10,253,2.47,1.77
-67,-26.5,B,2017,9,11,254,0,1.46
-67,-26.5,B,2017,9,12,255,0,1.65
-67,-26.5,B,2017,9,13,256,0,1.95
-67,-26.5,B,2017,9,14,257,0,1.46
-67,-26.5,B,2017,9,15,258,0.3,1.95
-67,-26.5,B,2017,9,16,259,0.14,2.08
-67,-26.5,B,2017,9,17,260,0,2.32
-67,-26.5,B,2017,9,18,261,0,2.14
-67,-26.5,B,2017,9,19,262,0,2.32
-67,-26.5,B,2017,9,20,263,0.06,3.6
-67,-26.5,B,2017,9,21,264,0.01,3.97
-67,-26.5,B,2017,9,22,265,0,3.17
-67,-26.5,B,2017,9,23,266,0,3.91
-67,-26.5,B,2017,9,24,267,0,2.87
-67,-26.5,B,2017,9,25,268,0,3.72
-67,-26.5,B,2017,9,26,269,0,4.46
-67,-26.5,B,2017,9,27,270,5.09,5.68
-67,-26.5,B,2017,9,28,271,0.08,2.87
-67,-26.5,B,2017,9,29,272,0,2.69
-67,-26.5,B,2017,9,30,273,0,2.01
-67,-26.5,B,2017,10,1,274,0,1.34
-67,-26.5,B,2017,10,2,275,0,1.28
-67,-26.5,B,2017,10,3,276,0,2.01
-67,-26.5,B,2017,10,4,277,0,1.83
-67,-26.5,B,2017,10,5,278,0,1.28
-67,-26.5,B,2017,10,6,279,0,2.08
-67,-26.5,B,2017,10,7,280,0.01,1.71
-67,-26.5,B,2017,10,8,281,1.8,1.71
-67,-26.5,B,2017,10,9,282,1.2,1.65
-67,-26.5,B,2017,10,10,283,0.29,1.28
-67,-26.5,B,2017,10,11,284,1.52,1.28
-67,-26.5,B,2017,10,12,285,2.73,1.71
-67,-26.5,B,2017,10,13,286,0.95,2.08
-67,-26.5,B,2017,10,14,287,0,2.38
-67,-26.5,B,2017,10,15,288,0,2.87
-67,-26.5,B,2017,10,16,289,0,3.42
-67,-26.5,B,2017,10,17,290,0,2.87
-67,-26.5,B,2017,10,18,291,1.2,1.89
-67,-26.5,B,2017,10,19,292,1.84,2.5
-67,-26.5,B,2017,10,20,293,0,1.89
-67,-26.5,B,2017,10,21,294,3.49,2.93
-67,-26.5,B,2017,10,22,295,0.25,3.05
-67,-26.5,B,2017,10,23,296,0,1.77
-67,-26.5,B,2017,10,24,297,0,1.83
-67,-26.5,B,2017,10,25,298,0.24,1.65
-67,-26.5,B,2017,10,26,299,0.01,1.59
-67,-26.5,B,2017,10,27,300,0.85,2.14
-67,-26.5,B,2017,10,28,301,0.49,1.65
-67,-26.5,B,2017,10,29,302,31.97,2.01
-67,-26.5,B,2017,10,30,303,20.43,2.56
-67,-26.5,B,2017,10,31,304,0,2.26
-67,-26.5,B,2017,11,1,305,0,2.01
-67,-26.5,B,2017,11,2,306,0,1.77
-67,-26.5,B,2017,11,3,307,2.12,1.83
-67,-26.5,B,2017,11,4,308,5.1,2.56
-67,-26.5,B,2017,11,5,309,2.15,3.97
-67,-26.5,B,2017,11,6,310,0,4.52
-67,-26.5,B,2017,11,7,311,0.03,3.78
-67,-26.5,B,2017,11,8,312,5.09,3.97
-67,-26.5,B,2017,11,9,313,1.87,4.15
-67,-26.5,B,2017,11,10,314,1.96,5.62
-67,-26.5,B,2017,11,11,315,0,5.8
-67,-26.5,B,2017,11,12,316,0,5.68
-67,-26.5,B,2017,11,13,317,0,6.59
-67,-26.5,B,2017,11,14,318,0,5.43
-67,-26.5,B,2017,11,15,319,1.29,5.43
-67,-26.5,B,2017,11,16,320,0.09,4.94
-67,-26.5,B,2017,11,17,321,0,2.62
-67,-26.5,B,2017,11,18,322,0,2.75
-67,-26.5,B,2017,11,19,323,0,2.81
-67,-26.5,B,2017,11,20,324,0,3.05
-67,-26.5,B,2017,11,21,325,0.06,4.09
-67,-26.5,B,2017,11,22,326,0.01,3.97
-67,-26.5,B,2017,11,23,327,0,2.99
-67,-26.5,B,2017,11,24,328,0.39,2.87
-67,-26.5,B,2017,11,25,329,0.22,3.48
-67,-26.5,B,2017,11,26,330,0,3.6
-67,-26.5,B,2017,11,27,331,0.58,4.76
-67,-26.5,B,2017,11,28,332,0.06,5.19
-67,-26.5,B,2017,11,29,333,10.02,3.6
-67,-26.5,B,2017,11,30,334,13.86,6.41
-67,-26.5,B,2017,12,1,335,20.14,3.72
-67,-26.5,B,2017,12,2,336,2.62,2.99
-67,-26.5,B,2017,12,3,337,8.75,3.3
-67,-26.5,B,2017,12,4,338,7.36,5.55
-67,-26.5,B,2017,12,5,339,0.09,3.66
-67,-26.5,B,2017,12,6,340,0,3.78
-67,-26.5,B,2017,12,7,341,0,5.55
-67,-26.5,B,2017,12,8,342,0.03,4.7
-67,-26.5,B,2017,12,9,343,0.33,6.71
-67,-26.5,B,2017,12,10,344,0.43,6.84
-67,-26.5,B,2017,12,11,345,3.73,6.77
-67,-26.5,B,2017,12,12,346,0.01,5.31
-67,-26.5,B,2017,12,13,347,0,6.53
-67,-26.5,B,2017,12,14,348,0.94,7.93
-67,-26.5,B,2017,12,15,349,0.05,7.81
-67,-26.5,B,2017,12,16,350,0,7.02
-67,-26.5,B,2017,12,17,351,3.53,7.26
-67,-26.5,B,2017,12,18,352,0.8,6.47
-67,-26.5,B,2017,12,19,353,0,7.39
-67,-26.5,B,2017,12,20,354,0.67,7.63
-67,-26.5,B,2017,12,21,355,3.94,8
-67,-26.5,B,2017,12,22,356,2.73,7.39
-67,-26.5,B,2017,12,23,357,28.41,7.57
-67,-26.5,B,2017,12,24,358,0.82,5.74
-67,-26.5,B,2017,12,25,359,0.57,6.29
-67,-26.5,B,2017,12,26,360,0.04,6.47
-67,-26.5,B,2017,12,27,361,5.64,7.45
-67,-26.5,B,2017,12,28,362,1.24,7.51
-67,-26.5,B,2017,12,29,363,0,5
-67,-26.5,B,2017,12,30,364,8.41,7.14
-67,-26.5,B,2017,12,31,365,9.02,7.75
-67,-26.5,B,2018,1,1,1,9.78,5.13
-67,-26.5,B,2018,1,2,2,1.15,4.88
-67,-26.5,B,2018,1,3,3,0,6.23
-67,-26.5,B,2018,1,4,4,0,6.77
-67,-26.5,B,2018,1,5,5,7.33,6.1
-67,-26.5,B,2018,1,6,6,3.25,7.08
-67,-26.5,B,2018,1,7,7,0.76,6.29
-67,-26.5,B,2018,1,8,8,5.89,6.77
-67,-26.5,B,2018,1,9,9,0.99,6.47
-67,-26.5,B,2018,1,10,10,0.02,6.47
-67,-26.5,B,2018,1,11,11,0,7.45
-67,-26.5,B,2018,1,12,12,1.77,7.57
-67,-26.5,B,2018,1,13,13,22.35,7.14
-67,-26.5,B,2018,1,14,14,1.78,5.62
-67,-26.5,B,2018,1,15,15,0,6.29
-67,-26.5,B,2018,1,16,16,0,6.29
-67,-26.5,B,2018,1,17,17,17.06,6.47
-67,-26.5,B,2018,1,18,18,6.09,7.51
-67,-26.5,B,2018,1,19,19,1.28,6.59
-67,-26.5,B,2018,1,20,20,4.08,4.82
-67,-26.5,B,2018,1,21,21,0.44,4.09
-67,-26.5,B,2018,1,22,22,0.01,3.97
-67,-26.5,B,2018,1,23,23,9.56,4.33
-67,-26.5,B,2018,1,24,24,100.73,7.14
-67,-26.5,B,2018,1,25,25,14.01,7.57
-67,-26.5,B,2018,1,26,26,1.55,8.3
-67,-26.5,B,2018,1,27,27,8.77,8.48
-67,-26.5,B,2018,1,28,28,36.19,8.06
-67,-26.5,B,2018,1,29,29,4.88,7.81
-67,-26.5,B,2018,1,30,30,27.7,9.09
-67,-26.5,B,2018,1,31,31,20.3,8.3
-67,-26.5,B,2018,2,1,32,0.42,8.18
-67,-26.5,B,2018,2,2,33,0,8.42
-67,-26.5,B,2018,2,3,34,0,9.58
-67,-26.5,B,2018,2,4,35,0,9.34
-67,-26.5,B,2018,2,5,36,0.02,8.97
-67,-26.5,B,2018,2,6,37,0,7.2
-67,-26.5,B,2018,2,7,38,0.55,7.69
-67,-26.5,B,2018,2,8,39,0.06,6.77
-67,-26.5,B,2018,2,9,40,1.66,7.69
-67,-26.5,B,2018,2,10,41,0.49,8
-67,-26.5,B,2018,2,11,42,15.13,7.51
-67,-26.5,B,2018,2,12,43,1.28,7.75
-67,-26.5,B,2018,2,13,44,0,6.65
-67,-26.5,B,2018,2,14,45,0.01,6.35
-67,-26.5,B,2018,2,15,46,0.07,8.24
-67,-26.5,B,2018,2,16,47,5.61,7.75
-67,-26.5,B,2018,2,17,48,10.72,6.35
-67,-26.5,B,2018,2,18,49,3.72,6.65
-67,-26.5,B,2018,2,19,50,11.3,6.71
-67,-26.5,B,2018,2,20,51,8.45,6.1
-67,-26.5,B,2018,2,21,52,6.57,7.14
-67,-26.5,B,2018,2,22,53,0.18,7.02
-67,-26.5,B,2018,2,23,54,0.02,6.41
-67,-26.5,B,2018,2,24,55,9.22,7.02
-67,-26.5,B,2018,2,25,56,2.24,6.47
-67,-26.5,B,2018,2,26,57,0.3,6.59
-67,-26.5,B,2018,2,27,58,25.59,5.25
-67,-26.5,B,2018,2,28,59,3.89,4.52
-67,-26.5,B,2018,3,1,60,3.11,4.33
-67,-26.5,B,2018,3,2,61,0.47,5.49
-67,-26.5,B,2018,3,3,62,0.03,5.86
-67,-26.5,B,2018,3,4,63,7.18,6.65
-67,-26.5,B,2018,3,5,64,14.09,7.26
-67,-26.5,B,2018,3,6,65,1.03,6.35
-67,-26.5,B,2018,3,7,66,0.23,4.94
-67,-26.5,B,2018,3,8,67,0.04,4.21
-67,-26.5,B,2018,3,9,68,0,4.21
-67,-26.5,B,2018,3,10,69,0.38,4.82
-67,-26.5,B,2018,3,11,70,3.39,7.69
-67,-26.5,B,2018,3,12,71,0.2,6.77
-67,-26.5,B,2018,3,13,72,0,5.25
-67,-26.5,B,2018,3,14,73,0.01,5.07
-67,-26.5,B,2018,3,15,74,0.21,5.74
-67,-26.5,B,2018,3,16,75,0,4.52
-67,-26.5,B,2018,3,17,76,0,4.94
-67,-26.5,B,2018,3,18,77,1.63,5.68
-67,-26.5,B,2018,3,19,78,0.34,5.8
-67,-26.5,B,2018,3,20,79,0,4.7
-67,-26.5,B,2018,3,21,80,0,5.86
-67,-26.5,B,2018,3,22,81,0,3.97
-67,-26.5,B,2018,3,23,82,0,3.91
-67,-26.5,B,2018,3,24,83,3.98,3.91
-67,-26.5,B,2018,3,25,84,1,4.64
-67,-26.5,B,2018,3,26,85,0,4.58
-67,-26.5,B,2018,3,27,86,0,5.68
-67,-26.5,B,2018,3,28,87,0,5.49
-67,-26.5,B,2018,3,29,88,0.95,5.49
-67,-26.5,B,2018,3,30,89,0.01,5.13
-67,-26.5,B,2018,3,31,90,0.01,4.82
-67,-26.5,B,2018,4,1,91,19.76,5.43
-67,-26.5,B,2018,4,2,92,2.01,4.88
-67,-26.5,B,2018,4,3,93,0,4.46
-67,-26.5,B,2018,4,4,94,0,4.94
-67,-26.5,B,2018,4,5,95,0.06,4.58
-67,-26.5,B,2018,4,6,96,0.69,3.23
-67,-26.5,B,2018,4,7,97,1.83,2.69
-67,-26.5,B,2018,4,8,98,10.16,3.78
-67,-26.5,B,2018,4,9,99,5.21,4.58
-67,-26.5,B,2018,4,10,100,0,4.82
-67,-26.5,B,2018,4,11,101,0.02,5.55
-67,-26.5,B,2018,4,12,102,3.74,6.77
-67,-26.5,B,2018,4,13,103,0.16,6.71
-67,-26.5,B,2018,4,14,104,0.05,5.62
-67,-26.5,B,2018,4,15,105,0,4.7
-67,-26.5,B,2018,4,16,106,0,4.09
-67,-26.5,B,2018,4,17,107,0,4.52
-67,-26.5,B,2018,4,18,108,0,4.82
-67,-26.5,B,2018,4,19,109,0,5.07
-67,-26.5,B,2018,4,20,110,0,5.74
-67,-26.5,B,2018,4,21,111,0,5.43
-67,-26.5,B,2018,4,22,112,0,3.85
-67,-26.5,B,2018,4,23,113,4.99,4.82
-67,-26.5,B,2018,4,24,114,1.67,4.33
-67,-26.5,B,2018,4,25,115,1.13,4.58
-67,-26.5,B,2018,4,26,116,0.92,5.49
-67,-26.5,B,2018,4,27,117,0,4.7
-67,-26.5,B,2018,4,28,118,0,4.39
-67,-26.5,B,2018,4,29,119,0,3.05
-67,-26.5,B,2018,4,30,120,0.73,3.48
-67,-26.5,B,2018,5,1,121,2.31,3.91
-67,-26.5,B,2018,5,2,122,0.46,3.72
-67,-26.5,B,2018,5,3,123,0.38,2.75
-67,-26.5,B,2018,5,4,124,14.04,3.3
-67,-26.5,B,2018,5,5,125,1.73,3.23
-67,-26.5,B,2018,5,6,126,1.2,2.87
-67,-26.5,B,2018,5,7,127,0.03,2.69
-67,-26.5,B,2018,5,8,128,0.08,3.05
-67,-26.5,B,2018,5,9,129,1.53,3.42
-67,-26.5,B,2018,5,10,130,0.25,2.62
-67,-26.5,B,2018,5,11,131,0.06,2.56
-67,-26.5,B,2018,5,12,132,0,2.69
-67,-26.5,B,2018,5,13,133,0,2.44
-67,-26.5,B,2018,5,14,134,0,2.56
-67,-26.5,B,2018,5,15,135,3.32,2.99
-67,-26.5,B,2018,5,16,136,1.99,2.99
-67,-26.5,B,2018,5,17,137,0,2.87
-67,-26.5,B,2018,5,18,138,0,2.26
-67,-26.5,B,2018,5,19,139,0,2.26
-67,-26.5,B,2018,5,20,140,0,2.5
-67,-26.5,B,2018,5,21,141,0,2.2
-67,-26.5,B,2018,5,22,142,0,2.38
-67,-26.5,B,2018,5,23,143,0,2.14
-67,-26.5,B,2018,5,24,144,0,2.14
-67,-26.5,B,2018,5,25,145,0,2.01
-67,-26.5,B,2018,5,26,146,0,2.2
-67,-26.5,B,2018,5,27,147,0,2.38
-67,-26.5,B,2018,5,28,148,0,2.32
-67,-26.5,B,2018,5,29,149,0,2.32
-67,-26.5,B,2018,5,30,150,0.74,2.56
-67,-26.5,B,2018,5,31,151,1.63,2.32
-67,-26.5,B,2018,6,1,152,3.51,2.26
-67,-26.5,B,2018,6,2,153,1.39,2.32
-67,-26.5,B,2018,6,3,154,0,2.32
-67,-26.5,B,2018,6,4,155,0,1.83
-67,-26.5,B,2018,6,5,156,0,2.08
-67,-26.5,B,2018,6,6,157,0,2.26
-67,-26.5,B,2018,6,7,158,0,2.62
-67,-26.5,B,2018,6,8,159,0,2.38
-67,-26.5,B,2018,6,9,160,0,2.38
-67,-26.5,B,2018,6,10,161,0,2.81
-67,-26.5,B,2018,6,11,162,0,1.53
-67,-26.5,B,2018,6,12,163,0,1.77
-67,-26.5,B,2018,6,13,164,0,1.83
-67,-26.5,B,2018,6,14,165,0,1.95
-67,-26.5,B,2018,6,15,166,0,2.38
-67,-26.5,B,2018,6,16,167,0,2.2
-67,-26.5,B,2018,6,17,168,0,2.14
-67,-26.5,B,2018,6,18,169,0,2.01
-67,-26.5,B,2018,6,19,170,0,2.08
-67,-26.5,B,2018,6,20,171,0,2.38
-67,-26.5,B,2018,6,21,172,0,2.62
-67,-26.5,B,2018,6,22,173,0,2.56
-67,-26.5,B,2018,6,23,174,0.2,3.17
-67,-26.5,B,2018,6,24,175,0,2.38
-67,-26.5,B,2018,6,25,176,0,1.77
-67,-26.5,B,2018,6,26,177,0,1.71
-67,-26.5,B,2018,6,27,178,0,1.71
-67,-26.5,B,2018,6,28,179,0,2.08
-67,-26.5,B,2018,6,29,180,0,1.83
-67,-26.5,B,2018,6,30,181,0,1.53
-67,-26.5,B,2018,7,1,182,0,3.05
-67,-26.5,B,2018,7,2,183,1.53,2.62
-67,-26.5,B,2018,7,3,184,2.91,3.05
-67,-26.5,B,2018,7,4,185,0.01,2.44
-67,-26.5,B,2018,7,5,186,2.76,1.95
-67,-26.5,B,2018,7,6,187,0.02,1.53
-67,-26.5,B,2018,7,7,188,0.29,1.71
-67,-26.5,B,2018,7,8,189,0,2.01
-67,-26.5,B,2018,7,9,190,0,1.95
-67,-26.5,B,2018,7,10,191,0,1.77
-67,-26.5,B,2018,7,11,192,0,1.83
-67,-26.5,B,2018,7,12,193,0,1.71
-67,-26.5,B,2018,7,13,194,0,1.89
-67,-26.5,B,2018,7,14,195,0,2.08
-67,-26.5,B,2018,7,15,196,0,2.93
-67,-26.5,B,2018,7,16,197,0,2.75
-67,-26.5,B,2018,7,17,198,0,2.38
-67,-26.5,B,2018,7,18,199,0.41,2.69
-67,-26.5,B,2018,7,19,200,0.4,2.75
-67,-26.5,B,2018,7,20,201,0.01,1.4
-67,-26.5,B,2018,7,21,202,0,1.59
-67,-26.5,B,2018,7,22,203,0,2.75
-67,-26.5,B,2018,7,23,204,0,2.32
-67,-26.5,B,2018,7,24,205,0,2.14
-67,-26.5,B,2018,7,25,206,0,2.01
-67,-26.5,B,2018,7,26,207,0,2.5
-67,-26.5,B,2018,7,27,208,0,2.75
-67,-26.5,B,2018,7,28,209,0,1.4
-67,-26.5,B,2018,7,29,210,0,1.28
-67,-26.5,B,2018,7,30,211,0,1.28
-67,-26.5,B,2018,7,31,212,0,1.53
-67,-26.5,B,2018,8,1,213,0,1.59
-67,-26.5,B,2018,8,2,214,0,2.62
-67,-26.5,B,2018,8,3,215,0,1.83
-67,-26.5,B,2018,8,4,216,0,2.01
-67,-26.5,B,2018,8,5,217,0,1.95
-67,-26.5,B,2018,8,6,218,0,2.01
-67,-26.5,B,2018,8,7,219,0,1.59
-67,-26.5,B,2018,8,8,220,0,1.71
-67,-26.5,B,2018,8,9,221,0,1.95
-67,-26.5,B,2018,8,10,222,0,1.83
-67,-26.5,B,2018,8,11,223,0,1.71
-67,-26.5,B,2018,8,12,224,0,1.46
-67,-26.5,B,2018,8,13,225,0,1.65
-67,-26.5,B,2018,8,14,226,0,2.75
-67,-26.5,B,2018,8,15,227,0,2.14
-67,-26.5,B,2018,8,16,228,0,1.95
-67,-26.5,B,2018,8,17,229,0,1.83
-67,-26.5,B,2018,8,18,230,0,1.95
-67,-26.5,B,2018,8,19,231,0,1.95
-67,-26.5,B,2018,8,20,232,0,1.46
-67,-26.5,B,2018,8,21,233,0,1.46
-67,-26.5,B,2018,8,22,234,0,1.46
-67,-26.5,B,2018,8,23,235,0,1.46
-67,-26.5,B,2018,8,24,236,0,1.65
-67,-26.5,B,2018,8,25,237,0,1.77
-67,-26.5,B,2018,8,26,238,0,1.83
-67,-26.5,B,2018,8,27,239,0,1.65
-67,-26.5,B,2018,8,28,240,0,1.4
-67,-26.5,B,2018,8,29,241,0,1.83
-67,-26.5,B,2018,8,30,242,0,1.65
-67,-26.5,B,2018,8,31,243,0.28,1.59
-67,-26.5,B,2018,9,1,244,0.44,1.83
-67,-26.5,B,2018,9,2,245,0,1.16
-67,-26.5,B,2018,9,3,246,0,1.53
-67,-26.5,B,2018,9,4,247,0,1.53
-67,-26.5,B,2018,9,5,248,0,1.65
-67,-26.5,B,2018,9,6,249,0,2.26
-67,-26.5,B,2018,9,7,250,0,2.75
-67,-26.5,B,2018,9,8,251,0,2.75
-67,-26.5,B,2018,9,9,252,0,2.81
-67,-26.5,B,2018,9,10,253,0,4.03
-67,-26.5,B,2018,9,11,254,0,2.5
-67,-26.5,B,2018,9,12,255,1.89,1.95
-67,-26.5,B,2018,9,13,256,3.75,2.26
-67,-26.5,B,2018,9,14,257,1.47,1.65
-67,-26.5,B,2018,9,15,258,0.06,1.77
-67,-26.5,B,2018,9,16,259,0.03,1.65
-67,-26.5,B,2018,9,17,260,0.04,1.53
-67,-26.5,B,2018,9,18,261,0,1.34
-67,-26.5,B,2018,9,19,262,0,1.4
-67,-26.5,B,2018,9,20,263,0,1.71
-67,-26.5,B,2018,9,21,264,0,1.83
-67,-26.5,B,2018,9,22,265,0,1.46
-67,-26.5,B,2018,9,23,266,1.02,2.99
-67,-26.5,B,2018,9,24,267,0.59,5.43
-67,-26.5,B,2018,9,25,268,0,2.62
-67,-26.5,B,2018,9,26,269,0.32,1.71
-67,-26.5,B,2018,9,27,270,0.37,2.2
-67,-26.5,B,2018,9,28,271,0,1.65
-67,-26.5,B,2018,9,29,272,0,1.53
-67,-26.5,B,2018,9,30,273,0,1.4
-67,-26.5,B,2018,10,1,274,0,1.34
-67,-26.5,B,2018,10,2,275,0,1.16
-67,-26.5,B,2018,10,3,276,0,2.14
-67,-26.5,B,2018,10,4,277,0,4.21
-67,-26.5,B,2018,10,5,278,0,5.07
-67,-26.5,B,2018,10,6,279,0,3.6
-67,-26.5,B,2018,10,7,280,0,2.69
-67,-26.5,B,2018,10,8,281,0,2.38
-67,-26.5,B,2018,10,9,282,0,2.08
-67,-26.5,B,2018,10,10,283,2.23,2.56
-67,-26.5,B,2018,10,11,284,2.61,2.26
-67,-26.5,B,2018,10,12,285,1.47,2.2
-67,-26.5,B,2018,10,13,286,0,1.46
-67,-26.5,B,2018,10,14,287,0,1.46
-67,-26.5,B,2018,10,15,288,0,1.22
-67,-26.5,B,2018,10,16,289,0,1.34
-67,-26.5,B,2018,10,17,290,0,1.4
-67,-26.5,B,2018,10,18,291,19.73,2.5
-67,-26.5,B,2018,10,19,292,13.58,5.68
-67,-26.5,B,2018,10,20,293,0.77,3.48
-67,-26.5,B,2018,10,21,294,2.55,3.42
-67,-26.5,B,2018,10,22,295,8.6,4.33
-67,-26.5,B,2018,10,23,296,4.11,3.85
-67,-26.5,B,2018,10,24,297,1.25,2.87
-67,-26.5,B,2018,10,25,298,2.16,3.48
-67,-26.5,B,2018,10,26,299,1.26,3.23
-67,-26.5,B,2018,10,27,300,0.13,3.78
-67,-26.5,B,2018,10,28,301,0.02,3.23
-67,-26.5,B,2018,10,29,302,0,2.26
-67,-26.5,B,2018,10,30,303,0,1.89
-67,-26.5,B,2018,10,31,304,0.63,2.38
-67,-26.5,B,2018,11,1,305,0.65,3.23
-67,-26.5,B,2018,11,2,306,0,3.48
-67,-26.5,B,2018,11,3,307,0.1,4.21
-67,-26.5,B,2018,11,4,308,0.29,4.58
-67,-26.5,B,2018,11,5,309,7.14,5.25
-67,-26.5,B,2018,11,6,310,13.2,6.35
-67,-26.5,B,2018,11,7,311,2.83,5.43
-67,-26.5,B,2018,11,8,312,0.01,5.55
-67,-26.5,B,2018,11,9,313,0,4.88
-67,-26.5,B,2018,11,10,314,0,3.17
-67,-26.5,B,2018,11,11,315,2.08,2.38
-67,-26.5,B,2018,11,12,316,2.35,1.89
-67,-26.5,B,2018,11,13,317,1.15,1.4
-67,-26.5,B,2018,11,14,318,0,2.2
-67,-26.5,B,2018,11,15,319,0,3.05
-67,-26.5,B,2018,11,16,320,0,4.58
-67,-26.5,B,2018,11,17,321,12.79,3.66
-67,-26.5,B,2018,11,18,322,10.32,6.23
-67,-26.5,B,2018,11,19,323,0.54,5.19
-67,-26.5,B,2018,11,20,324,0.01,6.04
-67,-26.5,B,2018,11,21,325,0,6.41
-67,-26.5,B,2018,11,22,326,6.6,5.98
-67,-26.5,B,2018,11,23,327,0.29,5.55
-67,-26.5,B,2018,11,24,328,0,5.92
-67,-26.5,B,2018,11,25,329,0.04,5.62
-67,-26.5,B,2018,11,26,330,0.04,5.55
-67,-26.5,B,2018,11,27,331,4.67,4.76
-67,-26.5,B,2018,11,28,332,2.55,5.31
-67,-26.5,B,2018,11,29,333,1.41,3.78
-67,-26.5,B,2018,11,30,334,6.13,3.23
-67,-26.5,B,2018,12,1,335,10.86,4.15
-67,-26.5,B,2018,12,2,336,1.44,3.91
-67,-26.5,B,2018,12,3,337,0.04,2.93
-67,-26.5,B,2018,12,4,338,0.02,2.2
-67,-26.5,B,2018,12,5,339,26.5,2.81
-67,-26.5,B,2018,12,6,340,8.71,3.85
-67,-26.5,B,2018,12,7,341,0.21,3.97
-67,-26.5,B,2018,12,8,342,0,2.44
-67,-26.5,B,2018,12,9,343,0,3.17
-67,-26.5,B,2018,12,10,344,0,3.6
-67,-26.5,B,2018,12,11,345,0,4.33
-67,-26.5,B,2018,12,12,346,6.41,7.02
-67,-26.5,B,2018,12,13,347,0.27,4.09
-67,-26.5,B,2018,12,14,348,12.79,4.58
-67,-26.5,B,2018,12,15,349,6.3,5.07
-67,-26.5,B,2018,12,16,350,0.1,5.37
-67,-26.5,B,2018,12,17,351,11.81,6.1
-67,-26.5,B,2018,12,18,352,16.04,7.45
-67,-26.5,B,2018,12,19,353,0,4.7
-67,-26.5,B,2018,12,20,354,10.28,4.33
-67,-26.5,B,2018,12,21,355,31.58,6.71
-67,-26.5,B,2018,12,22,356,0.03,6.47
-67,-26.5,B,2018,12,23,357,5.23,6.96
-67,-26.5,B,2018,12,24,358,1.28,7.14
-67,-26.5,B,2018,12,25,359,0.08,7.57
-67,-26.5,B,2018,12,26,360,0,7.81
-67,-26.5,B,2018,12,27,361,10.69,8.54
-67,-26.5,B,2018,12,28,362,1.3,7.81
-67,-26.5,B,2018,12,29,363,0.11,8.3
-67,-26.5,B,2018,12,30,364,5.98,7.08
-67,-26.5,B,2018,12,31,365,3.55,8.79
-67,-26.5,B,2019,1,1,1,0.04,8.67
-67,-26.5,B,2019,1,2,2,12.49,8.85
-67,-26.5,B,2019,1,3,3,20.19,7.75
-67,-26.5,B,2019,1,4,4,0.02,7.02
-67,-26.5,B,2019,1,5,5,0,7.75
-67,-26.5,B,2019,1,6,6,6.83,4.52
-67,-26.5,B,2019,1,7,7,4.28,3.48
-67,-26.5,B,2019,1,8,8,10.92,3.91
-67,-26.5,B,2019,1,9,9,9.98,4.03
-67,-26.5,B,2019,1,10,10,14.27,5.25
-67,-26.5,B,2019,1,11,11,2.42,5.13
-67,-26.5,B,2019,1,12,12,0.05,5.31
-67,-26.5,B,2019,1,13,13,11.26,5.92
-67,-26.5,B,2019,1,14,14,7.31,5.86
-67,-26.5,B,2019,1,15,15,4.67,5.8
-67,-26.5,B,2019,1,16,16,0.43,7.02
-67,-26.5,B,2019,1,17,17,6.3,6.65
-67,-26.5,B,2019,1,18,18,0.69,6.96
-67,-26.5,B,2019,1,19,19,0.01,7.02
-67,-26.5,B,2019,1,20,20,0,8.73
-67,-26.5,B,2019,1,21,21,0,8.61
-67,-26.5,B,2019,1,22,22,0,8.54
-67,-26.5,B,2019,1,23,23,0.85,9.34
-67,-26.5,B,2019,1,24,24,0.14,8.61
-67,-26.5,B,2019,1,25,25,0.68,8.18
-67,-26.5,B,2019,1,26,26,2.01,8.36
-67,-26.5,B,2019,1,27,27,0.45,8.06
-67,-26.5,B,2019,1,28,28,0,8.48
-67,-26.5,B,2019,1,29,29,0.15,8.42
-67,-26.5,B,2019,1,30,30,11.27,7.87
-67,-26.5,B,2019,1,31,31,23.27,7.75
-67,-26.5,B,2019,2,1,32,23.05,7.57
-67,-26.5,B,2019,2,2,33,30.78,7.26
-67,-26.5,B,2019,2,3,34,6.1,7.45
-67,-26.5,B,2019,2,4,35,0,7.93
-67,-26.5,B,2019,2,5,36,0,5.68
-67,-26.5,B,2019,2,6,37,0,5
-67,-26.5,B,2019,2,7,38,0,7.02
-67,-26.5,B,2019,2,8,39,0.32,7.51
-67,-26.5,B,2019,2,9,40,2.1,7.45
-67,-26.5,B,2019,2,10,41,0.19,7.63
-67,-26.5,B,2019,2,11,42,13.21,6.65
-67,-26.5,B,2019,2,12,43,8.63,7.39
-67,-26.5,B,2019,2,13,44,0.16,5.86
-67,-26.5,B,2019,2,14,45,0.05,5.98
-67,-26.5,B,2019,2,15,46,0,6.1
-67,-26.5,B,2019,2,16,47,0,6.23
-67,-26.5,B,2019,2,17,48,0,6.23
-67,-26.5,B,2019,2,18,49,0,7.57
-67,-26.5,B,2019,2,19,50,0,6.65
-67,-26.5,B,2019,2,20,51,0,7.14
-67,-26.5,B,2019,2,21,52,0,8
-67,-26.5,B,2019,2,22,53,0,7.69
-67,-26.5,B,2019,2,23,54,0.13,7.57
-67,-26.5,B,2019,2,24,55,7.7,8.06
-67,-26.5,B,2019,2,25,56,8.47,7.63
-67,-26.5,B,2019,2,26,57,2.72,6.47
-67,-26.5,B,2019,2,27,58,0.14,5.37
-67,-26.5,B,2019,2,28,59,0,5.98
-67,-26.5,B,2019,3,1,60,0,6.04
-67,-26.5,B,2019,3,2,61,0,6.9
-67,-26.5,B,2019,3,3,62,0,6.04
-67,-26.5,B,2019,3,4,63,0.73,4.52
-67,-26.5,B,2019,3,5,64,1.56,4.64
-67,-26.5,B,2019,3,6,65,0.52,4.7
-67,-26.5,B,2019,3,7,66,4.39,4.58
-67,-26.5,B,2019,3,8,67,44.29,7.57
-67,-26.5,B,2019,3,9,68,9.66,6.16
-67,-26.5,B,2019,3,10,69,1.79,4.21
-67,-26.5,B,2019,3,11,70,1.32,3.23
-67,-26.5,B,2019,3,12,71,0.34,3.72
-67,-26.5,B,2019,3,13,72,0,4.39
-67,-26.5,B,2019,3,14,73,0,4.09
-67,-26.5,B,2019,3,15,74,30.3,4.03
-67,-26.5,B,2019,3,16,75,12.06,3.6
-67,-26.5,B,2019,3,17,76,10.1,4.15
-67,-26.5,B,2019,3,18,77,0.17,4.7
-67,-26.5,B,2019,3,19,78,13.62,5.07
-67,-26.5,B,2019,3,20,79,10.34,6.16
-67,-26.5,B,2019,3,21,80,0.07,4.88
-67,-26.5,B,2019,3,22,81,0,5.07
-67,-26.5,B,2019,3,23,82,0,6.47
-67,-26.5,B,2019,3,24,83,1.28,6.9
-67,-26.5,B,2019,3,25,84,8.52,6.29
-67,-26.5,B,2019,3,26,85,3.32,6.29
-67,-26.5,B,2019,3,27,86,0.26,5.13
-67,-26.5,B,2019,3,28,87,0.1,4.58
-67,-26.5,B,2019,3,29,88,0.02,4.88
-67,-26.5,B,2019,3,30,89,0.47,6.9
-67,-26.5,B,2019,3,31,90,0.2,6.53
-67,-26.5,B,2019,4,1,91,17.43,5.55
-67,-26.5,B,2019,4,2,92,4.22,6.1
-67,-26.5,B,2019,4,3,93,0,5
-67,-26.5,B,2019,4,4,94,3.96,5.74
-67,-26.5,B,2019,4,5,95,7.07,4.64
-67,-26.5,B,2019,4,6,96,0.01,3.6
-67,-26.5,B,2019,4,7,97,0,2.81
-67,-26.5,B,2019,4,8,98,0,3.66
-67,-26.5,B,2019,4,9,99,0,3.48
-67,-26.5,B,2019,4,10,100,0,4.21
-67,-26.5,B,2019,4,11,101,0.85,5.49
-67,-26.5,B,2019,4,12,102,0.07,4.33
-67,-26.5,B,2019,4,13,103,0,2.62
-67,-26.5,B,2019,4,14,104,0,3.05
-67,-26.5,B,2019,4,15,105,2.01,3.72
-67,-26.5,B,2019,4,16,106,0.76,4.76
-67,-26.5,B,2019,4,17,107,0.01,3.17
-67,-26.5,B,2019,4,18,108,0.04,2.87
-67,-26.5,B,2019,4,19,109,3.94,2.87
-67,-26.5,B,2019,4,20,110,17.07,3.05
-67,-26.5,B,2019,4,21,111,11.34,2.81
-67,-26.5,B,2019,4,22,112,4.66,2.81
-67,-26.5,B,2019,4,23,113,3.41,3.3
-67,-26.5,B,2019,4,24,114,2.63,3.54
-67,-26.5,B,2019,4,25,115,1.29,2.99
-67,-26.5,B,2019,4,26,116,0.01,3.66
-67,-26.5,B,2019,4,27,117,0,3.11
-67,-26.5,B,2019,4,28,118,0,3.3
-67,-26.5,B,2019,4,29,119,8.69,3.72
-67,-26.5,B,2019,4,30,120,7.41,3.23
-67,-26.5,B,2019,5,1,121,1.25,2.81
-67,-26.5,B,2019,5,2,122,0,3.23
-67,-26.5,B,2019,5,3,123,0.01,3.85
-67,-26.5,B,2019,5,4,124,0,3.11
-67,-26.5,B,2019,5,5,125,0.01,3.36
-67,-26.5,B,2019,5,6,126,0.02,4.09
-67,-26.5,B,2019,5,7,127,2.79,4.15
-67,-26.5,B,2019,5,8,128,1.49,4.7
-67,-26.5,B,2019,5,9,129,0.02,3.72
-67,-26.5,B,2019,5,10,130,1.11,3.91
-67,-26.5,B,2019,5,11,131,0.38,3.05
-67,-26.5,B,2019,5,12,132,0,2.75
-67,-26.5,B,2019,5,13,133,0,3.42
-67,-26.5,B,2019,5,14,134,0,4.21
-67,-26.5,B,2019,5,15,135,0,3.6
-67,-26.5,B,2019,5,16,136,0,2.81
-67,-26.5,B,2019,5,17,137,0,2.69
-67,-26.5,B,2019,5,18,138,1.62,2.87
-67,-26.5,B,2019,5,19,139,2.22,2.93
-67,-26.5,B,2019,5,20,140,1.04,2.81
-67,-26.5,B,2019,5,21,141,5.37,2.26
-67,-26.5,B,2019,5,22,142,5.71,1.83
-67,-26.5,B,2019,5,23,143,0.44,1.46
-67,-26.5,B,2019,5,24,144,0,1.95
-67,-26.5,B,2019,5,25,145,0,2.38
-67,-26.5,B,2019,5,26,146,0,2.56
-67,-26.5,B,2019,5,27,147,0,2.81
-67,-26.5,B,2019,5,28,148,0,2.99
-67,-26.5,B,2019,5,29,149,0.04,3.17
-67,-26.5,B,2019,5,30,150,1.34,2.99
-67,-26.5,B,2019,5,31,151,0,2.44
-67,-26.5,B,2019,6,1,152,0,2.62
-67,-26.5,B,2019,6,2,153,0,2.32
-67,-26.5,B,2019,6,3,154,0,2.32
-67,-26.5,B,2019,6,4,155,0,2.75
-67,-26.5,B,2019,6,5,156,0,3.05
-67,-26.5,B,2019,6,6,157,0,2.62
-67,-26.5,B,2019,6,7,158,0.02,2.38
-67,-26.5,B,2019,6,8,159,0.06,2.14
-67,-26.5,B,2019,6,9,160,0,2.14
-67,-26.5,B,2019,6,10,161,0,2.26
-67,-26.5,B,2019,6,11,162,0,2.26
-67,-26.5,B,2019,6,12,163,0,2.08
-67,-26.5,B,2019,6,13,164,0,2.08
-67,-26.5,B,2019,6,14,165,0.64,1.95
-67,-26.5,B,2019,6,15,166,2.45,2.99
-67,-26.5,B,2019,6,16,167,1.2,2.75
-67,-26.5,B,2019,6,17,168,0.01,2.69
-67,-26.5,B,2019,6,18,169,0,1.77
-67,-26.5,B,2019,6,19,170,0,2.32
-67,-26.5,B,2019,6,20,171,0,2.81
-67,-26.5,B,2019,6,21,172,0,2.62
-67,-26.5,B,2019,6,22,173,0,2.62
-67,-26.5,B,2019,6,23,174,0,2.69
-67,-26.5,B,2019,6,24,175,0,2.93
-67,-26.5,B,2019,6,25,176,3.42,2.87
-67,-26.5,B,2019,6,26,177,0,2.26
-67,-26.5,B,2019,6,27,178,0,2.08
-67,-26.5,B,2019,6,28,179,0,2.44
-67,-26.5,B,2019,6,29,180,0,2.44
-67,-26.5,B,2019,6,30,181,0,2.99
-67,-26.5,B,2019,7,1,182,0,2.62
-67,-26.5,B,2019,7,2,183,0,2.56
-67,-26.5,B,2019,7,3,184,0,2.87
-67,-26.5,B,2019,7,4,185,0.03,2.26
-67,-26.5,B,2019,7,5,186,0.17,2.38
-67,-26.5,B,2019,7,6,187,0,2.44
-67,-26.5,B,2019,7,7,188,0,2.5
-67,-26.5,B,2019,7,8,189,0,2.75
-67,-26.5,B,2019,7,9,190,0,2.93
-67,-26.5,B,2019,7,10,191,0,2.69
-67,-26.5,B,2019,7,11,192,0,2.38
-67,-26.5,B,2019,7,12,193,0,2.44
-67,-26.5,B,2019,7,13,194,0,2.26
-67,-26.5,B,2019,7,14,195,0,2.26
-67,-26.5,B,2019,7,15,196,0,2.32
-67,-26.5,B,2019,7,16,197,0,1.89
-67,-26.5,B,2019,7,17,198,0,1.77
-67,-26.5,B,2019,7,18,199,0,1.83
-67,-26.5,B,2019,7,19,200,0,1.83
-67,-26.5,B,2019,7,20,201,0,1.77
-67,-26.5,B,2019,7,21,202,0,1.53
-67,-26.5,B,2019,7,22,203,0.02,1.89
-67,-26.5,B,2019,7,23,204,0,2.32
-67,-26.5,B,2019,7,24,205,0,2.38
-67,-26.5,B,2019,7,25,206,0.15,2.08
-67,-26.5,B,2019,7,26,207,0,1.71
-67,-26.5,B,2019,7,27,208,0,1.89
-67,-26.5,B,2019,7,28,209,0,1.34
-67,-26.5,B,2019,7,29,210,0,1.59
-67,-26.5,B,2019,7,30,211,0,2.2
-67,-26.5,B,2019,7,31,212,0,1.95
-67,-26.5,B,2019,8,1,213,0,1.71
-67,-26.5,B,2019,8,2,214,0,1.71
-67,-26.5,B,2019,8,3,215,0,1.4
-67,-26.5,B,2019,8,4,216,0,1.77
-67,-26.5,B,2019,8,5,217,0,1.89
-67,-26.5,B,2019,8,6,218,0,1.71
-67,-26.5,B,2019,8,7,219,0,1.65
-67,-26.5,B,2019,8,8,220,0,1.95
-67,-26.5,B,2019,8,9,221,0,1.34
-67,-26.5,B,2019,8,10,222,0,1.4
-67,-26.5,B,2019,8,11,223,0,1.22
-67,-26.5,B,2019,8,12,224,0,1.4
-67,-26.5,B,2019,8,13,225,0,1.71
-67,-26.5,B,2019,8,14,226,0,1.65
-67,-26.5,B,2019,8,15,227,0,2.2
-67,-26.5,B,2019,8,16,228,0,2.08
-67,-26.5,B,2019,8,17,229,0,1.83
-67,-26.5,B,2019,8,18,230,0,1.71
-67,-26.5,B,2019,8,19,231,0,1.83
-67,-26.5,B,2019,8,20,232,0,1.89
-67,-26.5,B,2019,8,21,233,0,1.71
-67,-26.5,B,2019,8,22,234,0,2.01
-67,-26.5,B,2019,8,23,235,0,2.38
-67,-26.5,B,2019,8,24,236,0,2.44
-67,-26.5,B,2019,8,25,237,0,2.14
-67,-26.5,B,2019,8,26,238,0,2.56
-67,-26.5,B,2019,8,27,239,0,3.48
-67,-26.5,B,2019,8,28,240,0,2.62
-67,-26.5,B,2019,8,29,241,0,2.62
-67,-26.5,B,2019,8,30,242,0,1.28
-67,-26.5,B,2019,8,31,243,0,1.65
-67,-26.5,B,2019,9,1,244,0,1.83
-67,-26.5,B,2019,9,2,245,0,1.53
-67,-26.5,B,2019,9,3,246,0,1.4
-67,-26.5,B,2019,9,4,247,0,1.53
-67,-26.5,B,2019,9,5,248,0,1.95
-67,-26.5,B,2019,9,6,249,0,2.56
-67,-26.5,B,2019,9,7,250,0,2.75
-67,-26.5,B,2019,9,8,251,0,3.3
-67,-26.5,B,2019,9,9,252,0.08,1.59
-67,-26.5,B,2019,9,10,253,1.64,1.59
-67,-26.5,B,2019,9,11,254,1.5,1.65
-67,-26.5,B,2019,9,12,255,0.09,1.65
-67,-26.5,B,2019,9,13,256,0,1.59
-67,-26.5,B,2019,9,14,257,0,1.95
-67,-26.5,B,2019,9,15,258,0,1.53
-67,-26.5,B,2019,9,16,259,0.35,1.83
-67,-26.5,B,2019,9,17,260,0.34,1.34
-67,-26.5,B,2019,9,18,261,0,1.1
-67,-26.5,B,2019,9,19,262,0,0.98
-67,-26.5,B,2019,9,20,263,0,1.22
-67,-26.5,B,2019,9,21,264,0,1.59
-67,-26.5,B,2019,9,22,265,0,2.2
-67,-26.5,B,2019,9,23,266,0,3.05
-67,-26.5,B,2019,9,24,267,0,4.15
-67,-26.5,B,2019,9,25,268,0,4.15
-67,-26.5,B,2019,9,26,269,0,3.3
-67,-26.5,B,2019,9,27,270,0,2.2
-67,-26.5,B,2019,9,28,271,0,2.44
-67,-26.5,B,2019,9,29,272,0,2.38
-67,-26.5,B,2019,9,30,273,0,1.77
-67,-26.5,B,2019,10,1,274,0,2.32
-67,-26.5,B,2019,10,2,275,0,1.71
-67,-26.5,B,2019,10,3,276,0.01,1.95
-67,-26.5,B,2019,10,4,277,0,2.32
-67,-26.5,B,2019,10,5,278,0,2.32
-67,-26.5,B,2019,10,6,279,0,2.69
-67,-26.5,B,2019,10,7,280,0,2.56
-67,-26.5,B,2019,10,8,281,0,3.6
-67,-26.5,B,2019,10,9,282,0,4.03
-67,-26.5,B,2019,10,10,283,0,4.39
-67,-26.5,B,2019,10,11,284,0,4.03
-67,-26.5,B,2019,10,12,285,0,3.97
-67,-26.5,B,2019,10,13,286,5.13,5.43
-67,-26.5,B,2019,10,14,287,4.22,2.93
-67,-26.5,B,2019,10,15,288,3.87,2.5
-67,-26.5,B,2019,10,16,289,0.12,2.14
-67,-26.5,B,2019,10,17,290,0,1.77
-67,-26.5,B,2019,10,18,291,0,2.08
-67,-26.5,B,2019,10,19,292,0,2.5
-67,-26.5,B,2019,10,20,293,0,2.2
-67,-26.5,B,2019,10,21,294,0,2.5
-67,-26.5,B,2019,10,22,295,0,2.56
-67,-26.5,B,2019,10,23,296,0,2.38
-67,-26.5,B,2019,10,24,297,0,1.77
-67,-26.5,B,2019,10,25,298,0,2.44
-67,-26.5,B,2019,10,26,299,0,1.28
-67,-26.5,B,2019,10,27,300,0,1.22
-67,-26.5,B,2019,10,28,301,0,1.46
-67,-26.5,B,2019,10,29,302,0,1.65
-67,-26.5,B,2019,10,30,303,0.55,2.69
-67,-26.5,B,2019,10,31,304,0.15,5
-67,-26.5,B,2019,11,1,305,0,4.03
-67,-26.5,B,2019,11,2,306,35.61,7.45
-67,-26.5,B,2019,11,3,307,2.18,5.37
-67,-26.5,B,2019,11,4,308,0.59,3.6
-67,-26.5,B,2019,11,5,309,0.82,3.85
-67,-26.5,B,2019,11,6,310,0.07,3.78
-67,-26.5,B,2019,11,7,311,0.02,5.74
-67,-26.5,B,2019,11,8,312,0.02,5.92
-67,-26.5,B,2019,11,9,313,3.41,7.02
-67,-26.5,B,2019,11,10,314,1.52,6.16
-67,-26.5,B,2019,11,11,315,0,5.43
-67,-26.5,B,2019,11,12,316,5.3,6.53
-67,-26.5,B,2019,11,13,317,12.61,5.98
-67,-26.5,B,2019,11,14,318,0.29,5.43
-67,-26.5,B,2019,11,15,319,0.03,6.47
-67,-26.5,B,2019,11,16,320,0,6.9
-67,-26.5,B,2019,11,17,321,0,6.71
-67,-26.5,B,2019,11,18,322,0,6.53
-67,-26.5,B,2019,11,19,323,0,6.04
-67,-26.5,B,2019,11,20,324,14.14,5.49
-67,-26.5,B,2019,11,21,325,1.74,5.68
-67,-26.5,B,2019,11,22,326,22.54,7.51
-67,-26.5,B,2019,11,23,327,1.55,7.2
-67,-26.5,B,2019,11,24,328,0,5.19
-67,-26.5,B,2019,11,25,329,6.79,3.97
-67,-26.5,B,2019,11,26,330,1.53,3.36
-67,-26.5,B,2019,11,27,331,0.9,3.85
-67,-26.5,B,2019,11,28,332,0,3.78
-67,-26.5,B,2019,11,29,333,0,3.36
-67,-26.5,B,2019,11,30,334,16.29,6.23
-67,-26.5,B,2019,12,1,335,6.09,6.04
-67,-26.5,B,2019,12,2,336,5.09,5.19
-67,-26.5,B,2019,12,3,337,0.51,3.78
-67,-26.5,B,2019,12,4,338,8.85,3.72
-67,-26.5,B,2019,12,5,339,2,4.21
-67,-26.5,B,2019,12,6,340,0,4.09
-67,-26.5,B,2019,12,7,341,6.17,4.03
-67,-26.5,B,2019,12,8,342,0.75,4.09
-67,-26.5,B,2019,12,9,343,0.02,5.37
-67,-26.5,B,2019,12,10,344,0,5.74
-67,-26.5,B,2019,12,11,345,0,6.65
-67,-26.5,B,2019,12,12,346,0.56,7.69
-67,-26.5,B,2019,12,13,347,0.06,6.84
-67,-26.5,B,2019,12,14,348,0.1,6.35
-67,-26.5,B,2019,12,15,349,3.46,5.13
-67,-26.5,B,2019,12,16,350,0.57,5.13
-67,-26.5,B,2019,12,17,351,0.12,5.98
-67,-26.5,B,2019,12,18,352,0,6.59
-67,-26.5,B,2019,12,19,353,0,6.9
-67,-26.5,B,2019,12,20,354,6.16,6.1
-67,-26.5,B,2019,12,21,355,0.65,6.41
-67,-26.5,B,2019,12,22,356,0.14,6.59
-67,-26.5,B,2019,12,23,357,0.01,6.1
-67,-26.5,B,2019,12,24,358,0.14,5.49
-67,-26.5,B,2019,12,25,359,0.23,6.96
-67,-26.5,B,2019,12,26,360,0,6.71
-67,-26.5,B,2019,12,27,361,0,8.73
-67,-26.5,B,2019,12,28,362,3.68,8.06
-67,-26.5,B,2019,12,29,363,1.01,7.26
-67,-26.5,B,2019,12,30,364,0.07,7.08
-67,-26.5,B,2019,12,31,365,7.12,7.14
-67,-26.5,B,2020,1,1,1,4.76,7.32
-67,-26.5,B,2020,1,2,2,7.99,7.63
-67,-26.5,B,2020,1,3,3,0,7.63
-67,-26.5,B,2020,1,4,4,3.46,6.53
-67,-26.5,B,2020,1,5,5,1.12,6.47
-67,-26.5,B,2020,1,6,6,0.08,4.94
-67,-26.5,B,2020,1,7,7,0,4.52
-67,-26.5,B,2020,1,8,8,0,3.91
-67,-26.5,B,2020,1,9,9,0.57,5.07
-67,-26.5,B,2020,1,10,10,33.43,6.47
-67,-26.5,B,2020,1,11,11,9.37,6.59
-67,-26.5,B,2020,1,12,12,40.54,7.87
-67,-26.5,B,2020,1,13,13,14.51,9.28
-67,-26.5,B,2020,1,14,14,0,9.4
-67,-26.5,B,2020,1,15,15,55.77,8.48
-67,-26.5,B,2020,1,16,16,6.81,7.45
-67,-26.5,B,2020,1,17,17,0.04,8
-67,-26.5,B,2020,1,18,18,0,8.54
-67,-26.5,B,2020,1,19,19,0,8.91
-67,-26.5,B,2020,1,20,20,20.64,9.7
-67,-26.5,B,2020,1,21,21,1.28,9.03
-67,-26.5,B,2020,1,22,22,0.26,8.3
-67,-26.5,B,2020,1,23,23,0.01,7.45
-67,-26.5,B,2020,1,24,24,0,7.02
-67,-26.5,B,2020,1,25,25,1.18,8.97
-67,-26.5,B,2020,1,26,26,10.85,8.24
-67,-26.5,B,2020,1,27,27,7.32,6.29
-67,-26.5,B,2020,1,28,28,0.44,6.23
-67,-26.5,B,2020,1,29,29,1.43,4.82
-67,-26.5,B,2020,1,30,30,0.97,6.16
-67,-26.5,B,2020,1,31,31,0.01,6.1
-67,-26.5,B,2020,2,1,32,0,6.04
-67,-26.5,B,2020,2,2,33,0.18,6.84
-67,-26.5,B,2020,2,3,34,0.04,6.9
-67,-26.5,B,2020,2,4,35,0,5.37
-67,-26.5,B,2020,2,5,36,6.5,5.68
-67,-26.5,B,2020,2,6,37,4.43,5.25
-67,-26.5,B,2020,2,7,38,20.64,9.03
-67,-26.5,B,2020,2,8,39,24.59,9.03
-67,-26.5,B,2020,2,9,40,54.88,8.67
-67,-26.5,B,2020,2,10,41,9.45,8.73
-67,-26.5,B,2020,2,11,42,0.08,8.36
-67,-26.5,B,2020,2,12,43,0,8.91
-67,-26.5,B,2020,2,13,44,0,9.4
-67,-26.5,B,2020,2,14,45,7.43,9.16
-67,-26.5,B,2020,2,15,46,3.63,9.95
-67,-26.5,B,2020,2,16,47,0,9.83
-67,-26.5,B,2020,2,17,48,25.26,9.52
-67,-26.5,B,2020,2,18,49,6.87,9.58
-67,-26.5,B,2020,2,19,50,0.01,9.09
-67,-26.5,B,2020,2,20,51,3.18,8.79
-67,-26.5,B,2020,2,21,52,0.48,8.36
-67,-26.5,B,2020,2,22,53,0.07,7.63
-67,-26.5,B,2020,2,23,54,0.01,6.77
-67,-26.5,B,2020,2,24,55,0,5.92
-67,-26.5,B,2020,2,25,56,1.77,5.8
-67,-26.5,B,2020,2,26,57,0.93,7.2
-67,-26.5,B,2020,2,27,58,0,7.32
-67,-26.5,B,2020,2,28,59,0.92,7.93
-67,-26.5,B,2020,2,29,60,0.4,7.2
-67,-26.5,B,2020,3,1,61,0.01,7.32
-67,-26.5,B,2020,3,2,62,0,7.02
-67,-26.5,B,2020,3,3,63,0,6.1
-67,-26.5,B,2020,3,4,64,0,6.16
-67,-26.5,B,2020,3,5,65,0,6.9
-67,-26.5,B,2020,3,6,66,0,7.08
-67,-26.5,B,2020,3,7,67,0,7.63
-67,-26.5,B,2020,3,8,68,0,7.75
-67,-26.5,B,2020,3,9,69,0,7.39
-67,-26.5,B,2020,3,10,70,0.07,7.32
-67,-26.5,B,2020,3,11,71,0.39,7.08
-67,-26.5,B,2020,3,12,72,2.06,8.36
-67,-26.5,B,2020,3,13,73,0.06,8.36
-67,-26.5,B,2020,3,14,74,9.3,9.16
-67,-26.5,B,2020,3,15,75,6.7,8.48
-67,-26.5,B,2020,3,16,76,2.1,6.9
-67,-26.5,B,2020,3,17,77,0.13,5.55
-67,-26.5,B,2020,3,18,78,0.21,7.2
-67,-26.5,B,2020,3,19,79,0.04,6.71
-67,-26.5,B,2020,3,20,80,0,6.35
-67,-26.5,B,2020,3,21,81,0,4.82
-67,-26.5,B,2020,3,22,82,0,5.19
-67,-26.5,B,2020,3,23,83,0,6.1
-67,-26.5,B,2020,3,24,84,0.01,8.06
-67,-26.5,B,2020,3,25,85,20.15,6.04
-67,-26.5,B,2020,3,26,86,3.64,5.43
-67,-26.5,B,2020,3,27,87,0.04,4.52
-67,-26.5,B,2020,3,28,88,0,4.82
-67,-26.5,B,2020,3,29,89,0.09,6.1
-67,-26.5,B,2020,3,30,90,5.4,8.67
-67,-26.5,B,2020,3,31,91,12.39,9.16
-67,-26.5,B,2020,4,1,92,11.46,8.73
-67,-26.5,B,2020,4,2,93,19.09,8
-67,-26.5,B,2020,4,3,94,0.04,6.53
-67,-26.5,B,2020,4,4,95,0,5.86
-67,-26.5,B,2020,4,5,96,0,5
-67,-26.5,B,2020,4,6,97,5.08,4.82
-67,-26.5,B,2020,4,7,98,0.6,5.55
-67,-26.5,B,2020,4,8,99,0.01,4.88
-67,-26.5,B,2020,4,9,100,0,4.64
-67,-26.5,B,2020,4,10,101,0,4.46
-67,-26.5,B,2020,4,11,102,0,3.42
-67,-26.5,B,2020,4,12,103,0,2.87
-67,-26.5,B,2020,4,13,104,0,3.48
-67,-26.5,B,2020,4,14,105,0,3.54
-67,-26.5,B,2020,4,15,106,0,4.64
-67,-26.5,B,2020,4,16,107,0,5.37
-67,-26.5,B,2020,4,17,108,0,5.07
-67,-26.5,B,2020,4,18,109,0,4.64
-67,-26.5,B,2020,4,19,110,0,4.27
-67,-26.5,B,2020,4,20,111,0,4.52
-67,-26.5,B,2020,4,21,112,0,5.37
-67,-26.5,B,2020,4,22,113,0,4.27
-67,-26.5,B,2020,4,23,114,0,2.81
-67,-26.5,B,2020,4,24,115,0,2.56
-67,-26.5,B,2020,4,25,116,0.96,3.42
-67,-26.5,B,2020,4,26,117,5.81,3.78
-67,-26.5,B,2020,4,27,118,0.28,3.17
-67,-26.5,B,2020,4,28,119,0.05,3.42
-67,-26.5,B,2020,4,29,120,0,3.05
-67,-26.5,B,2020,4,30,121,0,3.17
-67,-26.5,B,2020,5,1,122,0,4.09
-67,-26.5,B,2020,5,2,123,0.02,3.23
-67,-26.5,B,2020,5,3,124,0.02,2.87
-67,-26.5,B,2020,5,4,125,0,2.93
-67,-26.5,B,2020,5,5,126,0.16,3.36
-67,-26.5,B,2020,5,6,127,0.02,3.66
-67,-26.5,B,2020,5,7,128,0,3.23
-67,-26.5,B,2020,5,8,129,0,2.87
-67,-26.5,B,2020,5,9,130,0,2.69
-67,-26.5,B,2020,5,10,131,0,2.56
-67,-26.5,B,2020,5,11,132,0,2.62
-67,-26.5,B,2020,5,12,133,0,2.5
-67,-26.5,B,2020,5,13,134,0,2.81
-67,-26.5,B,2020,5,14,135,0,2.69
-67,-26.5,B,2020,5,15,136,0,2.5
-67,-26.5,B,2020,5,16,137,0,2.44
-67,-26.5,B,2020,5,17,138,0,2.62
-67,-26.5,B,2020,5,18,139,0,2.2
-67,-26.5,B,2020,5,19,140,0,1.95
-67,-26.5,B,2020,5,20,141,0,1.83
-67,-26.5,B,2020,5,21,142,0.12,1.83
-67,-26.5,B,2020,5,22,143,0.41,2.01
-67,-26.5,B,2020,5,23,144,0.09,2.08
-67,-26.5,B,2020,5,24,145,0,2.93
-67,-26.5,B,2020,5,25,146,0,2.69
-67,-26.5,B,2020,5,26,147,0,2.62
-67,-26.5,B,2020,5,27,148,0,2.75
-67,-26.5,B,2020,5,28,149,0,2.62
-67,-26.5,B,2020,5,29,150,0,3.23
-67,-26.5,B,2020,5,30,151,0,3.3
-67,-26.5,B,2020,5,31,152,0,3.17
-67,-26.5,B,2020,6,1,153,0,2.2
-67,-26.5,B,2020,6,2,154,0,1.77
-67,-26.5,B,2020,6,3,155,0.01,1.89
-67,-26.5,B,2020,6,4,156,1.54,1.95
-67,-26.5,B,2020,6,5,157,0.02,1.46
-67,-26.5,B,2020,6,6,158,0,1.71
-67,-26.5,B,2020,6,7,159,0,2.26
-67,-26.5,B,2020,6,8,160,0,2.56
-67,-26.5,B,2020,6,9,161,0,2.08
-67,-26.5,B,2020,6,10,162,0,2.2
-67,-26.5,B,2020,6,11,163,49.03,4.46
-67,-26.5,B,2020,6,12,164,78.7,3.11
-67,-26.5,B,2020,6,13,165,0,2.56
-67,-26.5,B,2020,6,14,166,0,2.44
-67,-26.5,B,2020,6,15,167,0,2.26
-67,-26.5,B,2020,6,16,168,0,2.87
-67,-26.5,B,2020,6,17,169,0,2.08
-67,-26.5,B,2020,6,18,170,0,2.56
-67,-26.5,B,2020,6,19,171,0,2.69
-67,-26.5,B,2020,6,20,172,0,2.14
-67,-26.5,B,2020,6,21,173,0,2.26
-67,-26.5,B,2020,6,22,174,0,2.26
-67,-26.5,B,2020,6,23,175,0,1.77
-67,-26.5,B,2020,6,24,176,0,2.08
-67,-26.5,B,2020,6,25,177,1.53,2.26
-67,-26.5,B,2020,6,26,178,0,2.2
-67,-26.5,B,2020,6,27,179,0,2.01
-67,-26.5,B,2020,6,28,180,0,2.14
-67,-26.5,B,2020,6,29,181,0,2.2
-67,-26.5,B,2020,6,30,182,0,1.95
-67,-26.5,B,2020,7,1,183,0,2.69
-67,-26.5,B,2020,7,2,184,0,2.44
-67,-26.5,B,2020,7,3,185,0,1.95
-67,-26.5,B,2020,7,4,186,0,1.16
-67,-26.5,B,2020,7,5,187,0,1.34
-67,-26.5,B,2020,7,6,188,0,1.4
-67,-26.5,B,2020,7,7,189,0,1.53
-67,-26.5,B,2020,7,8,190,0,1.34
-67,-26.5,B,2020,7,9,191,0,1.77
-67,-26.5,B,2020,7,10,192,0,1.89
-67,-26.5,B,2020,7,11,193,0,1.83
-67,-26.5,B,2020,7,12,194,0,2.01
-67,-26.5,B,2020,7,13,195,0,2.2
-67,-26.5,B,2020,7,14,196,0,1.95
-67,-26.5,B,2020,7,15,197,0,1.59
-67,-26.5,B,2020,7,16,198,0,1.77
-67,-26.5,B,2020,7,17,199,0,1.4
-67,-26.5,B,2020,7,18,200,0,1.59
-67,-26.5,B,2020,7,19,201,0,1.59
-67,-26.5,B,2020,7,20,202,0,1.65
-67,-26.5,B,2020,7,21,203,0,1.59
-67,-26.5,B,2020,7,22,204,0.01,1.4
-67,-26.5,B,2020,7,23,205,0.06,1.22
-67,-26.5,B,2020,7,24,206,0.11,1.04
-67,-26.5,B,2020,7,25,207,0.05,1.34
-67,-26.5,B,2020,7,26,208,0,1.71
-67,-26.5,B,2020,7,27,209,0,1.59
-67,-26.5,B,2020,7,28,210,0,1.65
-67,-26.5,B,2020,7,29,211,0,1.53
-67,-26.5,B,2020,7,30,212,0,1.46
-67,-26.5,B,2020,7,31,213,0,1.53
-67,-26.5,B,2020,8,1,214,0,1.46
-67,-26.5,B,2020,8,2,215,0,2.14
-67,-26.5,B,2020,8,3,216,0,2.26
-67,-26.5,B,2020,8,4,217,0,1.95
-67,-26.5,B,2020,8,5,218,0,1.89
-67,-26.5,B,2020,8,6,219,0,2.93
-67,-26.5,B,2020,8,7,220,0,2.38
-67,-26.5,B,2020,8,8,221,0,1.95
-67,-26.5,B,2020,8,9,222,0,1.95
-67,-26.5,B,2020,8,10,223,0,2.26
-67,-26.5,B,2020,8,11,224,0,2.26
-67,-26.5,B,2020,8,12,225,0,1.77
-67,-26.5,B,2020,8,13,226,0,1.4
-67,-26.5,B,2020,8,14,227,0,1.28
-67,-26.5,B,2020,8,15,228,0,1.4
-67,-26.5,B,2020,8,16,229,0,1.34
-67,-26.5,B,2020,8,17,230,0,1.46
-67,-26.5,B,2020,8,18,231,0,1.28
-67,-26.5,B,2020,8,19,232,0,1.53
-67,-26.5,B,2020,8,20,233,0,1.83
-67,-26.5,B,2020,8,21,234,0,1.83
-67,-26.5,B,2020,8,22,235,0,1.77
-67,-26.5,B,2020,8,23,236,0,2.26
-67,-26.5,B,2020,8,24,237,0,3.23
-67,-26.5,B,2020,8,25,238,0,2.87
-67,-26.5,B,2020,8,26,239,0,2.5
-67,-26.5,B,2020,8,27,240,0,1.89
-67,-26.5,B,2020,8,28,241,0,1.28
-67,-26.5,B,2020,8,29,242,0.03,1.04
-67,-26.5,B,2020,8,30,243,0.17,1.77
-67,-26.5,B,2020,8,31,244,0.07,2.99
-67,-26.5,B,2020,9,1,245,0,2.38
-67,-26.5,B,2020,9,2,246,0,1.04
-67,-26.5,B,2020,9,3,247,0,1.04
-67,-26.5,B,2020,9,4,248,0,1.4
-67,-26.5,B,2020,9,5,249,0,1.28
-67,-26.5,B,2020,9,6,250,0,1.22
-67,-26.5,B,2020,9,7,251,0,1.1
-67,-26.5,B,2020,9,8,252,0,1.1
-67,-26.5,B,2020,9,9,253,0,1.89
-67,-26.5,B,2020,9,10,254,0,1.89
-67,-26.5,B,2020,9,11,255,0,2.08
-67,-26.5,B,2020,9,12,256,0,1.65
-67,-26.5,B,2020,9,13,257,0.06,2.56
-67,-26.5,B,2020,9,14,258,0.14,3.85
-67,-26.5,B,2020,9,15,259,0,2.56
-67,-26.5,B,2020,9,16,260,0,1.65
-67,-26.5,B,2020,9,17,261,0,1.71
-67,-26.5,B,2020,9,18,262,0,2.38
-67,-26.5,B,2020,9,19,263,0,2.75
-67,-26.5,B,2020,9,20,264,0,2.5
-67,-26.5,B,2020,9,21,265,0,2.62
-67,-26.5,B,2020,9,22,266,0,2.08
-67,-26.5,B,2020,9,23,267,0,1.95
-67,-26.5,B,2020,9,24,268,0,2.08
-67,-26.5,B,2020,9,25,269,0,2.01
-67,-26.5,B,2020,9,26,270,0,2.08
-67,-26.5,B,2020,9,27,271,0,1.46
-67,-26.5,B,2020,9,28,272,0,1.34
-67,-26.5,B,2020,9,29,273,0,1.59
-67,-26.5,B,2020,9,30,274,0,1.71
-67,-26.5,B,2020,10,1,275,0,1.71
-67,-26.5,B,2020,10,2,276,0,1.89
-67,-26.5,B,2020,10,3,277,0,2.32
-67,-26.5,B,2020,10,4,278,0,1.89
-67,-26.5,B,2020,10,5,279,0,2.5
-67,-26.5,B,2020,10,6,280,0,3.97
-67,-26.5,B,2020,10,7,281,0,3.97
-67,-26.5,B,2020,10,8,282,0,2.44
-67,-26.5,B,2020,10,9,283,0,2.62
-67,-26.5,B,2020,10,10,284,0,2.38
-67,-26.5,B,2020,10,11,285,1.1,2.69
-67,-26.5,B,2020,10,12,286,0,3.05
-67,-26.5,B,2020,10,13,287,0,3.11
-67,-26.5,B,2020,10,14,288,0.02,2.38
-67,-26.5,B,2020,10,15,289,0,2.87
-67,-26.5,B,2020,10,16,290,0,3.23
-67,-26.5,B,2020,10,17,291,0,3.78
-67,-26.5,B,2020,10,18,292,0,3.72
-67,-26.5,B,2020,10,19,293,4.03,5
-67,-26.5,B,2020,10,20,294,2.25,5.86
-67,-26.5,B,2020,10,21,295,0.1,5.19
-67,-26.5,B,2020,10,22,296,0,4.76
-67,-26.5,B,2020,10,23,297,0,3.17
-67,-26.5,B,2020,10,24,298,0,1.77
-67,-26.5,B,2020,10,25,299,0.2,1.46
-67,-26.5,B,2020,10,26,300,0.19,1.65
-67,-26.5,B,2020,10,27,301,0,1.34
-67,-26.5,B,2020,10,28,302,8,2.32
-67,-26.5,B,2020,10,29,303,1.63,3.72
-67,-26.5,B,2020,10,30,304,0.02,3.48
-67,-26.5,B,2020,10,31,305,0,3.97
-67,-26.5,B,2020,11,1,306,0,4.09
-67,-26.5,B,2020,11,2,307,0,4.39
-67,-26.5,B,2020,11,3,308,0,4.58
-67,-26.5,B,2020,11,4,309,0,4.7
-67,-26.5,B,2020,11,5,310,0,3.72
-67,-26.5,B,2020,11,6,311,0,4.03
-67,-26.5,B,2020,11,7,312,0,4.39
-67,-26.5,B,2020,11,8,313,0.01,3.91
-67,-26.5,B,2020,11,9,314,0.04,3.42
-67,-26.5,B,2020,11,10,315,4.67,3.23
-67,-26.5,B,2020,11,11,316,4.19,3.66
-67,-26.5,B,2020,11,12,317,0.47,3.85
-67,-26.5,B,2020,11,13,318,0.13,2.44
-67,-26.5,B,2020,11,14,319,0.68,1.83
-67,-26.5,B,2020,11,15,320,0.34,1.65
-67,-26.5,B,2020,11,16,321,0.48,1.71
-67,-26.5,B,2020,11,17,322,18.15,2.01
-67,-26.5,B,2020,11,18,323,9.47,2.99
-67,-26.5,B,2020,11,19,324,0.04,3.23
-67,-26.5,B,2020,11,20,325,0,1.95
-67,-26.5,B,2020,11,21,326,0,2.56
-67,-26.5,B,2020,11,22,327,0,3.66
-67,-26.5,B,2020,11,23,328,0,2.87
-67,-26.5,B,2020,11,24,329,0,3.36
-67,-26.5,B,2020,11,25,330,0.06,3.66
-67,-26.5,B,2020,11,26,331,12.66,5.31
-67,-26.5,B,2020,11,27,332,2.43,3.6
-67,-26.5,B,2020,11,28,333,0.01,3.54
-67,-26.5,B,2020,11,29,334,11.31,5.25
-67,-26.5,B,2020,11,30,335,6.6,7.63
-67,-26.5,B,2020,12,1,336,0,5
-67,-26.5,B,2020,12,2,337,1.44,3.17
-67,-26.5,B,2020,12,3,338,3.21,3.6
-67,-26.5,B,2020,12,4,339,11,4.46
-67,-26.5,B,2020,12,5,340,0.2,4.21
-67,-26.5,B,2020,12,6,341,0,4.88
-67,-26.5,B,2020,12,7,342,0,5.74
-67,-26.5,B,2020,12,8,343,0.81,6.16
-67,-26.5,B,2020,12,9,344,0.02,4.33
-67,-26.5,B,2020,12,10,345,0,5.55
-67,-26.5,B,2020,12,11,346,3.26,4.94
-67,-26.5,B,2020,12,12,347,0.22,4.39
-67,-26.5,B,2020,12,13,348,0.84,6.1
-67,-26.5,B,2020,12,14,349,0.02,5.13
-67,-26.5,B,2020,12,15,350,1.33,4.09
-67,-26.5,B,2020,12,16,351,1.48,4.58
-67,-26.5,B,2020,12,17,352,0.1,3.85
-67,-26.5,B,2020,12,18,353,0,2.2
-67,-26.5,B,2020,12,19,354,0,1.71
-67,-26.5,B,2020,12,20,355,0,2.99
-67,-26.5,B,2020,12,21,356,0,5.07
-67,-26.5,B,2020,12,22,357,0,6.35
-67,-26.5,B,2020,12,23,358,0,6.96
-67,-26.5,B,2020,12,24,359,8.65,7.2
-67,-26.5,B,2020,12,25,360,4.61,8.24
-67,-26.5,B,2020,12,26,361,1.91,7.08
-67,-26.5,B,2020,12,27,362,10.3,7.26
-67,-26.5,B,2020,12,28,363,76.91,8.42
-67,-26.5,B,2020,12,29,364,4.26,8.24
-67,-26.5,B,2020,12,30,365,48.42,8.36
-67,-26.5,B,2020,12,31,366,19.18,7.2
-67,-26.5,B,2021,1,1,1,0,8.42
-67,-26.5,B,2021,1,2,2,0.35,8.18
-67,-26.5,B,2021,1,3,3,2.66,6.65
-67,-26.5,B,2021,1,4,4,3.15,6.59
-67,-26.5,B,2021,1,5,5,41.74,7.14
-67,-26.5,B,2021,1,6,6,6.56,6.47
-67,-26.5,B,2021,1,7,7,0.93,6.04
-67,-26.5,B,2021,1,8,8,0.3,6.16
-67,-26.5,B,2021,1,9,9,0.04,4.94
-67,-26.5,B,2021,1,10,10,0.01,3.91
-67,-26.5,B,2021,1,11,11,5.06,4.15
-67,-26.5,B,2021,1,12,12,6.47,7.39
-67,-26.5,B,2021,1,13,13,4.11,7.51
-67,-26.5,B,2021,1,14,14,1.81,8.36
-67,-26.5,B,2021,1,15,15,14.65,8.97
-67,-26.5,B,2021,1,16,16,27.7,7.93
-67,-26.5,B,2021,1,17,17,7.57,6.23
-67,-26.5,B,2021,1,18,18,0,4.88
-67,-26.5,B,2021,1,19,19,0,6.35
-67,-26.5,B,2021,1,20,20,0,5.8
-67,-26.5,B,2021,1,21,21,0,5.55
-67,-26.5,B,2021,1,22,22,0.04,6.29
-67,-26.5,B,2021,1,23,23,0.14,7.45
-67,-26.5,B,2021,1,24,24,0.14,8.06
-67,-26.5,B,2021,1,25,25,0.04,7.39
-67,-26.5,B,2021,1,26,26,0,6.16
-67,-26.5,B,2021,1,27,27,0,5.68
-67,-26.5,B,2021,1,28,28,0,6.16
-67,-26.5,B,2021,1,29,29,0,5.62
-67,-26.5,B,2021,1,30,30,29.24,5.13
-67,-26.5,B,2021,1,31,31,2.19,4.21
-67,-26.5,B,2021,2,1,32,3.65,3.11
-67,-26.5,B,2021,2,2,33,5.82,4.09
-67,-26.5,B,2021,2,3,34,1.91,5.74
-67,-26.5,B,2021,2,4,35,0.04,7.45
-67,-26.5,B,2021,2,5,36,0,7.87
-67,-26.5,B,2021,2,6,37,0,7.87
-67,-26.5,B,2021,2,7,38,0,8.61
-67,-26.5,B,2021,2,8,39,21.84,7.63
-67,-26.5,B,2021,2,9,40,44.49,6.65
-67,-26.5,B,2021,2,10,41,8.11,5.8
-67,-26.5,B,2021,2,11,42,1.29,5.74
-67,-26.5,B,2021,2,12,43,0.41,6.04
-67,-26.5,B,2021,2,13,44,0.09,5.8
-67,-26.5,B,2021,2,14,45,0,5.07
-67,-26.5,B,2021,2,15,46,7.19,4.76
-67,-26.5,B,2021,2,16,47,0.74,5.07
-67,-26.5,B,2021,2,17,48,0.2,5.55
-67,-26.5,B,2021,2,18,49,0.04,5.62
-67,-26.5,B,2021,2,19,50,0.31,6.35
-67,-26.5,B,2021,2,20,51,0.36,5.98
-67,-26.5,B,2021,2,21,52,0.07,5.19
-67,-26.5,B,2021,2,22,53,0,7.81
-67,-26.5,B,2021,2,23,54,19.84,8.42
-67,-26.5,B,2021,2,24,55,15.26,8.79
-67,-26.5,B,2021,2,25,56,0.82,7.75
-67,-26.5,B,2021,2,26,57,0.13,8.48
-67,-26.5,B,2021,2,27,58,2.58,7.63
-67,-26.5,B,2021,2,28,59,1.68,8.06
-67,-26.5,B,2021,3,1,60,23.61,8.3
-67,-26.5,B,2021,3,2,61,7.55,7.08
-67,-26.5,B,2021,3,3,62,8.16,7.81
-67,-26.5,B,2021,3,4,63,2.45,6.53
-67,-26.5,B,2021,3,5,64,0.48,6.53
-67,-26.5,B,2021,3,6,65,0,5.49
-67,-26.5,B,2021,3,7,66,0,5.98
-67,-26.5,B,2021,3,8,67,0.06,7.26
-67,-26.5,B,2021,3,9,68,0.05,7.69
-67,-26.5,B,2021,3,10,69,0,6.35
-67,-26.5,B,2021,3,11,70,0.99,7.08
-67,-26.5,B,2021,3,12,71,17.64,7.45
-67,-26.5,B,2021,3,13,72,3.42,6.35
-67,-26.5,B,2021,3,14,73,6.13,6.47
-67,-26.5,B,2021,3,15,74,0.89,5.43
-67,-26.5,B,2021,3,16,75,4.7,4.33
-67,-26.5,B,2021,3,17,76,0.88,4.7
-67,-26.5,B,2021,3,18,77,2.91,4.33
-67,-26.5,B,2021,3,19,78,3.03,4.7
-67,-26.5,B,2021,3,20,79,3.55,4.64
-67,-26.5,B,2021,3,21,80,3.27,5.86
-67,-26.5,B,2021,3,22,81,0,4.58
-67,-26.5,B,2021,3,23,82,463.86,6.1
-67,-26.5,B,2021,3,24,83,22.29,4.94
-67,-26.5,B,2021,3,25,84,2.35,4.09
-67,-26.5,B,2021,3,26,85,6.86,3.66
-67,-26.5,B,2021,3,27,86,2.56,4.09
-67,-26.5,B,2021,3,28,87,0.03,5
-67,-26.5,B,2021,3,29,88,0.01,5
-67,-26.5,B,2021,3,30,89,0.02,4.82
-67,-26.5,B,2021,3,31,90,0,4.7
-67,-26.5,B,2021,4,1,91,0,4.33
-67,-26.5,B,2021,4,2,92,0,4.52
-67,-26.5,B,2021,4,3,93,0.02,4.76
-67,-26.5,B,2021,4,4,94,0.01,5.37
-67,-26.5,B,2021,4,5,95,0.01,4.15
-67,-26.5,B,2021,4,6,96,0.15,4.33
-67,-26.5,B,2021,4,7,97,0.44,4.7
-67,-26.5,B,2021,4,8,98,1.33,3.85
-67,-26.5,B,2021,4,9,99,2.72,3.85
-67,-26.5,B,2021,4,10,100,3.46,4.21
-67,-26.5,B,2021,4,11,101,0.85,4.88
-67,-26.5,B,2021,4,12,102,0.02,5.37
-67,-26.5,B,2021,4,13,103,0,6.16
-67,-26.5,B,2021,4,14,104,0,4.58
-67,-26.5,B,2021,4,15,105,0,3.97
-67,-26.5,B,2021,4,16,106,0.66,5.8
-67,-26.5,B,2021,4,17,107,0.41,5.31
-67,-26.5,B,2021,4,18,108,0.04,5.07
-67,-26.5,B,2021,4,19,109,0,4.15
-67,-26.5,B,2021,4,20,110,0,3.11
-67,-26.5,B,2021,4,21,111,0.34,2.81
-67,-26.5,B,2021,4,22,112,2.63,2.56
-67,-26.5,B,2021,4,23,113,4.19,2.62
-67,-26.5,B,2021,4,24,114,7.54,3.11
-67,-26.5,B,2021,4,25,115,1.95,3.78
-67,-26.5,B,2021,4,26,116,0,3.48
-67,-26.5,B,2021,4,27,117,0,3.48
-67,-26.5,B,2021,4,28,118,0,3.97
-67,-26.5,B,2021,4,29,119,0,3.66
-67,-26.5,B,2021,4,30,120,0,2.93
-67,-26.5,B,2021,5,1,121,0,2.56
-67,-26.5,B,2021,5,2,122,0,2.62
-67,-26.5,B,2021,5,3,123,1.85,2.56
-67,-26.5,B,2021,5,4,124,10.62,3.36
-67,-26.5,B,2021,5,5,125,2.66,2.69
-67,-26.5,B,2021,5,6,126,0,2.75
-67,-26.5,B,2021,5,7,127,0,3.11
-67,-26.5,B,2021,5,8,128,0,3.3
-67,-26.5,B,2021,5,9,129,0,3.05
-67,-26.5,B,2021,5,10,130,0.65,2.81
-67,-26.5,B,2021,5,11,131,0.99,2.93
-67,-26.5,B,2021,5,12,132,0.22,2.87
-67,-26.5,B,2021,5,13,133,0,3.66
-67,-26.5,B,2021,5,14,134,0,3.05
-67,-26.5,B,2021,5,15,135,0,2.93
-67,-26.5,B,2021,5,16,136,0,3.36
-67,-26.5,B,2021,5,17,137,0,2.87
-67,-26.5,B,2021,5,18,138,0.01,2.56
-67,-26.5,B,2021,5,19,139,0.01,2.56
-67,-26.5,B,2021,5,20,140,0,3.11
-67,-26.5,B,2021,5,21,141,0,1.89
-67,-26.5,B,2021,5,22,142,0,1.95
-67,-26.5,B,2021,5,23,143,0,2.44
-67,-26.5,B,2021,5,24,144,0,2.5
-67,-26.5,B,2021,5,25,145,0,2.75
-67,-26.5,B,2021,5,26,146,0,3.6
-67,-26.5,B,2021,5,27,147,0,3.85
-67,-26.5,B,2021,5,28,148,0,3.36
-67,-26.5,B,2021,5,29,149,0,3.05
-67,-26.5,B,2021,5,30,150,0,2.56
-67,-26.5,B,2021,5,31,151,0,2.38
-67,-26.5,B,2021,6,1,152,0,2.87
-67,-26.5,B,2021,6,2,153,0,3.05
-67,-26.5,B,2021,6,3,154,0,3.11
-67,-26.5,B,2021,6,4,155,0,2.87
-67,-26.5,B,2021,6,5,156,0,3.05
-67,-26.5,B,2021,6,6,157,0,2.26
-67,-26.5,B,2021,6,7,158,0,2.01
-67,-26.5,B,2021,6,8,159,0,2.08
-67,-26.5,B,2021,6,9,160,0,2.38
-67,-26.5,B,2021,6,10,161,0,2.44
-67,-26.5,B,2021,6,11,162,0,2.38
-67,-26.5,B,2021,6,12,163,0,2.32
-67,-26.5,B,2021,6,13,164,0,2.14
-67,-26.5,B,2021,6,14,165,0,2.56
-67,-26.5,B,2021,6,15,166,3,3.23
-67,-26.5,B,2021,6,16,167,1.05,3.05
-67,-26.5,B,2021,6,17,168,0.85,2.87
-67,-26.5,B,2021,6,18,169,0.18,2.5
-67,-26.5,B,2021,6,19,170,0,2.01
-67,-26.5,B,2021,6,20,171,0,2.32
-67,-26.5,B,2021,6,21,172,4.1,1.95
-67,-26.5,B,2021,6,22,173,10.9,2.2
-67,-26.5,B,2021,6,23,174,0,2.26
-67,-26.5,B,2021,6,24,175,0,1.89
-67,-26.5,B,2021,6,25,176,0,2.2
-67,-26.5,B,2021,6,26,177,0.82,1.71
-67,-26.5,B,2021,6,27,178,1.89,1.46
-67,-26.5,B,2021,6,28,179,0.03,1.53
-67,-26.5,B,2021,6,29,180,0,1.46
-67,-26.5,B,2021,6,30,181,0,2.01
-67,-26.5,B,2021,7,1,182,0,2.26
-67,-26.5,B,2021,7,2,183,0,2.38
-67,-26.5,B,2021,7,3,184,0,2.5
-67,-26.5,B,2021,7,4,185,0,2.62
-67,-26.5,B,2021,7,5,186,0,2.56
-67,-26.5,B,2021,7,6,187,0,2.2
-67,-26.5,B,2021,7,7,188,0,1.95
-67,-26.5,B,2021,7,8,189,0,2.08
-67,-26.5,B,2021,7,9,190,0,2.14
-67,-26.5,B,2021,7,10,191,0,2.2
-67,-26.5,B,2021,7,11,192,0,2.56
-67,-26.5,B,2021,7,12,193,0,3.23
-67,-26.5,B,2021,7,13,194,0,4.15
-67,-26.5,B,2021,7,14,195,0,3.11
-67,-26.5,B,2021,7,15,196,0,2.38
-67,-26.5,B,2021,7,16,197,0,1.71
-67,-26.5,B,2021,7,17,198,0,2.14
-67,-26.5,B,2021,7,18,199,0,2.44
-67,-26.5,B,2021,7,19,200,0,2.44
-67,-26.5,B,2021,7,20,201,0,2.01
-67,-26.5,B,2021,7,21,202,0,2.14
-67,-26.5,B,2021,7,22,203,0,2.75
-67,-26.5,B,2021,7,23,204,0,2.56
-67,-26.5,B,2021,7,24,205,0,2.44
-67,-26.5,B,2021,7,25,206,0,1.4
-67,-26.5,B,2021,7,26,207,0,1.4
-67,-26.5,B,2021,7,27,208,0.01,1.46
-67,-26.5,B,2021,7,28,209,0,1.53
-67,-26.5,B,2021,7,29,210,0,1.89
-67,-26.5,B,2021,7,30,211,0,2.32
-67,-26.5,B,2021,7,31,212,0,2.81
-67,-26.5,B,2021,8,1,213,0,2.69
-67,-26.5,B,2021,8,2,214,0,2.62
-67,-26.5,B,2021,8,3,215,0,2.87
-67,-26.5,B,2021,8,4,216,0,3.66
-67,-26.5,B,2021,8,5,217,0,2.32
-67,-26.5,B,2021,8,6,218,0,2.2
-67,-26.5,B,2021,8,7,219,0,1.89
-67,-26.5,B,2021,8,8,220,0,2.01
-67,-26.5,B,2021,8,9,221,0,1.65
-67,-26.5,B,2021,8,10,222,0,1.59
-67,-26.5,B,2021,8,11,223,0,1.89
-67,-26.5,B,2021,8,12,224,0,2.14
-67,-26.5,B,2021,8,13,225,0,1.71
-67,-26.5,B,2021,8,14,226,0,2.01
-67,-26.5,B,2021,8,15,227,0,2.32
-67,-26.5,B,2021,8,16,228,0,2.2
-67,-26.5,B,2021,8,17,229,0,2.14
-67,-26.5,B,2021,8,18,230,0,1.77
-67,-26.5,B,2021,8,19,231,0,1.95
-67,-26.5,B,2021,8,20,232,0,2.26
-67,-26.5,B,2021,8,21,233,0,1.77
-67,-26.5,B,2021,8,22,234,0,1.34
-67,-26.5,B,2021,8,23,235,0,1.1
-67,-26.5,B,2021,8,24,236,0,1.28
-67,-26.5,B,2021,8,25,237,0.02,1.46
-67,-26.5,B,2021,8,26,238,0,1.28
-67,-26.5,B,2021,8,27,239,0,1.34
-67,-26.5,B,2021,8,28,240,0,1.83
-67,-26.5,B,2021,8,29,241,0,2.08
-67,-26.5,B,2021,8,30,242,0,1.65
-67,-26.5,B,2021,8,31,243,0,1.89
-67,-26.5,B,2021,9,1,244,0.38,2.26
-67,-26.5,B,2021,9,2,245,0.37,2.08
-67,-26.5,B,2021,9,3,246,0,1.46
-67,-26.5,B,2021,9,4,247,0.02,1.4
-67,-26.5,B,2021,9,5,248,0.31,1.53
-67,-26.5,B,2021,9,6,249,0.06,1.71
-67,-26.5,B,2021,9,7,250,0.03,1.28
-67,-26.5,B,2021,9,8,251,0.23,1.34
-67,-26.5,B,2021,9,9,252,0,1.77
-67,-26.5,B,2021,9,10,253,0,1.89
-67,-26.5,B,2021,9,11,254,0,1.34
-67,-26.5,B,2021,9,12,255,0,1.22
-67,-26.5,B,2021,9,13,256,0,1.28
-67,-26.5,B,2021,9,14,257,0.01,1.46
-67,-26.5,B,2021,9,15,258,0.02,1.59
-67,-26.5,B,2021,9,16,259,0,1.46
-67,-26.5,B,2021,9,17,260,0,1.28
-67,-26.5,B,2021,9,18,261,0,1.46
-67,-26.5,B,2021,9,19,262,0,2.75
-67,-26.5,B,2021,9,20,263,1.35,4.46
-67,-26.5,B,2021,9,21,264,0.35,4.52
-67,-26.5,B,2021,9,22,265,0,2.62
-67,-26.5,B,2021,9,23,266,0,2.44
-67,-26.5,B,2021,9,24,267,0,2.62
-67,-26.5,B,2021,9,25,268,0,1.77
-67,-26.5,B,2021,9,26,269,0,2.5
-67,-26.5,B,2021,9,27,270,0,2.93
-67,-26.5,B,2021,9,28,271,0,4.15
-67,-26.5,B,2021,9,29,272,0,2.5
-67,-26.5,B,2021,9,30,273,0,1.71
-67,-26.5,B,2021,10,1,274,0,1.59
-67,-26.5,B,2021,10,2,275,0.61,1.28
-67,-26.5,B,2021,10,3,276,2.16,1.4
-67,-26.5,B,2021,10,4,277,0,1.34
-67,-26.5,B,2021,10,5,278,0,1.28
-67,-26.5,B,2021,10,6,279,0,2.87
-67,-26.5,B,2021,10,7,280,0,3.17
-67,-26.5,B,2021,10,8,281,0,2.69
-67,-26.5,B,2021,10,9,282,0,2.69
-67,-26.5,B,2021,10,10,283,0,1.89
-67,-26.5,B,2021,10,11,284,0,1.89
-67,-26.5,B,2021,10,12,285,0,1.53
-67,-26.5,B,2021,10,13,286,0.01,1.16
-67,-26.5,B,2021,10,14,287,0.73,1.16
-67,-26.5,B,2021,10,15,288,2.21,1.59
-67,-26.5,B,2021,10,16,289,0.06,1.53
-67,-26.5,B,2021,10,17,290,0,1.53
-67,-26.5,B,2021,10,18,291,0,2.99
-67,-26.5,B,2021,10,19,292,0,3.05
-67,-26.5,B,2021,10,20,293,0,1.59
-67,-26.5,B,2021,10,21,294,0,1.34
-67,-26.5,B,2021,10,22,295,0,1.28
-67,-26.5,B,2021,10,23,296,0,1.83
-67,-26.5,B,2021,10,24,297,0,2.99
-67,-26.5,B,2021,10,25,298,0,3.11
-67,-26.5,B,2021,10,26,299,0,3.66
-67,-26.5,B,2021,10,27,300,0,3.54
-67,-26.5,B,2021,10,28,301,0,5.07
-67,-26.5,B,2021,10,29,302,0.28,5.37
-67,-26.5,B,2021,10,30,303,2.24,6.23
-67,-26.5,B,2021,10,31,304,12.63,5.74
-67,-26.5,B,2021,11,1,305,5.14,4.15
-67,-26.5,B,2021,11,2,306,0.63,3.42
-67,-26.5,B,2021,11,3,307,0.02,3.17
-67,-26.5,B,2021,11,4,308,29.43,3.54
-67,-26.5,B,2021,11,5,309,17.51,3.36
-67,-26.5,B,2021,11,6,310,0.06,2.62
-67,-26.5,B,2021,11,7,311,0,2.87
-67,-26.5,B,2021,11,8,312,1.97,3.05
-67,-26.5,B,2021,11,9,313,26.57,3.11
-67,-26.5,B,2021,11,10,314,14.29,3.3
-67,-26.5,B,2021,11,11,315,0.58,3.85
-67,-26.5,B,2021,11,12,316,0,4.15
-67,-26.5,B,2021,11,13,317,0.43,3.85
-67,-26.5,B,2021,11,14,318,0.31,5.86
-67,-26.5,B,2021,11,15,319,0,3.05
-67,-26.5,B,2021,11,16,320,7.14,4.88
-67,-26.5,B,2021,11,17,321,0.39,3.54
-67,-26.5,B,2021,11,18,322,0,3.72
-67,-26.5,B,2021,11,19,323,0,4.82
-67,-26.5,B,2021,11,20,324,0,4.76
-67,-26.5,B,2021,11,21,325,0,5.19
-67,-26.5,B,2021,11,22,326,1.69,5.68
-67,-26.5,B,2021,11,23,327,6.14,7.75
-67,-26.5,B,2021,11,24,328,0.07,4.39
-67,-26.5,B,2021,11,25,329,0,3.85
-67,-26.5,B,2021,11,26,330,0,5.74
-67,-26.5,B,2021,11,27,331,0.33,3.42
-67,-26.5,B,2021,11,28,332,0.66,4.33
-67,-26.5,B,2021,11,29,333,0,4.94
-67,-26.5,B,2021,11,30,334,0,3.91
-67,-26.5,B,2021,12,1,335,0,3.23
-67,-26.5,B,2021,12,2,336,12.27,4.88
-67,-26.5,B,2021,12,3,337,1.67,5.19
-67,-26.5,B,2021,12,4,338,6.03,7.75
-67,-26.5,B,2021,12,5,339,0.97,7.81
-67,-26.5,B,2021,12,6,340,1.44,7.51
-67,-26.5,B,2021,12,7,341,0.58,7.69
-67,-26.5,B,2021,12,8,342,0.07,7.69
-67,-26.5,B,2021,12,9,343,4.09,6.96
-67,-26.5,B,2021,12,10,344,1.85,5.98
-67,-26.5,B,2021,12,11,345,0.15,4.03
-67,-26.5,B,2021,12,12,346,8.37,3.66
-67,-26.5,B,2021,12,13,347,26.76,4.64
-67,-26.5,B,2021,12,14,348,1.22,3.78
-67,-26.5,B,2021,12,15,349,1.42,4.7
-67,-26.5,B,2021,12,16,350,0.79,6.65
-67,-26.5,B,2021,12,17,351,0.51,7.45
-67,-26.5,B,2021,12,18,352,0.15,7.51
-67,-26.5,B,2021,12,19,353,1.2,7.87
-67,-26.5,B,2021,12,20,354,0.26,7.26
-67,-26.5,B,2021,12,21,355,0.33,7.26
-67,-26.5,B,2021,12,22,356,17.24,7.87
-67,-26.5,B,2021,12,23,357,6.3,7.75
-67,-26.5,B,2021,12,24,358,0.32,7.87
-67,-26.5,B,2021,12,25,359,0.17,7.02
-67,-26.5,B,2021,12,26,360,0.08,7.02
-67,-26.5,B,2021,12,27,361,2.02,7.45
-67,-26.5,B,2021,12,28,362,4.05,7.14
-67,-26.5,B,2021,12,29,363,0.12,5.98
-67,-26.5,B,2021,12,30,364,0,6.71
-67,-26.5,B,2021,12,31,365,0,7.26
-67,-27,C,2012,1,1,1,0.01,8
-67,-27,C,2012,1,2,2,0,6.29
-67,-27,C,2012,1,3,3,0,6.47
-67,-27,C,2012,1,4,4,0.38,7.39
-67,-27,C,2012,1,5,5,1.01,7.2
-67,-27,C,2012,1,6,6,0.66,7.02
-67,-27,C,2012,1,7,7,1.57,7.63
-67,-27,C,2012,1,8,8,0.01,8.48
-67,-27,C,2012,1,9,9,0,8.79
-67,-27,C,2012,1,10,10,4.93,8.18
-67,-27,C,2012,1,11,11,9.5,7.75
-67,-27,C,2012,1,12,12,4.89,8.12
-67,-27,C,2012,1,13,13,0,7.02
-67,-27,C,2012,1,14,14,0.01,6.9
-67,-27,C,2012,1,15,15,0,6.96
-67,-27,C,2012,1,16,16,0.23,8.42
-67,-27,C,2012,1,17,17,0.42,9.09
-67,-27,C,2012,1,18,18,0.5,8.12
-67,-27,C,2012,1,19,19,0.16,7.69
-67,-27,C,2012,1,20,20,0.01,7.08
-67,-27,C,2012,1,21,21,8.06,6.84
-67,-27,C,2012,1,22,22,1.67,8.54
-67,-27,C,2012,1,23,23,0.35,7.14
-67,-27,C,2012,1,24,24,8.69,8.12
-67,-27,C,2012,1,25,25,1.7,7.45
-67,-27,C,2012,1,26,26,0.06,7.45
-67,-27,C,2012,1,27,27,0,8.24
-67,-27,C,2012,1,28,28,0,8.54
-67,-27,C,2012,1,29,29,0,10.25
-67,-27,C,2012,1,30,30,0.59,9.77
-67,-27,C,2012,1,31,31,2.3,7.69
-67,-27,C,2012,2,1,32,0.3,9.22
-67,-27,C,2012,2,2,33,1.31,9.4
-67,-27,C,2012,2,3,34,0.04,9.4
-67,-27,C,2012,2,4,35,0,10.93
-67,-27,C,2012,2,5,36,0.14,11.05
-67,-27,C,2012,2,6,37,0.15,10.25
-67,-27,C,2012,2,7,38,0.5,10.56
-67,-27,C,2012,2,8,39,29.26,9.77
-67,-27,C,2012,2,9,40,2.32,8.73
-67,-27,C,2012,2,10,41,0.53,7.87
-67,-27,C,2012,2,11,42,0,7.08
-67,-27,C,2012,2,12,43,0,7.63
-67,-27,C,2012,2,13,44,0,8.48
-67,-27,C,2012,2,14,45,0,10.13
-67,-27,C,2012,2,15,46,0,9.4
-67,-27,C,2012,2,16,47,0,8.97
-67,-27,C,2012,2,17,48,1.12,8.79
-67,-27,C,2012,2,18,49,0.48,9.28
-67,-27,C,2012,2,19,50,12.12,10.13
-67,-27,C,2012,2,20,51,13.9,9.03
-67,-27,C,2012,2,21,52,7.67,8.73
-67,-27,C,2012,2,22,53,1.93,7.69
-67,-27,C,2012,2,23,54,10.9,8.12
-67,-27,C,2012,2,24,55,12.67,8
-67,-27,C,2012,2,25,56,0.08,7.08
-67,-27,C,2012,2,26,57,1.09,7.87
-67,-27,C,2012,2,27,58,0.01,8.73
-67,-27,C,2012,2,28,59,0,8.36
-67,-27,C,2012,2,29,60,20.49,8.97
-67,-27,C,2012,3,1,61,0.9,8.48
-67,-27,C,2012,3,2,62,0,7.26
-67,-27,C,2012,3,3,63,0,8.24
-67,-27,C,2012,3,4,64,0.11,9.4
-67,-27,C,2012,3,5,65,5.91,8.97
-67,-27,C,2012,3,6,66,12.58,10.01
-67,-27,C,2012,3,7,67,0.72,10.01
-67,-27,C,2012,3,8,68,0.01,9.34
-67,-27,C,2012,3,9,69,0,9.83
-67,-27,C,2012,3,10,70,0,9.83
-67,-27,C,2012,3,11,71,0,8.91
-67,-27,C,2012,3,12,72,4.71,9.28
-67,-27,C,2012,3,13,73,0.56,9.09
-67,-27,C,2012,3,14,74,0.16,8.67
-67,-27,C,2012,3,15,75,0,7.81
-67,-27,C,2012,3,16,76,0,8.42
-67,-27,C,2012,3,17,77,0,7.45
-67,-27,C,2012,3,18,78,0,8.3
-67,-27,C,2012,3,19,79,0,8.3
-67,-27,C,2012,3,20,80,0.41,9.28
-67,-27,C,2012,3,21,81,2.11,8.61
-67,-27,C,2012,3,22,82,7.21,8.67
-67,-27,C,2012,3,23,83,0.4,7.87
-67,-27,C,2012,3,24,84,0.01,7.75
-67,-27,C,2012,3,25,85,6.78,7.45
-67,-27,C,2012,3,26,86,10.35,7.45
-67,-27,C,2012,3,27,87,1.18,5.98
-67,-27,C,2012,3,28,88,0,4.76
-67,-27,C,2012,3,29,89,0,4.58
-67,-27,C,2012,3,30,90,0,6.53
-67,-27,C,2012,3,31,91,0,7.14
-67,-27,C,2012,4,1,92,0,5.25
-67,-27,C,2012,4,2,93,15.97,8.06
-67,-27,C,2012,4,3,94,0.95,7.14
-67,-27,C,2012,4,4,95,0,4.39
-67,-27,C,2012,4,5,96,0.19,5.13
-67,-27,C,2012,4,6,97,0.01,4.52
-67,-27,C,2012,4,7,98,0,4.64
-67,-27,C,2012,4,8,99,3.4,5.74
-67,-27,C,2012,4,9,100,3.37,6.04
-67,-27,C,2012,4,10,101,13.07,5.55
-67,-27,C,2012,4,11,102,2.03,6.77
-67,-27,C,2012,4,12,103,3.69,8.36
-67,-27,C,2012,4,13,104,0.94,5.55
-67,-27,C,2012,4,14,105,5.01,5.43
-67,-27,C,2012,4,15,106,0.14,5.62
-67,-27,C,2012,4,16,107,0,4.15
-67,-27,C,2012,4,17,108,0,5.74
-67,-27,C,2012,4,18,109,0.01,4.7
-67,-27,C,2012,4,19,110,2.11,5.62
-67,-27,C,2012,4,20,111,3.08,5.62
-67,-27,C,2012,4,21,112,0.41,6.1
-67,-27,C,2012,4,22,113,0.46,5.13
-67,-27,C,2012,4,23,114,7.24,5.07
-67,-27,C,2012,4,24,115,3.32,4.33
-67,-27,C,2012,4,25,116,3.48,4.46
-67,-27,C,2012,4,26,117,0.19,3.66
-67,-27,C,2012,4,27,118,9.75,3.17
-67,-27,C,2012,4,28,119,0.59,2.87
-67,-27,C,2012,4,29,120,0,3.11
-67,-27,C,2012,4,30,121,0,3.17
-67,-27,C,2012,5,1,122,0,3.23
-67,-27,C,2012,5,2,123,0,3.17
-67,-27,C,2012,5,3,124,0,3.6
-67,-27,C,2012,5,4,125,0,4.15
-67,-27,C,2012,5,5,126,0,5.07
-67,-27,C,2012,5,6,127,0,5.19
-67,-27,C,2012,5,7,128,0,6.41
-67,-27,C,2012,5,8,129,0,5.86
-67,-27,C,2012,5,9,130,0,3.3
-67,-27,C,2012,5,10,131,0.13,3.85
-67,-27,C,2012,5,11,132,0.28,3.6
-67,-27,C,2012,5,12,133,0.15,3.36
-67,-27,C,2012,5,13,134,0,3.42
-67,-27,C,2012,5,14,135,0,3.91
-67,-27,C,2012,5,15,136,0,2.93
-67,-27,C,2012,5,16,137,0,2.81
-67,-27,C,2012,5,17,138,0,2.56
-67,-27,C,2012,5,18,139,0.84,3.78
-67,-27,C,2012,5,19,140,0.03,2.75
-67,-27,C,2012,5,20,141,0,2.93
-67,-27,C,2012,5,21,142,0.07,3.23
-67,-27,C,2012,5,22,143,0.03,2.44
-67,-27,C,2012,5,23,144,0,2.75
-67,-27,C,2012,5,24,145,0,2.5
-67,-27,C,2012,5,25,146,0,2.62
-67,-27,C,2012,5,26,147,0,2.87
-67,-27,C,2012,5,27,148,0,3.66
-67,-27,C,2012,5,28,149,0,2.81
-67,-27,C,2012,5,29,150,0,2.93
-67,-27,C,2012,5,30,151,1.8,3.54
-67,-27,C,2012,5,31,152,0.05,3.48
-67,-27,C,2012,6,1,153,0,3.23
-67,-27,C,2012,6,2,154,0,3.23
-67,-27,C,2012,6,3,155,0,2.69
-67,-27,C,2012,6,4,156,0,2.93
-67,-27,C,2012,6,5,157,0,1.89
-67,-27,C,2012,6,6,158,0,2.56
-67,-27,C,2012,6,7,159,0,2.38
-67,-27,C,2012,6,8,160,0,2.08
-67,-27,C,2012,6,9,161,0,2.87
-67,-27,C,2012,6,10,162,0,2.69
-67,-27,C,2012,6,11,163,0,2.08
-67,-27,C,2012,6,12,164,0,2.01
-67,-27,C,2012,6,13,165,0,2.38
-67,-27,C,2012,6,14,166,0,2.2
-67,-27,C,2012,6,15,167,0,2.62
-67,-27,C,2012,6,16,168,0.1,2.93
-67,-27,C,2012,6,17,169,0.2,2.56
-67,-27,C,2012,6,18,170,0.01,2.26
-67,-27,C,2012,6,19,171,0,2.08
-67,-27,C,2012,6,20,172,0,2.01
-67,-27,C,2012,6,21,173,0,1.59
-67,-27,C,2012,6,22,174,0,1.83
-67,-27,C,2012,6,23,175,0,1.83
-67,-27,C,2012,6,24,176,0,1.89
-67,-27,C,2012,6,25,177,0,2.14
-67,-27,C,2012,6,26,178,0,1.65
-67,-27,C,2012,6,27,179,0,1.83
-67,-27,C,2012,6,28,180,0.02,2.01
-67,-27,C,2012,6,29,181,0,2.14
-67,-27,C,2012,6,30,182,0,1.83
-67,-27,C,2012,7,1,183,0,1.65
-67,-27,C,2012,7,2,184,0,2.32
-67,-27,C,2012,7,3,185,4.39,2.08
-67,-27,C,2012,7,4,186,0,1.59
-67,-27,C,2012,7,5,187,0,1.4
-67,-27,C,2012,7,6,188,0,1.83
-67,-27,C,2012,7,7,189,0,1.46
-67,-27,C,2012,7,8,190,0,1.16
-67,-27,C,2012,7,9,191,0,1.65
-67,-27,C,2012,7,10,192,0,2.75
-67,-27,C,2012,7,11,193,0,2.2
-67,-27,C,2012,7,12,194,0,1.59
-67,-27,C,2012,7,13,195,0,1.95
-67,-27,C,2012,7,14,196,0,2.5
-67,-27,C,2012,7,15,197,0.02,2.69
-67,-27,C,2012,7,16,198,0.04,2.08
-67,-27,C,2012,7,17,199,0,1.46
-67,-27,C,2012,7,18,200,0,1.53
-67,-27,C,2012,7,19,201,0,1.77
-67,-27,C,2012,7,20,202,0,1.83
-67,-27,C,2012,7,21,203,0,1.53
-67,-27,C,2012,7,22,204,0,1.59
-67,-27,C,2012,7,23,205,0,1.46
-67,-27,C,2012,7,24,206,0,2.01
-67,-27,C,2012,7,25,207,0,1.77
-67,-27,C,2012,7,26,208,0,1.89
-67,-27,C,2012,7,27,209,0,1.95
-67,-27,C,2012,7,28,210,0,1.28
-67,-27,C,2012,7,29,211,0,2.08
-67,-27,C,2012,7,30,212,0,1.77
-67,-27,C,2012,7,31,213,0,1.65
-67,-27,C,2012,8,1,214,0,1.77
-67,-27,C,2012,8,2,215,0,1.95
-67,-27,C,2012,8,3,216,0,1.95
-67,-27,C,2012,8,4,217,0,2.26
-67,-27,C,2012,8,5,218,0,2.62
-67,-27,C,2012,8,6,219,0,2.44
-67,-27,C,2012,8,7,220,0.83,1.59
-67,-27,C,2012,8,8,221,0,1.59
-67,-27,C,2012,8,9,222,0,2.26
-67,-27,C,2012,8,10,223,0,2.5
-67,-27,C,2012,8,11,224,0,1.95
-67,-27,C,2012,8,12,225,0,1.95
-67,-27,C,2012,8,13,226,0,1.65
-67,-27,C,2012,8,14,227,0.01,2.38
-67,-27,C,2012,8,15,228,0,2.5
-67,-27,C,2012,8,16,229,0,2.2
-67,-27,C,2012,8,17,230,0,1.71
-67,-27,C,2012,8,18,231,0,1.71
-67,-27,C,2012,8,19,232,0,1.59
-67,-27,C,2012,8,20,233,0,1.83
-67,-27,C,2012,8,21,234,0,1.59
-67,-27,C,2012,8,22,235,0,1.16
-67,-27,C,2012,8,23,236,0,1.04
-67,-27,C,2012,8,24,237,0,1.71
-67,-27,C,2012,8,25,238,0,2.08
-67,-27,C,2012,8,26,239,0,1.89
-67,-27,C,2012,8,27,240,0,1.89
-67,-27,C,2012,8,28,241,0,2.01
-67,-27,C,2012,8,29,242,0,2.14
-67,-27,C,2012,8,30,243,0,2.01
-67,-27,C,2012,8,31,244,0,2.99
-67,-27,C,2012,9,1,245,0,4.76
-67,-27,C,2012,9,2,246,0,5.31
-67,-27,C,2012,9,3,247,0,3.23
-67,-27,C,2012,9,4,248,0,2.56
-67,-27,C,2012,9,5,249,0.21,4.09
-67,-27,C,2012,9,6,250,2.9,2.99
-67,-27,C,2012,9,7,251,0.78,2.01
-67,-27,C,2012,9,8,252,0,3.23
-67,-27,C,2012,9,9,253,0.46,3.72
-67,-27,C,2012,9,10,254,1.01,3.11
-67,-27,C,2012,9,11,255,0,2.69
-67,-27,C,2012,9,12,256,0,3.66
-67,-27,C,2012,9,13,257,0,4.39
-67,-27,C,2012,9,14,258,0,2.32
-67,-27,C,2012,9,15,259,0,2.26
-67,-27,C,2012,9,16,260,0,2.56
-67,-27,C,2012,9,17,261,2.99,2.69
-67,-27,C,2012,9,18,262,4.77,2.56
-67,-27,C,2012,9,19,263,0.05,2.2
-67,-27,C,2012,9,20,264,0,1.83
-67,-27,C,2012,9,21,265,0,2.08
-67,-27,C,2012,9,22,266,0,2.99
-67,-27,C,2012,9,23,267,0,2.14
-67,-27,C,2012,9,24,268,0,2.62
-67,-27,C,2012,9,25,269,0,4.33
-67,-27,C,2012,9,26,270,0,3.6
-67,-27,C,2012,9,27,271,0,1.65
-67,-27,C,2012,9,28,272,0,2.14
-67,-27,C,2012,9,29,273,0,2.26
-67,-27,C,2012,9,30,274,0,1.16
-67,-27,C,2012,10,1,275,0,1.71
-67,-27,C,2012,10,2,276,0,1.89
-67,-27,C,2012,10,3,277,0,3.3
-67,-27,C,2012,10,4,278,0,2.56
-67,-27,C,2012,10,5,279,0,2.2
-67,-27,C,2012,10,6,280,1.68,1.95
-67,-27,C,2012,10,7,281,4,2.75
-67,-27,C,2012,10,8,282,1.61,2.44
-67,-27,C,2012,10,9,283,0,2.5
-67,-27,C,2012,10,10,284,0,3.54
-67,-27,C,2012,10,11,285,0,3.42
-67,-27,C,2012,10,12,286,0,3.66
-67,-27,C,2012,10,13,287,0,2.87
-67,-27,C,2012,10,14,288,0,1.53
-67,-27,C,2012,10,15,289,0,1.53
-67,-27,C,2012,10,16,290,0,1.59
-67,-27,C,2012,10,17,291,0,2.32
-67,-27,C,2012,10,18,292,0,2.01
-67,-27,C,2012,10,19,293,0,2.08
-67,-27,C,2012,10,20,294,1.3,2.75
-67,-27,C,2012,10,21,295,2.58,1.77
-67,-27,C,2012,10,22,296,2.38,1.4
-67,-27,C,2012,10,23,297,0,1.83
-67,-27,C,2012,10,24,298,0,2.01
-67,-27,C,2012,10,25,299,0,2.2
-67,-27,C,2012,10,26,300,0,2.5
-67,-27,C,2012,10,27,301,10.73,4.7
-67,-27,C,2012,10,28,302,6.74,8.12
-67,-27,C,2012,10,29,303,3.67,6.1
-67,-27,C,2012,10,30,304,0.73,6.47
-67,-27,C,2012,10,31,305,0,4.21
-67,-27,C,2012,11,1,306,5.18,6.71
-67,-27,C,2012,11,2,307,0.49,6.96
-67,-27,C,2012,11,3,308,0.84,6.77
-67,-27,C,2012,11,4,309,7.44,8
-67,-27,C,2012,11,5,310,1.34,7.93
-67,-27,C,2012,11,6,311,14.71,7.69
-67,-27,C,2012,11,7,312,0.34,6.53
-67,-27,C,2012,11,8,313,0,4.64
-67,-27,C,2012,11,9,314,0.21,3.48
-67,-27,C,2012,11,10,315,0.54,4.88
-67,-27,C,2012,11,11,316,0.15,4.94
-67,-27,C,2012,11,12,317,0.07,6.65
-67,-27,C,2012,11,13,318,0.14,6.1
-67,-27,C,2012,11,14,319,0,5.68
-67,-27,C,2012,11,15,320,0,4.7
-67,-27,C,2012,11,16,321,0.05,4.88
-67,-27,C,2012,11,17,322,0.11,5.13
-67,-27,C,2012,11,18,323,2.14,7.45
-67,-27,C,2012,11,19,324,1.85,8.36
-67,-27,C,2012,11,20,325,0.14,8.67
-67,-27,C,2012,11,21,326,0,6.96
-67,-27,C,2012,11,22,327,1.44,5.13
-67,-27,C,2012,11,23,328,0.31,5.43
-67,-27,C,2012,11,24,329,0.07,6.04
-67,-27,C,2012,11,25,330,0.03,5.55
-67,-27,C,2012,11,26,331,0,5.49
-67,-27,C,2012,11,27,332,0,5.8
-67,-27,C,2012,11,28,333,1.22,3.66
-67,-27,C,2012,11,29,334,1.8,2.56
-67,-27,C,2012,11,30,335,3.24,4.52
-67,-27,C,2012,12,1,336,0.51,7.14
-67,-27,C,2012,12,2,337,0.05,8.91
-67,-27,C,2012,12,3,338,0.51,9.4
-67,-27,C,2012,12,4,339,6.85,9.89
-67,-27,C,2012,12,5,340,0.17,8.54
-67,-27,C,2012,12,6,341,6.2,7.81
-67,-27,C,2012,12,7,342,3.91,8.3
-67,-27,C,2012,12,8,343,0.03,7.93
-67,-27,C,2012,12,9,344,0,8.36
-67,-27,C,2012,12,10,345,0.41,8.24
-67,-27,C,2012,12,11,346,0.17,7.51
-67,-27,C,2012,12,12,347,0.34,5.19
-67,-27,C,2012,12,13,348,0.08,7.81
-67,-27,C,2012,12,14,349,0,7.14
-67,-27,C,2012,12,15,350,0,9.09
-67,-27,C,2012,12,16,351,0,6.53
-67,-27,C,2012,12,17,352,0.09,7.93
-67,-27,C,2012,12,18,353,4.37,7.57
-67,-27,C,2012,12,19,354,4.74,4.94
-67,-27,C,2012,12,20,355,15.65,5.68
-67,-27,C,2012,12,21,356,0.43,7.08
-67,-27,C,2012,12,22,357,0.07,6.96
-67,-27,C,2012,12,23,358,0,7.39
-67,-27,C,2012,12,24,359,0,7.81
-67,-27,C,2012,12,25,360,0.3,7.14
-67,-27,C,2012,12,26,361,0.02,6.77
-67,-27,C,2012,12,27,362,0.01,5.07
-67,-27,C,2012,12,28,363,0,6.23
-67,-27,C,2012,12,29,364,0,6.53
-67,-27,C,2012,12,30,365,0,6.47
-67,-27,C,2012,12,31,366,12.88,4.58
-67,-27,C,2013,1,1,1,3.32,7.69
-67,-27,C,2013,1,2,2,0,6.65
-67,-27,C,2013,1,3,3,0.01,4.52
-67,-27,C,2013,1,4,4,0,4.03
-67,-27,C,2013,1,5,5,2.73,5.62
-67,-27,C,2013,1,6,6,8.19,8.24
-67,-27,C,2013,1,7,7,0.71,5.49
-67,-27,C,2013,1,8,8,25.31,8.54
-67,-27,C,2013,1,9,9,4.32,10.56
-67,-27,C,2013,1,10,10,19.68,9.52
-67,-27,C,2013,1,11,11,0.13,9.77
-67,-27,C,2013,1,12,12,0.65,9.16
-67,-27,C,2013,1,13,13,0.46,9.7
-67,-27,C,2013,1,14,14,0.47,9.22
-67,-27,C,2013,1,15,15,0.01,8.97
-67,-27,C,2013,1,16,16,21.11,9.7
-67,-27,C,2013,1,17,17,9.06,9.64
-67,-27,C,2013,1,18,18,3.58,9.58
-67,-27,C,2013,1,19,19,1.51,8.42
-67,-27,C,2013,1,20,20,0.4,7.81
-67,-27,C,2013,1,21,21,0.03,7.87
-67,-27,C,2013,1,22,22,0,7.93
-67,-27,C,2013,1,23,23,0,9.03
-67,-27,C,2013,1,24,24,1.38,7.45
-67,-27,C,2013,1,25,25,1.41,7.32
-67,-27,C,2013,1,26,26,0.01,8.06
-67,-27,C,2013,1,27,27,0,7.02
-67,-27,C,2013,1,28,28,0,6.35
-67,-27,C,2013,1,29,29,0,7.39
-67,-27,C,2013,1,30,30,0,8.36
-67,-27,C,2013,1,31,31,0.14,8.54
-67,-27,C,2013,2,1,32,0.01,8.42
-67,-27,C,2013,2,2,33,0.85,9.58
-67,-27,C,2013,2,3,34,0.06,10.19
-67,-27,C,2013,2,4,35,0,8.97
-67,-27,C,2013,2,5,36,0,9.46
-67,-27,C,2013,2,6,37,0.39,8.67
-67,-27,C,2013,2,7,38,0,7.87
-67,-27,C,2013,2,8,39,0,6.71
-67,-27,C,2013,2,9,40,0,7.87
-67,-27,C,2013,2,10,41,9.55,7.26
-67,-27,C,2013,2,11,42,8.35,7.81
-67,-27,C,2013,2,12,43,0,6.29
-67,-27,C,2013,2,13,44,14.53,8.36
-67,-27,C,2013,2,14,45,0.25,8.48
-67,-27,C,2013,2,15,46,0.03,9.28
-67,-27,C,2013,2,16,47,0,7.63
-67,-27,C,2013,2,17,48,26.79,9.34
-67,-27,C,2013,2,18,49,6.21,7.69
-67,-27,C,2013,2,19,50,0.49,6.29
-67,-27,C,2013,2,20,51,0.03,6.41
-67,-27,C,2013,2,21,52,0,7.93
-67,-27,C,2013,2,22,53,0.09,8.97
-67,-27,C,2013,2,23,54,0,10.01
-67,-27,C,2013,2,24,55,27.53,10.68
-67,-27,C,2013,2,25,56,6.89,8.79
-67,-27,C,2013,2,26,57,0.03,8.06
-67,-27,C,2013,2,27,58,0,6.53
-67,-27,C,2013,2,28,59,0,6.29
-67,-27,C,2013,3,1,60,0,6.29
-67,-27,C,2013,3,2,61,0.05,6.59
-67,-27,C,2013,3,3,62,0.03,6.71
-67,-27,C,2013,3,4,63,0,6.71
-67,-27,C,2013,3,5,64,0,5.98
-67,-27,C,2013,3,6,65,0,5.25
-67,-27,C,2013,3,7,66,0,8.24
-67,-27,C,2013,3,8,67,0,9.22
-67,-27,C,2013,3,9,68,0.33,9.03
-67,-27,C,2013,3,10,69,4.36,8.97
-67,-27,C,2013,3,11,70,0.59,6.41
-67,-27,C,2013,3,12,71,1.91,4.82
-67,-27,C,2013,3,13,72,18.25,5
-67,-27,C,2013,3,14,73,7.43,5.92
-67,-27,C,2013,3,15,74,0.45,5.74
-67,-27,C,2013,3,16,75,3.59,5.92
-67,-27,C,2013,3,17,76,1.74,6.04
-67,-27,C,2013,3,18,77,0.15,5.74
-67,-27,C,2013,3,19,78,0,5.37
-67,-27,C,2013,3,20,79,0,4.33
-67,-27,C,2013,3,21,80,0,5.8
-67,-27,C,2013,3,22,81,3.44,6.65
-67,-27,C,2013,3,23,82,0.5,6.35
-67,-27,C,2013,3,24,83,0.08,5.25
-67,-27,C,2013,3,25,84,0,5.49
-67,-27,C,2013,3,26,85,0,7.2
-67,-27,C,2013,3,27,86,0,7.26
-67,-27,C,2013,3,28,87,0.07,6.53
-67,-27,C,2013,3,29,88,0.01,5.49
-67,-27,C,2013,3,30,89,0,5.07
-67,-27,C,2013,3,31,90,0.43,4.33
-67,-27,C,2013,4,1,91,1.37,3.78
-67,-27,C,2013,4,2,92,8.64,3.97
-67,-27,C,2013,4,3,93,0.65,4.39
-67,-27,C,2013,4,4,94,0,3.05
-67,-27,C,2013,4,5,95,0,2.56
-67,-27,C,2013,4,6,96,0,3.48
-67,-27,C,2013,4,7,97,0,3.97
-67,-27,C,2013,4,8,98,0,4.88
-67,-27,C,2013,4,9,99,0,3.97
-67,-27,C,2013,4,10,100,0,3.05
-67,-27,C,2013,4,11,101,8.05,4.15
-67,-27,C,2013,4,12,102,7.19,4.82
-67,-27,C,2013,4,13,103,0,3.6
-67,-27,C,2013,4,14,104,0.36,3.91
-67,-27,C,2013,4,15,105,0,4.21
-67,-27,C,2013,4,16,106,0,4.09
-67,-27,C,2013,4,17,107,0,3.78
-67,-27,C,2013,4,18,108,0,4.15
-67,-27,C,2013,4,19,109,0,4.88
-67,-27,C,2013,4,20,110,0,4.94
-67,-27,C,2013,4,21,111,0,5.07
-67,-27,C,2013,4,22,112,0,4.64
-67,-27,C,2013,4,23,113,0,4.52
-67,-27,C,2013,4,24,114,0,4.33
-67,-27,C,2013,4,25,115,0,4.33
-67,-27,C,2013,4,26,116,0,2.81
-67,-27,C,2013,4,27,117,0,3.05
-67,-27,C,2013,4,28,118,0,2.93
-67,-27,C,2013,4,29,119,0,3.42
-67,-27,C,2013,4,30,120,0,2.93
-67,-27,C,2013,5,1,121,0,2.44
-67,-27,C,2013,5,2,122,0,2.38
-67,-27,C,2013,5,3,123,0.85,2.93
-67,-27,C,2013,5,4,124,2.07,3.42
-67,-27,C,2013,5,5,125,0.32,2.99
-67,-27,C,2013,5,6,126,0,2.62
-67,-27,C,2013,5,7,127,0,3.48
-67,-27,C,2013,5,8,128,25.23,2.99
-67,-27,C,2013,5,9,129,0,2.44
-67,-27,C,2013,5,10,130,0,2.87
-67,-27,C,2013,5,11,131,0,3.85
-67,-27,C,2013,5,12,132,0,3.17
-67,-27,C,2013,5,13,133,0,2.81
-67,-27,C,2013,5,14,134,0,2.32
-67,-27,C,2013,5,15,135,0.79,2.93
-67,-27,C,2013,5,16,136,3.51,3.11
-67,-27,C,2013,5,17,137,0.05,5
-67,-27,C,2013,5,18,138,0.01,3.91
-67,-27,C,2013,5,19,139,0,3.6
-67,-27,C,2013,5,20,140,0,2.62
-67,-27,C,2013,5,21,141,0,3.23
-67,-27,C,2013,5,22,142,0,3.3
-67,-27,C,2013,5,23,143,0,2.75
-67,-27,C,2013,5,24,144,0,2.38
-67,-27,C,2013,5,25,145,0,2.5
-67,-27,C,2013,5,26,146,0,1.83
-67,-27,C,2013,5,27,147,0.23,1.46
-67,-27,C,2013,5,28,148,0,1.65
-67,-27,C,2013,5,29,149,0,2.2
-67,-27,C,2013,5,30,150,0,2.26
-67,-27,C,2013,5,31,151,0,1.77
-67,-27,C,2013,6,1,152,0,2.08
-67,-27,C,2013,6,2,153,0,2.38
-67,-27,C,2013,6,3,154,0,2.99
-67,-27,C,2013,6,4,155,0,2.08
-67,-27,C,2013,6,5,156,0,1.95
-67,-27,C,2013,6,6,157,0,2.26
-67,-27,C,2013,6,7,158,0,2.44
-67,-27,C,2013,6,8,159,0,3.6
-67,-27,C,2013,6,9,160,0,3.36
-67,-27,C,2013,6,10,161,0,3.66
-67,-27,C,2013,6,11,162,0,3.3
-67,-27,C,2013,6,12,163,0,3.36
-67,-27,C,2013,6,13,164,0.01,4.39
-67,-27,C,2013,6,14,165,3.07,5.49
-67,-27,C,2013,6,15,166,0,2.75
-67,-27,C,2013,6,16,167,0.14,3.05
-67,-27,C,2013,6,17,168,6.38,2.14
-67,-27,C,2013,6,18,169,0.27,2.14
-67,-27,C,2013,6,19,170,7.5,2.75
-67,-27,C,2013,6,20,171,0.08,2.01
-67,-27,C,2013,6,21,172,0,1.28
-67,-27,C,2013,6,22,173,0,1.46
-67,-27,C,2013,6,23,174,0,1.71
-67,-27,C,2013,6,24,175,0,1.65
-67,-27,C,2013,6,25,176,0,1.77
-67,-27,C,2013,6,26,177,0,1.59
-67,-27,C,2013,6,27,178,0,2.81
-67,-27,C,2013,6,28,179,0,2.32
-67,-27,C,2013,6,29,180,0,1.77
-67,-27,C,2013,6,30,181,0,1.77
-67,-27,C,2013,7,1,182,0,1.46
-67,-27,C,2013,7,2,183,0,1.53
-67,-27,C,2013,7,3,184,0,1.53
-67,-27,C,2013,7,4,185,0,1.53
-67,-27,C,2013,7,5,186,0,2.2
-67,-27,C,2013,7,6,187,0,2.26
-67,-27,C,2013,7,7,188,0.02,2.38
-67,-27,C,2013,7,8,189,0.58,3.3
-67,-27,C,2013,7,9,190,0,3.17
-67,-27,C,2013,7,10,191,0,2.5
-67,-27,C,2013,7,11,192,0,2.87
-67,-27,C,2013,7,12,193,0,3.78
-67,-27,C,2013,7,13,194,0,1.65
-67,-27,C,2013,7,14,195,0,2.08
-67,-27,C,2013,7,15,196,0,2.81
-67,-27,C,2013,7,16,197,0,2.44
-67,-27,C,2013,7,17,198,0,1.77
-67,-27,C,2013,7,18,199,0,2.2
-67,-27,C,2013,7,19,200,0.01,1.83
-67,-27,C,2013,7,20,201,0.03,1.95
-67,-27,C,2013,7,21,202,0,1.59
-67,-27,C,2013,7,22,203,0,1.16
-67,-27,C,2013,7,23,204,0,1.28
-67,-27,C,2013,7,24,205,0,1.46
-67,-27,C,2013,7,25,206,0,1.59
-67,-27,C,2013,7,26,207,0,3.23
-67,-27,C,2013,7,27,208,0,3.42
-67,-27,C,2013,7,28,209,0,2.38
-67,-27,C,2013,7,29,210,0,3.54
-67,-27,C,2013,7,30,211,0,3.17
-67,-27,C,2013,7,31,212,0,2.93
-67,-27,C,2013,8,1,213,0,2.14
-67,-27,C,2013,8,2,214,0,1.65
-67,-27,C,2013,8,3,215,0,1.4
-67,-27,C,2013,8,4,216,0,2.2
-67,-27,C,2013,8,5,217,0,2.5
-67,-27,C,2013,8,6,218,0,2.01
-67,-27,C,2013,8,7,219,0,1.59
-67,-27,C,2013,8,8,220,0.07,2.44
-67,-27,C,2013,8,9,221,0.33,2.26
-67,-27,C,2013,8,10,222,0,1.4
-67,-27,C,2013,8,11,223,0,1.46
-67,-27,C,2013,8,12,224,0,1.59
-67,-27,C,2013,8,13,225,0.63,2.38
-67,-27,C,2013,8,14,226,0.05,1.95
-67,-27,C,2013,8,15,227,0,1.71
-67,-27,C,2013,8,16,228,0,1.71
-67,-27,C,2013,8,17,229,0,1.77
-67,-27,C,2013,8,18,230,0,1.4
-67,-27,C,2013,8,19,231,0,1.71
-67,-27,C,2013,8,20,232,0,2.26
-67,-27,C,2013,8,21,233,0,2.14
-67,-27,C,2013,8,22,234,0,1.95
-67,-27,C,2013,8,23,235,0,1.77
-67,-27,C,2013,8,24,236,0,2.32
-67,-27,C,2013,8,25,237,0,2.44
-67,-27,C,2013,8,26,238,0,1.65
-67,-27,C,2013,8,27,239,0,1.65
-67,-27,C,2013,8,28,240,0,1.89
-67,-27,C,2013,8,29,241,0,2.32
-67,-27,C,2013,8,30,242,0,2.32
-67,-27,C,2013,8,31,243,0,1.65
-67,-27,C,2013,9,1,244,17.59,2.69
-67,-27,C,2013,9,2,245,1,2.38
-67,-27,C,2013,9,3,246,0,3.36
-67,-27,C,2013,9,4,247,0,2.87
-67,-27,C,2013,9,5,248,0,2.14
-67,-27,C,2013,9,6,249,0,3.6
-67,-27,C,2013,9,7,250,0,3.85
-67,-27,C,2013,9,8,251,0,4.88
-67,-27,C,2013,9,9,252,0,3.54
-67,-27,C,2013,9,10,253,0,3.05
-67,-27,C,2013,9,11,254,0,4.09
-67,-27,C,2013,9,12,255,0,3.54
-67,-27,C,2013,9,13,256,0.01,3.97
-67,-27,C,2013,9,14,257,0.31,1.77
-67,-27,C,2013,9,15,258,3.86,1.59
-67,-27,C,2013,9,16,259,2.1,1.34
-67,-27,C,2013,9,17,260,0.86,1.65
-67,-27,C,2013,9,18,261,0,1.65
-67,-27,C,2013,9,19,262,0,1.34
-67,-27,C,2013,9,20,263,0,1.65
-67,-27,C,2013,9,21,264,0,1.89
-67,-27,C,2013,9,22,265,0,2.01
-67,-27,C,2013,9,23,266,0,2.14
-67,-27,C,2013,9,24,267,0,2.26
-67,-27,C,2013,9,25,268,0.01,2.14
-67,-27,C,2013,9,26,269,0.21,2.56
-67,-27,C,2013,9,27,270,0,2.69
-67,-27,C,2013,9,28,271,0,2.01
-67,-27,C,2013,9,29,272,0,1.71
-67,-27,C,2013,9,30,273,0,1.95
-67,-27,C,2013,10,1,274,0,1.83
-67,-27,C,2013,10,2,275,0,1.71
-67,-27,C,2013,10,3,276,0,1.89
-67,-27,C,2013,10,4,277,0,2.99
-67,-27,C,2013,10,5,278,0,2.93
-67,-27,C,2013,10,6,279,0,3.97
-67,-27,C,2013,10,7,280,0,3.3
-67,-27,C,2013,10,8,281,0,2.93
-67,-27,C,2013,10,9,282,0.35,2.93
-67,-27,C,2013,10,10,283,0,4.46
-67,-27,C,2013,10,11,284,5.72,4.09
-67,-27,C,2013,10,12,285,2.16,4.33
-67,-27,C,2013,10,13,286,1.46,3.6
-67,-27,C,2013,10,14,287,0.39,5
-67,-27,C,2013,10,15,288,0.3,4.64
-67,-27,C,2013,10,16,289,4.27,4.33
-67,-27,C,2013,10,17,290,2.59,5.49
-67,-27,C,2013,10,18,291,0,5.74
-67,-27,C,2013,10,19,292,0,5
-67,-27,C,2013,10,20,293,0,2.14
-67,-27,C,2013,10,21,294,0,3.11
-67,-27,C,2013,10,22,295,0,1.71
-67,-27,C,2013,10,23,296,0,2.75
-67,-27,C,2013,10,24,297,0.24,4.64
-67,-27,C,2013,10,25,298,0.02,2.75
-67,-27,C,2013,10,26,299,0,3.54
-67,-27,C,2013,10,27,300,0,5.86
-67,-27,C,2013,10,28,301,0,4.52
-67,-27,C,2013,10,29,302,0,3.72
-67,-27,C,2013,10,30,303,0,4.7
-67,-27,C,2013,10,31,304,16.84,3.05
-67,-27,C,2013,11,1,305,11.61,4.09
-67,-27,C,2013,11,2,306,1.49,4.64
-67,-27,C,2013,11,3,307,0,5.37
-67,-27,C,2013,11,4,308,0,5.55
-67,-27,C,2013,11,5,309,0,5.8
-67,-27,C,2013,11,6,310,0,4.94
-67,-27,C,2013,11,7,311,0,5.31
-67,-27,C,2013,11,8,312,0,4.33
-67,-27,C,2013,11,9,313,0.04,2.08
-67,-27,C,2013,11,10,314,3.22,2.32
-67,-27,C,2013,11,11,315,0.43,2.81
-67,-27,C,2013,11,12,316,0,3.11
-67,-27,C,2013,11,13,317,0,4.39
-67,-27,C,2013,11,14,318,0,3.66
-67,-27,C,2013,11,15,319,0,3.66
-67,-27,C,2013,11,16,320,0,3.97
-67,-27,C,2013,11,17,321,0,4.46
-67,-27,C,2013,11,18,322,2.3,4.64
-67,-27,C,2013,11,19,323,0.25,5.62
-67,-27,C,2013,11,20,324,0.11,5
-67,-27,C,2013,11,21,325,0,4.82
-67,-27,C,2013,11,22,326,0,5.98
-67,-27,C,2013,11,23,327,0,6.29
-67,-27,C,2013,11,24,328,3.32,5.31
-67,-27,C,2013,11,25,329,5.3,7.63
-67,-27,C,2013,11,26,330,0.89,5.8
-67,-27,C,2013,11,27,331,0.18,5.25
-67,-27,C,2013,11,28,332,0.07,4.76
-67,-27,C,2013,11,29,333,0,5.86
-67,-27,C,2013,11,30,334,0.01,5.92
-67,-27,C,2013,12,1,335,0,4.94
-67,-27,C,2013,12,2,336,0.01,7.69
-67,-27,C,2013,12,3,337,1.92,9.28
-67,-27,C,2013,12,4,338,0.01,7.02
-67,-27,C,2013,12,5,339,19.73,8.06
-67,-27,C,2013,12,6,340,0.09,8.42
-67,-27,C,2013,12,7,341,0,8.67
-67,-27,C,2013,12,8,342,1.09,8.48
-67,-27,C,2013,12,9,343,4.96,6.9
-67,-27,C,2013,12,10,344,0.45,7.93
-67,-27,C,2013,12,11,345,2.89,7.93
-67,-27,C,2013,12,12,346,0.5,8.24
-67,-27,C,2013,12,13,347,2.95,7.45
-67,-27,C,2013,12,14,348,10.14,8.73
-67,-27,C,2013,12,15,349,2.31,9.28
-67,-27,C,2013,12,16,350,0.58,9.28
-67,-27,C,2013,12,17,351,38.87,10.13
-67,-27,C,2013,12,18,352,2.58,8.06
-67,-27,C,2013,12,19,353,19.35,9.22
-67,-27,C,2013,12,20,354,1.13,8.48
-67,-27,C,2013,12,21,355,0.16,8.73
-67,-27,C,2013,12,22,356,0,8.36
-67,-27,C,2013,12,23,357,0.01,8.73
-67,-27,C,2013,12,24,358,0,9.89
-67,-27,C,2013,12,25,359,0,9.7
-67,-27,C,2013,12,26,360,0,8.06
-67,-27,C,2013,12,27,361,0,8.67
-67,-27,C,2013,12,28,362,0,9.16
-67,-27,C,2013,12,29,363,0.01,8.36
-67,-27,C,2013,12,30,364,0.09,9.7
-67,-27,C,2013,12,31,365,2.98,10.13
-67,-27,C,2014,1,1,1,0.05,8.61
-67,-27,C,2014,1,2,2,15.94,8.85
-67,-27,C,2014,1,3,3,3.17,8.48
-67,-27,C,2014,1,4,4,0.02,7.2
-67,-27,C,2014,1,5,5,0,6.47
-67,-27,C,2014,1,6,6,0,6.77
-67,-27,C,2014,1,7,7,0,8.36
-67,-27,C,2014,1,8,8,0.32,9.52
-67,-27,C,2014,1,9,9,0,7.02
-67,-27,C,2014,1,10,10,11.5,9.83
-67,-27,C,2014,1,11,11,26.15,9.4
-67,-27,C,2014,1,12,12,3.38,8
-67,-27,C,2014,1,13,13,0.03,7.45
-67,-27,C,2014,1,14,14,0,7.93
-67,-27,C,2014,1,15,15,0,8.73
-67,-27,C,2014,1,16,16,0,7.87
-67,-27,C,2014,1,17,17,0.14,8.48
-67,-27,C,2014,1,18,18,14.57,9.16
-67,-27,C,2014,1,19,19,0.31,8
-67,-27,C,2014,1,20,20,0,9.34
-67,-27,C,2014,1,21,21,0,9.52
-67,-27,C,2014,1,22,22,0,10.01
-67,-27,C,2014,1,23,23,1.83,10.86
-67,-27,C,2014,1,24,24,19.38,9.64
-67,-27,C,2014,1,25,25,0.66,7.08
-67,-27,C,2014,1,26,26,0.01,8
-67,-27,C,2014,1,27,27,0,7.75
-67,-27,C,2014,1,28,28,12.5,8.97
-67,-27,C,2014,1,29,29,7.8,7.2
-67,-27,C,2014,1,30,30,0.17,7.02
-67,-27,C,2014,1,31,31,0,5.37
-67,-27,C,2014,2,1,32,4.9,6.65
-67,-27,C,2014,2,2,33,1.6,9.77
-67,-27,C,2014,2,3,34,0.18,9.34
-67,-27,C,2014,2,4,35,0.02,9.03
-67,-27,C,2014,2,5,36,4.61,10.13
-67,-27,C,2014,2,6,37,12.1,10.07
-67,-27,C,2014,2,7,38,0.01,9.09
-67,-27,C,2014,2,8,39,0,9.58
-67,-27,C,2014,2,9,40,16.68,10.44
-67,-27,C,2014,2,10,41,4,9.64
-67,-27,C,2014,2,11,42,1.89,9.34
-67,-27,C,2014,2,12,43,9.44,9.28
-67,-27,C,2014,2,13,44,6.85,7.69
-67,-27,C,2014,2,14,45,6.42,8.06
-67,-27,C,2014,2,15,46,5.63,6.84
-67,-27,C,2014,2,16,47,2.85,6.29
-67,-27,C,2014,2,17,48,10.86,7.63
-67,-27,C,2014,2,18,49,0.54,7.2
-67,-27,C,2014,2,19,50,0.42,6.9
-67,-27,C,2014,2,20,51,0.11,7.2
-67,-27,C,2014,2,21,52,34.69,8.73
-67,-27,C,2014,2,22,53,16.39,9.64
-67,-27,C,2014,2,23,54,0.19,7.87
-67,-27,C,2014,2,24,55,13.22,7.32
-67,-27,C,2014,2,25,56,8.74,7.14
-67,-27,C,2014,2,26,57,0.75,6.04
-67,-27,C,2014,2,27,58,0.02,5.74
-67,-27,C,2014,2,28,59,0,6.41
-67,-27,C,2014,3,1,60,19.75,6.29
-67,-27,C,2014,3,2,61,19.97,5.37
-67,-27,C,2014,3,3,62,0.08,5.31
-67,-27,C,2014,3,4,63,0,5.31
-67,-27,C,2014,3,5,64,0.63,5.07
-67,-27,C,2014,3,6,65,21.48,6.9
-67,-27,C,2014,3,7,66,0,8.61
-67,-27,C,2014,3,8,67,0,7.93
-67,-27,C,2014,3,9,68,6.92,6.84
-67,-27,C,2014,3,10,69,0.22,7.2
-67,-27,C,2014,3,11,70,0.06,6.41
-67,-27,C,2014,3,12,71,0,7.75
-67,-27,C,2014,3,13,72,0.01,7.69
-67,-27,C,2014,3,14,73,0.61,5.98
-67,-27,C,2014,3,15,74,0.07,5.92
-67,-27,C,2014,3,16,75,0,4.33
-67,-27,C,2014,3,17,76,8.89,6.59
-67,-27,C,2014,3,18,77,4.71,7.57
-67,-27,C,2014,3,19,78,0.32,5.31
-67,-27,C,2014,3,20,79,0,4.15
-67,-27,C,2014,3,21,80,0.33,5.55
-67,-27,C,2014,3,22,81,0.02,7.45
-67,-27,C,2014,3,23,82,0,7.45
-67,-27,C,2014,3,24,83,0,7.26
-67,-27,C,2014,3,25,84,1.37,7.75
-67,-27,C,2014,3,26,85,0,6.84
-67,-27,C,2014,3,27,86,0,6.16
-67,-27,C,2014,3,28,87,0.22,8.48
-67,-27,C,2014,3,29,88,0.24,6.35
-67,-27,C,2014,3,30,89,8.1,4.39
-67,-27,C,2014,3,31,90,0.9,4.33
-67,-27,C,2014,4,1,91,4.42,5.25
-67,-27,C,2014,4,2,92,1.45,6.35
-67,-27,C,2014,4,3,93,0.84,5.8
-67,-27,C,2014,4,4,94,0.29,7.2
-67,-27,C,2014,4,5,95,2.51,8.67
-67,-27,C,2014,4,6,96,1.37,8.54
-67,-27,C,2014,4,7,97,3.34,5.13
-67,-27,C,2014,4,8,98,1.93,4.58
-67,-27,C,2014,4,9,99,0,4.58
-67,-27,C,2014,4,10,100,3.09,4.82
-67,-27,C,2014,4,11,101,0.5,5.07
-67,-27,C,2014,4,12,102,0.93,4.64
-67,-27,C,2014,4,13,103,0.07,5.07
-67,-27,C,2014,4,14,104,0,4.27
-67,-27,C,2014,4,15,105,0,3.91
-67,-27,C,2014,4,16,106,0,3.78
-67,-27,C,2014,4,17,107,0.18,4.7
-67,-27,C,2014,4,18,108,0.01,4.21
-67,-27,C,2014,4,19,109,0.04,4.64
-67,-27,C,2014,4,20,110,0,4.82
-67,-27,C,2014,4,21,111,1.83,5
-67,-27,C,2014,4,22,112,0.61,6.71
-67,-27,C,2014,4,23,113,0.01,5.49
-67,-27,C,2014,4,24,114,0,6.04
-67,-27,C,2014,4,25,115,0,5.98
-67,-27,C,2014,4,26,116,0,3.54
-67,-27,C,2014,4,27,117,0,3.78
-67,-27,C,2014,4,28,118,0.54,4.58
-67,-27,C,2014,4,29,119,2.06,3.48
-67,-27,C,2014,4,30,120,0.69,2.81
-67,-27,C,2014,5,1,121,0,2.93
-67,-27,C,2014,5,2,122,0,3.05
-67,-27,C,2014,5,3,123,0.01,3.66
-67,-27,C,2014,5,4,124,0,3.3
-67,-27,C,2014,5,5,125,2.33,4.03
-67,-27,C,2014,5,6,126,5.23,4.39
-67,-27,C,2014,5,7,127,0.1,4.64
-67,-27,C,2014,5,8,128,0.28,5.86
-67,-27,C,2014,5,9,129,12.12,6.16
-67,-27,C,2014,5,10,130,3.66,5.37
-67,-27,C,2014,5,11,131,4.43,3.97
-67,-27,C,2014,5,12,132,0,2.99
-67,-27,C,2014,5,13,133,0.05,3.05
-67,-27,C,2014,5,14,134,0.01,2.99
-67,-27,C,2014,5,15,135,0.01,3.17
-67,-27,C,2014,5,16,136,0,2.87
-67,-27,C,2014,5,17,137,0.01,3.17
-67,-27,C,2014,5,18,138,0.53,2.62
-67,-27,C,2014,5,19,139,1.81,2.93
-67,-27,C,2014,5,20,140,0.03,2.32
-67,-27,C,2014,5,21,141,0.34,2.01
-67,-27,C,2014,5,22,142,1.77,2.93
-67,-27,C,2014,5,23,143,0.42,3.3
-67,-27,C,2014,5,24,144,0.13,3.48
-67,-27,C,2014,5,25,145,0.06,2.75
-67,-27,C,2014,5,26,146,0.07,2.69
-67,-27,C,2014,5,27,147,0,2.44
-67,-27,C,2014,5,28,148,0,2.2
-67,-27,C,2014,5,29,149,0,2.26
-67,-27,C,2014,5,30,150,0.07,2.75
-67,-27,C,2014,5,31,151,0,2.2
-67,-27,C,2014,6,1,152,0,1.83
-67,-27,C,2014,6,2,153,0,2.01
-67,-27,C,2014,6,3,154,0,1.65
-67,-27,C,2014,6,4,155,0,1.53
-67,-27,C,2014,6,5,156,0,1.46
-67,-27,C,2014,6,6,157,0,1.65
-67,-27,C,2014,6,7,158,0.15,1.46
-67,-27,C,2014,6,8,159,0,1.71
-67,-27,C,2014,6,9,160,0,2.26
-67,-27,C,2014,6,10,161,0.18,1.59
-67,-27,C,2014,6,11,162,0,1.46
-67,-27,C,2014,6,12,163,0.01,1.77
-67,-27,C,2014,6,13,164,0,2.01
-67,-27,C,2014,6,14,165,0,2.26
-67,-27,C,2014,6,15,166,0,2.32
-67,-27,C,2014,6,16,167,0,2.87
-67,-27,C,2014,6,17,168,0,2.81
-67,-27,C,2014,6,18,169,0.42,3.72
-67,-27,C,2014,6,19,170,0,2.93
-67,-27,C,2014,6,20,171,0,3.3
-67,-27,C,2014,6,21,172,0,2.38
-67,-27,C,2014,6,22,173,0,2.01
-67,-27,C,2014,6,23,174,0,1.89
-67,-27,C,2014,6,24,175,0,1.89
-67,-27,C,2014,6,25,176,8.54,2.08
-67,-27,C,2014,6,26,177,3.7,2.5
-67,-27,C,2014,6,27,178,5.53,2.87
-67,-27,C,2014,6,28,179,0,1.89
-67,-27,C,2014,6,29,180,0,1.65
-67,-27,C,2014,6,30,181,0,1.77
-67,-27,C,2014,7,1,182,0,1.77
-67,-27,C,2014,7,2,183,0,1.83
-67,-27,C,2014,7,3,184,0,2.01
-67,-27,C,2014,7,4,185,0.3,2.32
-67,-27,C,2014,7,5,186,1.39,1.65
-67,-27,C,2014,7,6,187,0,1.71
-67,-27,C,2014,7,7,188,0,2.01
-67,-27,C,2014,7,8,189,0,2.62
-67,-27,C,2014,7,9,190,0,2.01
-67,-27,C,2014,7,10,191,0,2.26
-67,-27,C,2014,7,11,192,0,1.77
-67,-27,C,2014,7,12,193,0,1.89
-67,-27,C,2014,7,13,194,0,2.44
-67,-27,C,2014,7,14,195,0,2.44
-67,-27,C,2014,7,15,196,0,2.14
-67,-27,C,2014,7,16,197,0,1.83
-67,-27,C,2014,7,17,198,0,2.69
-67,-27,C,2014,7,18,199,0,2.81
-67,-27,C,2014,7,19,200,0,2.08
-67,-27,C,2014,7,20,201,0,1.77
-67,-27,C,2014,7,21,202,0,1.65
-67,-27,C,2014,7,22,203,0.62,2.08
-67,-27,C,2014,7,23,204,1.4,2.2
-67,-27,C,2014,7,24,205,0.04,1.77
-67,-27,C,2014,7,25,206,0,1.59
-67,-27,C,2014,7,26,207,0,1.95
-67,-27,C,2014,7,27,208,0,2.08
-67,-27,C,2014,7,28,209,0,2.56
-67,-27,C,2014,7,29,210,0,2.81
-67,-27,C,2014,7,30,211,0,2.44
-67,-27,C,2014,7,31,212,0,2.87
-67,-27,C,2014,8,1,213,0,1.89
-67,-27,C,2014,8,2,214,0,2.2
-67,-27,C,2014,8,3,215,0,2.14
-67,-27,C,2014,8,4,216,0,2.75
-67,-27,C,2014,8,5,217,0.02,1.95
-67,-27,C,2014,8,6,218,0,2.2
-67,-27,C,2014,8,7,219,0,3.78
-67,-27,C,2014,8,8,220,0,3.23
-67,-27,C,2014,8,9,221,0,2.08
-67,-27,C,2014,8,10,222,0,2.56
-67,-27,C,2014,8,11,223,0,2.01
-67,-27,C,2014,8,12,224,0.02,2.56
-67,-27,C,2014,8,13,225,0.09,2.99
-67,-27,C,2014,8,14,226,0.01,2.38
-67,-27,C,2014,8,15,227,0,2.69
-67,-27,C,2014,8,16,228,0,2.81
-67,-27,C,2014,8,17,229,0,3.23
-67,-27,C,2014,8,18,230,0,2.75
-67,-27,C,2014,8,19,231,0,2.08
-67,-27,C,2014,8,20,232,0,2.38
-67,-27,C,2014,8,21,233,0,2.26
-67,-27,C,2014,8,22,234,0,2.56
-67,-27,C,2014,8,23,235,0,1.59
-67,-27,C,2014,8,24,236,0,1.1
-67,-27,C,2014,8,25,237,0,1.89
-67,-27,C,2014,8,26,238,0,2.08
-67,-27,C,2014,8,27,239,0,1.77
-67,-27,C,2014,8,28,240,0,2.14
-67,-27,C,2014,8,29,241,0,1.95
-67,-27,C,2014,8,30,242,0,1.65
-67,-27,C,2014,8,31,243,0,2.01
-67,-27,C,2014,9,1,244,0,1.95
-67,-27,C,2014,9,2,245,0.01,3.23
-67,-27,C,2014,9,3,246,1.38,2.5
-67,-27,C,2014,9,4,247,5.24,2.2
-67,-27,C,2014,9,5,248,0,1.95
-67,-27,C,2014,9,6,249,0,1.95
-67,-27,C,2014,9,7,250,0,2.14
-67,-27,C,2014,9,8,251,0,1.89
-67,-27,C,2014,9,9,252,0,1.34
-67,-27,C,2014,9,10,253,0,1.4
-67,-27,C,2014,9,11,254,0,2.08
-67,-27,C,2014,9,12,255,0.01,2.5
-67,-27,C,2014,9,13,256,0,2.87
-67,-27,C,2014,9,14,257,0,2.87
-67,-27,C,2014,9,15,258,0,3.11
-67,-27,C,2014,9,16,259,0,2.32
-67,-27,C,2014,9,17,260,0,2.62
-67,-27,C,2014,9,18,261,0.28,2.93
-67,-27,C,2014,9,19,262,0.32,3.42
-67,-27,C,2014,9,20,263,0.69,3.42
-67,-27,C,2014,9,21,264,0,2.99
-67,-27,C,2014,9,22,265,0,1.89
-67,-27,C,2014,9,23,266,0,1.77
-67,-27,C,2014,9,24,267,0,1.71
-67,-27,C,2014,9,25,268,0,1.28
-67,-27,C,2014,9,26,269,0,1.65
-67,-27,C,2014,9,27,270,0,1.59
-67,-27,C,2014,9,28,271,0,1.59
-67,-27,C,2014,9,29,272,0,1.83
-67,-27,C,2014,9,30,273,1.25,3.05
-67,-27,C,2014,10,1,274,0.14,4.33
-67,-27,C,2014,10,2,275,0.22,5.19
-67,-27,C,2014,10,3,276,0.62,4.58
-67,-27,C,2014,10,4,277,8.06,3.36
-67,-27,C,2014,10,5,278,0.52,2.87
-67,-27,C,2014,10,6,279,0,3.66
-67,-27,C,2014,10,7,280,0,4.33
-67,-27,C,2014,10,8,281,0,3.78
-67,-27,C,2014,10,9,282,3.45,4.7
-67,-27,C,2014,10,10,283,0.17,4.88
-67,-27,C,2014,10,11,284,0,3.36
-67,-27,C,2014,10,12,285,0,3.23
-67,-27,C,2014,10,13,286,0,3.23
-67,-27,C,2014,10,14,287,0,5.31
-67,-27,C,2014,10,15,288,0,5
-67,-27,C,2014,10,16,289,1.17,6.65
-67,-27,C,2014,10,17,290,0.2,4.94
-67,-27,C,2014,10,18,291,3.45,3.23
-67,-27,C,2014,10,19,292,1.68,4.33
-67,-27,C,2014,10,20,293,0,5.62
-67,-27,C,2014,10,21,294,0,5.19
-67,-27,C,2014,10,22,295,0.46,6.53
-67,-27,C,2014,10,23,296,0.55,6.65
-67,-27,C,2014,10,24,297,0,6.16
-67,-27,C,2014,10,25,298,0,6.04
-67,-27,C,2014,10,26,299,1.13,5.74
-67,-27,C,2014,10,27,300,0.24,5.13
-67,-27,C,2014,10,28,301,0.04,7.45
-67,-27,C,2014,10,29,302,0.36,4.15
-67,-27,C,2014,10,30,303,0.19,3.72
-67,-27,C,2014,10,31,304,8.31,3.72
-67,-27,C,2014,11,1,305,5.58,5.68
-67,-27,C,2014,11,2,306,0.86,4.76
-67,-27,C,2014,11,3,307,1.01,3.36
-67,-27,C,2014,11,4,308,0.07,3.97
-67,-27,C,2014,11,5,309,0,2.2
-67,-27,C,2014,11,6,310,0,2.99
-67,-27,C,2014,11,7,311,0.47,4.7
-67,-27,C,2014,11,8,312,0.04,5.25
-67,-27,C,2014,11,9,313,0,5.19
-67,-27,C,2014,11,10,314,5.61,4.82
-67,-27,C,2014,11,11,315,1.7,4.64
-67,-27,C,2014,11,12,316,9.08,6.35
-67,-27,C,2014,11,13,317,1.73,5.8
-67,-27,C,2014,11,14,318,0,3.54
-67,-27,C,2014,11,15,319,0,3.72
-67,-27,C,2014,11,16,320,0,5.74
-67,-27,C,2014,11,17,321,0,6.29
-67,-27,C,2014,11,18,322,0,5.19
-67,-27,C,2014,11,19,323,5.93,5.31
-67,-27,C,2014,11,20,324,2.84,5.19
-67,-27,C,2014,11,21,325,4.61,4.15
-67,-27,C,2014,11,22,326,0.03,5.37
-67,-27,C,2014,11,23,327,0,6.04
-67,-27,C,2014,11,24,328,4.92,5.07
-67,-27,C,2014,11,25,329,0.75,6.35
-67,-27,C,2014,11,26,330,0.14,5.07
-67,-27,C,2014,11,27,331,0.06,6.59
-67,-27,C,2014,11,28,332,0,6.71
-67,-27,C,2014,11,29,333,7.48,5
-67,-27,C,2014,11,30,334,0.55,5.19
-67,-27,C,2014,12,1,335,0,4.7
-67,-27,C,2014,12,2,336,0,3.36
-67,-27,C,2014,12,3,337,0,3.17
-67,-27,C,2014,12,4,338,0,4.64
-67,-27,C,2014,12,5,339,0,5.19
-67,-27,C,2014,12,6,340,0,5.8
-67,-27,C,2014,12,7,341,13.64,8
-67,-27,C,2014,12,8,342,0.41,8.42
-67,-27,C,2014,12,9,343,3.4,8.18
-67,-27,C,2014,12,10,344,17.6,9.77
-67,-27,C,2014,12,11,345,1.39,8.97
-67,-27,C,2014,12,12,346,0.37,7.93
-67,-27,C,2014,12,13,347,17.47,8.36
-67,-27,C,2014,12,14,348,8.86,8.06
-67,-27,C,2014,12,15,349,7.08,6.35
-67,-27,C,2014,12,16,350,1.03,6.16
-67,-27,C,2014,12,17,351,0.66,7.57
-67,-27,C,2014,12,18,352,0.05,7.87
-67,-27,C,2014,12,19,353,0.01,6.71
-67,-27,C,2014,12,20,354,0,3.42
-67,-27,C,2014,12,21,355,15.07,4.03
-67,-27,C,2014,12,22,356,0.5,4.76
-67,-27,C,2014,12,23,357,0.01,5.68
-67,-27,C,2014,12,24,358,0,4.82
-67,-27,C,2014,12,25,359,0,5.86
-67,-27,C,2014,12,26,360,0,6.23
-67,-27,C,2014,12,27,361,0.14,7.81
-67,-27,C,2014,12,28,362,5.49,8.54
-67,-27,C,2014,12,29,363,2.36,9.77
-67,-27,C,2014,12,30,364,0.09,7.81
-67,-27,C,2014,12,31,365,0.77,6.53
-67,-27,C,2015,1,1,1,21.41,6.9
-67,-27,C,2015,1,2,2,0.35,6.77
-67,-27,C,2015,1,3,3,4.02,6.04
-67,-27,C,2015,1,4,4,0.99,7.81
-67,-27,C,2015,1,5,5,0,8.36
-67,-27,C,2015,1,6,6,0.87,8.36
-67,-27,C,2015,1,7,7,1.59,9.58
-67,-27,C,2015,1,8,8,0.32,9.09
-67,-27,C,2015,1,9,9,0,10.07
-67,-27,C,2015,1,10,10,4.57,9.34
-67,-27,C,2015,1,11,11,1.33,8.85
-67,-27,C,2015,1,12,12,0.24,8.67
-67,-27,C,2015,1,13,13,0.01,8.73
-67,-27,C,2015,1,14,14,4.63,8.48
-67,-27,C,2015,1,15,15,2.31,8.12
-67,-27,C,2015,1,16,16,0.79,9.09
-67,-27,C,2015,1,17,17,2.06,10.01
-67,-27,C,2015,1,18,18,0.04,8.79
-67,-27,C,2015,1,19,19,27,10.01
-67,-27,C,2015,1,20,20,91.67,9.4
-67,-27,C,2015,1,21,21,0.08,9.58
-67,-27,C,2015,1,22,22,0,9.28
-67,-27,C,2015,1,23,23,0,10.86
-67,-27,C,2015,1,24,24,0.39,10.13
-67,-27,C,2015,1,25,25,0.06,9.46
-67,-27,C,2015,1,26,26,21.58,9.64
-67,-27,C,2015,1,27,27,12.31,9.03
-67,-27,C,2015,1,28,28,9.24,9.28
-67,-27,C,2015,1,29,29,5.17,10.38
-67,-27,C,2015,1,30,30,0.29,10.13
-67,-27,C,2015,1,31,31,0.01,10.19
-67,-27,C,2015,2,1,32,0,10.38
-67,-27,C,2015,2,2,33,0,10.74
-67,-27,C,2015,2,3,34,0,10.31
-67,-27,C,2015,2,4,35,16.62,11.17
-67,-27,C,2015,2,5,36,5.34,10.8
-67,-27,C,2015,2,6,37,0.67,10.62
-67,-27,C,2015,2,7,38,0.25,10.07
-67,-27,C,2015,2,8,39,6.9,8.67
-67,-27,C,2015,2,9,40,11.79,10.07
-67,-27,C,2015,2,10,41,17.06,8.73
-67,-27,C,2015,2,11,42,0.17,8
-67,-27,C,2015,2,12,43,0.36,8.85
-67,-27,C,2015,2,13,44,0.11,9.28
-67,-27,C,2015,2,14,45,0.52,9.77
-67,-27,C,2015,2,15,46,6.99,10.74
-67,-27,C,2015,2,16,47,2.18,10.01
-67,-27,C,2015,2,17,48,0.46,9.46
-67,-27,C,2015,2,18,49,8.1,7.32
-67,-27,C,2015,2,19,50,4.17,6.41
-67,-27,C,2015,2,20,51,0.8,5.68
-67,-27,C,2015,2,21,52,0.63,5.74
-67,-27,C,2015,2,22,53,0.16,7.26
-67,-27,C,2015,2,23,54,0.55,9.64
-67,-27,C,2015,2,24,55,0.21,10.25
-67,-27,C,2015,2,25,56,52.34,8.97
-67,-27,C,2015,2,26,57,9.89,8.85
-67,-27,C,2015,2,27,58,12.12,8.73
-67,-27,C,2015,2,28,59,3.73,8.36
-67,-27,C,2015,3,1,60,0.58,7.08
-67,-27,C,2015,3,2,61,1.28,9.52
-67,-27,C,2015,3,3,62,9.25,9.34
-67,-27,C,2015,3,4,63,7.48,9.7
-67,-27,C,2015,3,5,64,2.16,10.31
-67,-27,C,2015,3,6,65,17.04,10.99
-67,-27,C,2015,3,7,66,6.02,11.29
-67,-27,C,2015,3,8,67,0.94,11.41
-67,-27,C,2015,3,9,68,0.17,11.9
-67,-27,C,2015,3,10,69,0,10.93
-67,-27,C,2015,3,11,70,0,11.23
-67,-27,C,2015,3,12,71,0,9.83
-67,-27,C,2015,3,13,72,0.6,11.23
-67,-27,C,2015,3,14,73,10.61,11.6
-67,-27,C,2015,3,15,74,3.71,10.56
-67,-27,C,2015,3,16,75,0.51,10.62
-67,-27,C,2015,3,17,76,0.82,10.74
-67,-27,C,2015,3,18,77,0.22,10.31
-67,-27,C,2015,3,19,78,0,9.64
-67,-27,C,2015,3,20,79,4.63,8.97
-67,-27,C,2015,3,21,80,2.17,8
-67,-27,C,2015,3,22,81,0.17,8.12
-67,-27,C,2015,3,23,82,0.42,7.75
-67,-27,C,2015,3,24,83,11.58,7.57
-67,-27,C,2015,3,25,84,11.39,7.39
-67,-27,C,2015,3,26,85,1.5,6.35
-67,-27,C,2015,3,27,86,0.03,5.49
-67,-27,C,2015,3,28,87,0,5
-67,-27,C,2015,3,29,88,0,4.82
-67,-27,C,2015,3,30,89,8.09,5.74
-67,-27,C,2015,3,31,90,8.86,7.39
-67,-27,C,2015,4,1,91,0.17,6.35
-67,-27,C,2015,4,2,92,0,7.2
-67,-27,C,2015,4,3,93,0.51,6.77
-67,-27,C,2015,4,4,94,0.15,5.74
-67,-27,C,2015,4,5,95,0,5.55
-67,-27,C,2015,4,6,96,0,7.2
-67,-27,C,2015,4,7,97,0,5.49
-67,-27,C,2015,4,8,98,0,5.19
-67,-27,C,2015,4,9,99,0,6.77
-67,-27,C,2015,4,10,100,0,8.24
-67,-27,C,2015,4,11,101,0,8.73
-67,-27,C,2015,4,12,102,4.17,7.57
-67,-27,C,2015,4,13,103,0.79,5.49
-67,-27,C,2015,4,14,104,0.82,5.49
-67,-27,C,2015,4,15,105,0.91,5.55
-67,-27,C,2015,4,16,106,0.19,4.52
-67,-27,C,2015,4,17,107,0.58,4.46
-67,-27,C,2015,4,18,108,0,5.55
-67,-27,C,2015,4,19,109,0,3.6
-67,-27,C,2015,4,20,110,1.77,4.58
-67,-27,C,2015,4,21,111,6.86,5.07
-67,-27,C,2015,4,22,112,0.43,5.13
-67,-27,C,2015,4,23,113,0,4.82
-67,-27,C,2015,4,24,114,0,4.64
-67,-27,C,2015,4,25,115,0,6.65
-67,-27,C,2015,4,26,116,0,6.41
-67,-27,C,2015,4,27,117,0.15,7.26
-67,-27,C,2015,4,28,118,3.5,8.06
-67,-27,C,2015,4,29,119,0.31,6.47
-67,-27,C,2015,4,30,120,0.11,7.02
-67,-27,C,2015,5,1,121,0.01,5.13
-67,-27,C,2015,5,2,122,3.01,3.78
-67,-27,C,2015,5,3,123,0.45,3.23
-67,-27,C,2015,5,4,124,0,3.05
-67,-27,C,2015,5,5,125,0,2.99
-67,-27,C,2015,5,6,126,0,3.66
-67,-27,C,2015,5,7,127,0,4.27
-67,-27,C,2015,5,8,128,0,3.42
-67,-27,C,2015,5,9,129,0,3.6
-67,-27,C,2015,5,10,130,0,4.03
-67,-27,C,2015,5,11,131,0,4.09
-67,-27,C,2015,5,12,132,0.02,4.03
-67,-27,C,2015,5,13,133,0.01,3.85
-67,-27,C,2015,5,14,134,0,4.39
-67,-27,C,2015,5,15,135,0,3.6
-67,-27,C,2015,5,16,136,0,3.23
-67,-27,C,2015,5,17,137,0,2.62
-67,-27,C,2015,5,18,138,0,3.36
-67,-27,C,2015,5,19,139,0,3.36
-67,-27,C,2015,5,20,140,0,3.05
-67,-27,C,2015,5,21,141,0,3.05
-67,-27,C,2015,5,22,142,0,4.27
-67,-27,C,2015,5,23,143,0.58,3.85
-67,-27,C,2015,5,24,144,2.79,4.21
-67,-27,C,2015,5,25,145,1.71,4.09
-67,-27,C,2015,5,26,146,2.17,5.13
-67,-27,C,2015,5,27,147,0.15,4.27
-67,-27,C,2015,5,28,148,0,3.05
-67,-27,C,2015,5,29,149,0,3.05
-67,-27,C,2015,5,30,150,0,2.32
-67,-27,C,2015,5,31,151,0,2.38
-67,-27,C,2015,6,1,152,0,2.01
-67,-27,C,2015,6,2,153,0,2.2
-67,-27,C,2015,6,3,154,0,2.81
-67,-27,C,2015,6,4,155,0,2.75
-67,-27,C,2015,6,5,156,0,2.5
-67,-27,C,2015,6,6,157,0,2.5
-67,-27,C,2015,6,7,158,0,2.69
-67,-27,C,2015,6,8,159,0,2.44
-67,-27,C,2015,6,9,160,0,2.44
-67,-27,C,2015,6,10,161,1.27,2.44
-67,-27,C,2015,6,11,162,0.8,3.17
-67,-27,C,2015,6,12,163,0,2.14
-67,-27,C,2015,6,13,164,0,2.01
-67,-27,C,2015,6,14,165,0,2.62
-67,-27,C,2015,6,15,166,0,2.56
-67,-27,C,2015,6,16,167,0,1.65
-67,-27,C,2015,6,17,168,0,2.32
-67,-27,C,2015,6,18,169,0,2.2
-67,-27,C,2015,6,19,170,0,2.2
-67,-27,C,2015,6,20,171,0,2.44
-67,-27,C,2015,6,21,172,0,2.56
-67,-27,C,2015,6,22,173,0,2.93
-67,-27,C,2015,6,23,174,0,2.99
-67,-27,C,2015,6,24,175,0,2.32
-67,-27,C,2015,6,25,176,0.03,2.14
-67,-27,C,2015,6,26,177,0.1,2.87
-67,-27,C,2015,6,27,178,0.01,2.56
-67,-27,C,2015,6,28,179,0,2.56
-67,-27,C,2015,6,29,180,0,2.32
-67,-27,C,2015,6,30,181,0,1.95
-67,-27,C,2015,7,1,182,0,1.89
-67,-27,C,2015,7,2,183,0,2.2
-67,-27,C,2015,7,3,184,5.86,3.11
-67,-27,C,2015,7,4,185,0.76,2.75
-67,-27,C,2015,7,5,186,0.04,2.44
-67,-27,C,2015,7,6,187,0,2.99
-67,-27,C,2015,7,7,188,0,2.93
-67,-27,C,2015,7,8,189,0,2.32
-67,-27,C,2015,7,9,190,0,1.89
-67,-27,C,2015,7,10,191,0,2.08
-67,-27,C,2015,7,11,192,0,2.01
-67,-27,C,2015,7,12,193,0,1.4
-67,-27,C,2015,7,13,194,1.44,1.89
-67,-27,C,2015,7,14,195,0.12,2.38
-67,-27,C,2015,7,15,196,0.02,1.46
-67,-27,C,2015,7,16,197,0,1.71
-67,-27,C,2015,7,17,198,0,1.83
-67,-27,C,2015,7,18,199,0,1.71
-67,-27,C,2015,7,19,200,0,1.65
-67,-27,C,2015,7,20,201,0.05,2.38
-67,-27,C,2015,7,21,202,0.08,1.89
-67,-27,C,2015,7,22,203,0,2.26
-67,-27,C,2015,7,23,204,0,2.56
-67,-27,C,2015,7,24,205,0,2.26
-67,-27,C,2015,7,25,206,0,1.71
-67,-27,C,2015,7,26,207,0,2.01
-67,-27,C,2015,7,27,208,0,1.71
-67,-27,C,2015,7,28,209,0,1.95
-67,-27,C,2015,7,29,210,0,2.62
-67,-27,C,2015,7,30,211,0,1.65
-67,-27,C,2015,7,31,212,0,1.71
-67,-27,C,2015,8,1,213,0,1.59
-67,-27,C,2015,8,2,214,0,1.89
-67,-27,C,2015,8,3,215,0,2.99
-67,-27,C,2015,8,4,216,0.41,2.69
-67,-27,C,2015,8,5,217,0.27,2.99
-67,-27,C,2015,8,6,218,0,2.32
-67,-27,C,2015,8,7,219,0,2.38
-67,-27,C,2015,8,8,220,0.43,2.62
-67,-27,C,2015,8,9,221,11.31,2.56
-67,-27,C,2015,8,10,222,3.69,1.89
-67,-27,C,2015,8,11,223,4.2,2.26
-67,-27,C,2015,8,12,224,5.33,2.2
-67,-27,C,2015,8,13,225,4.07,1.89
-67,-27,C,2015,8,14,226,2.73,2.08
-67,-27,C,2015,8,15,227,0.6,1.77
-67,-27,C,2015,8,16,228,28.3,2.81
-67,-27,C,2015,8,17,229,0,1.77
-67,-27,C,2015,8,18,230,0,2.14
-67,-27,C,2015,8,19,231,0,3.23
-67,-27,C,2015,8,20,232,0,3.17
-67,-27,C,2015,8,21,233,0,2.38
-67,-27,C,2015,8,22,234,0,2.93
-67,-27,C,2015,8,23,235,0,3.36
-67,-27,C,2015,8,24,236,0,2.99
-67,-27,C,2015,8,25,237,0,2.26
-67,-27,C,2015,8,26,238,0,1.89
-67,-27,C,2015,8,27,239,0,2.38
-67,-27,C,2015,8,28,240,0,3.66
-67,-27,C,2015,8,29,241,0,3.97
-67,-27,C,2015,8,30,242,0,3.78
-67,-27,C,2015,8,31,243,0,4.46
-67,-27,C,2015,9,1,244,0,6.04
-67,-27,C,2015,9,2,245,0,4.09
-67,-27,C,2015,9,3,246,0,4.27
-67,-27,C,2015,9,4,247,0,3.42
-67,-27,C,2015,9,5,248,0,4.27
-67,-27,C,2015,9,6,249,0,2.75
-67,-27,C,2015,9,7,250,0,2.08
-67,-27,C,2015,9,8,251,0,1.77
-67,-27,C,2015,9,9,252,0,1.83
-67,-27,C,2015,9,10,253,0,2.01
-67,-27,C,2015,9,11,254,0,2.38
-67,-27,C,2015,9,12,255,0,2.14
-67,-27,C,2015,9,13,256,0,1.89
-67,-27,C,2015,9,14,257,0,1.77
-67,-27,C,2015,9,15,258,0,1.65
-67,-27,C,2015,9,16,259,0,1.95
-67,-27,C,2015,9,17,260,0,2.26
-67,-27,C,2015,9,18,261,0,2.44
-67,-27,C,2015,9,19,262,0,2.93
-67,-27,C,2015,9,20,263,0,2.44
-67,-27,C,2015,9,21,264,0.77,2.56
-67,-27,C,2015,9,22,265,3.63,2.32
-67,-27,C,2015,9,23,266,2.98,2.26
-67,-27,C,2015,9,24,267,0.78,1.4
-67,-27,C,2015,9,25,268,0,2.44
-67,-27,C,2015,9,26,269,0,1.71
-67,-27,C,2015,9,27,270,0,2.44
-67,-27,C,2015,9,28,271,0,2.99
-67,-27,C,2015,9,29,272,1.26,4.52
-67,-27,C,2015,9,30,273,0.08,4.46
-67,-27,C,2015,10,1,274,0,2.56
-67,-27,C,2015,10,2,275,0,3.66
-67,-27,C,2015,10,3,276,0,3.3
-67,-27,C,2015,10,4,277,0,2.2
-67,-27,C,2015,10,5,278,0,1.65
-67,-27,C,2015,10,6,279,0,1.65
-67,-27,C,2015,10,7,280,0,1.77
-67,-27,C,2015,10,8,281,0.1,3.48
-67,-27,C,2015,10,9,282,2,3.78
-67,-27,C,2015,10,10,283,0.75,3.54
-67,-27,C,2015,10,11,284,0.19,3.42
-67,-27,C,2015,10,12,285,0,2.32
-67,-27,C,2015,10,13,286,0,1.59
-67,-27,C,2015,10,14,287,0,1.28
-67,-27,C,2015,10,15,288,0,1.1
-67,-27,C,2015,10,16,289,0,2.14
-67,-27,C,2015,10,17,290,0,3.85
-67,-27,C,2015,10,18,291,0,5.62
-67,-27,C,2015,10,19,292,0,3.97
-67,-27,C,2015,10,20,293,2.01,3.17
-67,-27,C,2015,10,21,294,2.59,3.17
-67,-27,C,2015,10,22,295,0,3.54
-67,-27,C,2015,10,23,296,0,4.46
-67,-27,C,2015,10,24,297,0,3.48
-67,-27,C,2015,10,25,298,0,3.36
-67,-27,C,2015,10,26,299,0.06,3.91
-67,-27,C,2015,10,27,300,1.32,4.58
-67,-27,C,2015,10,28,301,0.1,4.94
-67,-27,C,2015,10,29,302,11.54,4.39
-67,-27,C,2015,10,30,303,0.37,4.46
-67,-27,C,2015,10,31,304,9.12,6.53
-67,-27,C,2015,11,1,305,21.16,5.68
-67,-27,C,2015,11,2,306,4.96,4.15
-67,-27,C,2015,11,3,307,25.87,3.36
-67,-27,C,2015,11,4,308,6.72,3.54
-67,-27,C,2015,11,5,309,1.08,4.46
-67,-27,C,2015,11,6,310,0.11,4.64
-67,-27,C,2015,11,7,311,0,3.17
-67,-27,C,2015,11,8,312,0,3.72
-67,-27,C,2015,11,9,313,0.6,3.48
-67,-27,C,2015,11,10,314,5.53,3.91
-67,-27,C,2015,11,11,315,1.19,4.33
-67,-27,C,2015,11,12,316,0.69,3.11
-67,-27,C,2015,11,13,317,0,4.76
-67,-27,C,2015,11,14,318,0,5.92
-67,-27,C,2015,11,15,319,0,4.94
-67,-27,C,2015,11,16,320,1.07,4.15
-67,-27,C,2015,11,17,321,2.21,3.85
-67,-27,C,2015,11,18,322,0.85,2.87
-67,-27,C,2015,11,19,323,3.44,3.05
-67,-27,C,2015,11,20,324,2.37,3.42
-67,-27,C,2015,11,21,325,0,2.87
-67,-27,C,2015,11,22,326,0,2.14
-67,-27,C,2015,11,23,327,0,2.2
-67,-27,C,2015,11,24,328,0,2.2
-67,-27,C,2015,11,25,329,0,3.72
-67,-27,C,2015,11,26,330,3.16,4.58
-67,-27,C,2015,11,27,331,2.7,4.58
-67,-27,C,2015,11,28,332,0.25,5.62
-67,-27,C,2015,11,29,333,0.01,5.62
-67,-27,C,2015,11,30,334,0,5.31
-67,-27,C,2015,12,1,335,0,4.46
-67,-27,C,2015,12,2,336,0,5.8
-67,-27,C,2015,12,3,337,0.22,5.55
-67,-27,C,2015,12,4,338,15.22,7.02
-67,-27,C,2015,12,5,339,22.32,8.24
-67,-27,C,2015,12,6,340,0.05,7.08
-67,-27,C,2015,12,7,341,0,8
-67,-27,C,2015,12,8,342,1.27,6.23
-67,-27,C,2015,12,9,343,1.51,7.45
-67,-27,C,2015,12,10,344,0.1,6.59
-67,-27,C,2015,12,11,345,0,5.37
-67,-27,C,2015,12,12,346,5.63,4.21
-67,-27,C,2015,12,13,347,0.37,3.05
-67,-27,C,2015,12,14,348,0,3.72
-67,-27,C,2015,12,15,349,0,5.92
-67,-27,C,2015,12,16,350,0,5.62
-67,-27,C,2015,12,17,351,7.99,5.25
-67,-27,C,2015,12,18,352,21.6,6.77
-67,-27,C,2015,12,19,353,0.93,5.49
-67,-27,C,2015,12,20,354,0,4.52
-67,-27,C,2015,12,21,355,0,4.46
-67,-27,C,2015,12,22,356,0,4.52
-67,-27,C,2015,12,23,357,31.85,6.16
-67,-27,C,2015,12,24,358,10.73,8.3
-67,-27,C,2015,12,25,359,0,8.42
-67,-27,C,2015,12,26,360,0,9.16
-67,-27,C,2015,12,27,361,7.48,10.68
-67,-27,C,2015,12,28,362,3.22,9.03
-67,-27,C,2015,12,29,363,0.02,8.54
-67,-27,C,2015,12,30,364,20.53,9.7
-67,-27,C,2015,12,31,365,5.72,8.3
-67,-27,C,2016,1,1,1,2.33,8.61
-67,-27,C,2016,1,2,2,0.32,9.34
-67,-27,C,2016,1,3,3,7.3,8.48
-67,-27,C,2016,1,4,4,1.47,9.4
-67,-27,C,2016,1,5,5,10.37,9.77
-67,-27,C,2016,1,6,6,3.18,8.91
-67,-27,C,2016,1,7,7,21.86,9.34
-67,-27,C,2016,1,8,8,20.47,7.93
-67,-27,C,2016,1,9,9,12.26,10.62
-67,-27,C,2016,1,10,10,1.42,10.62
-67,-27,C,2016,1,11,11,2.91,11.29
-67,-27,C,2016,1,12,12,9.03,8.79
-67,-27,C,2016,1,13,13,18.02,9.09
-67,-27,C,2016,1,14,14,0.52,8.06
-67,-27,C,2016,1,15,15,1.98,8.91
-67,-27,C,2016,1,16,16,0.78,10.8
-67,-27,C,2016,1,17,17,12.86,11.11
-67,-27,C,2016,1,18,18,7.21,9.09
-67,-27,C,2016,1,19,19,0,9.09
-67,-27,C,2016,1,20,20,0,10.01
-67,-27,C,2016,1,21,21,0,9.95
-67,-27,C,2016,1,22,22,0,10.44
-67,-27,C,2016,1,23,23,0,11.17
-67,-27,C,2016,1,24,24,0,8.12
-67,-27,C,2016,1,25,25,0.44,8.48
-67,-27,C,2016,1,26,26,0.23,8.48
-67,-27,C,2016,1,27,27,0,8.3
-67,-27,C,2016,1,28,28,0,8.3
-67,-27,C,2016,1,29,29,26.2,9.64
-67,-27,C,2016,1,30,30,22.08,9.7
-67,-27,C,2016,1,31,31,0.92,8.24
-67,-27,C,2016,2,1,32,0.41,8.24
-67,-27,C,2016,2,2,33,7.83,8.73
-67,-27,C,2016,2,3,34,0.35,8.67
-67,-27,C,2016,2,4,35,1.78,9.58
-67,-27,C,2016,2,5,36,13.61,9.77
-67,-27,C,2016,2,6,37,4.91,10.01
-67,-27,C,2016,2,7,38,0.13,10.25
-67,-27,C,2016,2,8,39,4.64,10.07
-67,-27,C,2016,2,9,40,3.76,10.86
-67,-27,C,2016,2,10,41,0,11.05
-67,-27,C,2016,2,11,42,0,12.08
-67,-27,C,2016,2,12,43,0,11.11
-67,-27,C,2016,2,13,44,13.2,10.19
-67,-27,C,2016,2,14,45,1.38,10.62
-67,-27,C,2016,2,15,46,0,10.68
-67,-27,C,2016,2,16,47,0,8.91
-67,-27,C,2016,2,17,48,7.09,8.18
-67,-27,C,2016,2,18,49,0.68,9.58
-67,-27,C,2016,2,19,50,29.37,10.93
-67,-27,C,2016,2,20,51,20.54,11.35
-67,-27,C,2016,2,21,52,1.35,10.8
-67,-27,C,2016,2,22,53,0.69,12.15
-67,-27,C,2016,2,23,54,1.35,11.78
-67,-27,C,2016,2,24,55,0.25,10.19
-67,-27,C,2016,2,25,56,0.01,10.25
-67,-27,C,2016,2,26,57,14.5,10.01
-67,-27,C,2016,2,27,58,5.36,9.16
-67,-27,C,2016,2,28,59,0.1,7.08
-67,-27,C,2016,2,29,60,0.04,8.18
-67,-27,C,2016,3,1,61,4.83,8.54
-67,-27,C,2016,3,2,62,3.11,9.52
-67,-27,C,2016,3,3,63,2.43,8.61
-67,-27,C,2016,3,4,64,1.41,7.32
-67,-27,C,2016,3,5,65,3.28,8.67
-67,-27,C,2016,3,6,66,0.14,8.12
-67,-27,C,2016,3,7,67,6.46,7.57
-67,-27,C,2016,3,8,68,6.79,6.23
-67,-27,C,2016,3,9,69,0.2,6.1
-67,-27,C,2016,3,10,70,0,6.77
-67,-27,C,2016,3,11,71,0,7.32
-67,-27,C,2016,3,12,72,0,7.45
-67,-27,C,2016,3,13,73,0,6.96
-67,-27,C,2016,3,14,74,0,6.29
-67,-27,C,2016,3,15,75,0,8.61
-67,-27,C,2016,3,16,76,0,10.44
-67,-27,C,2016,3,17,77,0,8.67
-67,-27,C,2016,3,18,78,12.73,8.67
-67,-27,C,2016,3,19,79,2.76,7.02
-67,-27,C,2016,3,20,80,1.79,6.1
-67,-27,C,2016,3,21,81,0.06,5.49
-67,-27,C,2016,3,22,82,0,6.29
-67,-27,C,2016,3,23,83,2.5,7.45
-67,-27,C,2016,3,24,84,6.73,7.39
-67,-27,C,2016,3,25,85,0.55,6.65
-67,-27,C,2016,3,26,86,0.13,6.16
-67,-27,C,2016,3,27,87,0.01,5.55
-67,-27,C,2016,3,28,88,0,6.65
-67,-27,C,2016,3,29,89,0,6.96
-67,-27,C,2016,3,30,90,0,6.35
-67,-27,C,2016,3,31,91,0,6.53
-67,-27,C,2016,4,1,92,0,6.04
-67,-27,C,2016,4,2,93,1.57,6.04
-67,-27,C,2016,4,3,94,0.22,5.74
-67,-27,C,2016,4,4,95,25.95,7.51
-67,-27,C,2016,4,5,96,23.47,9.34
-67,-27,C,2016,4,6,97,0.09,5.98
-67,-27,C,2016,4,7,98,0,4.64
-67,-27,C,2016,4,8,99,1.34,4.33
-67,-27,C,2016,4,9,100,8.71,5.49
-67,-27,C,2016,4,10,101,9.39,5.92
-67,-27,C,2016,4,11,102,4.43,6.65
-67,-27,C,2016,4,12,103,0.46,4.94
-67,-27,C,2016,4,13,104,0.1,4.27
-67,-27,C,2016,4,14,105,0,4.64
-67,-27,C,2016,4,15,106,0,4.7
-67,-27,C,2016,4,16,107,4.13,5.62
-67,-27,C,2016,4,17,108,5.41,6.04
-67,-27,C,2016,4,18,109,3.4,5.8
-67,-27,C,2016,4,19,110,0.99,5.55
-67,-27,C,2016,4,20,111,0,4.33
-67,-27,C,2016,4,21,112,0,4.39
-67,-27,C,2016,4,22,113,0,3.48
-67,-27,C,2016,4,23,114,0,3.91
-67,-27,C,2016,4,24,115,7.78,4.27
-67,-27,C,2016,4,25,116,2.6,4.09
-67,-27,C,2016,4,26,117,2.97,2.69
-67,-27,C,2016,4,27,118,0,3.23
-67,-27,C,2016,4,28,119,0,4.33
-67,-27,C,2016,4,29,120,0,4.46
-67,-27,C,2016,4,30,121,0,4.94
-67,-27,C,2016,5,1,122,0,3.85
-67,-27,C,2016,5,2,123,0,4.15
-67,-27,C,2016,5,3,124,0,4.46
-67,-27,C,2016,5,4,125,0,5.19
-67,-27,C,2016,5,5,126,0.43,4.15
-67,-27,C,2016,5,6,127,0.25,4.09
-67,-27,C,2016,5,7,128,0.42,4.39
-67,-27,C,2016,5,8,129,0.89,3.97
-67,-27,C,2016,5,9,130,1.96,4.09
-67,-27,C,2016,5,10,131,1.72,3.97
-67,-27,C,2016,5,11,132,0.29,4.03
-67,-27,C,2016,5,12,133,0.14,4.46
-67,-27,C,2016,5,13,134,2.92,3.91
-67,-27,C,2016,5,14,135,1.65,2.93
-67,-27,C,2016,5,15,136,1.35,3.66
-67,-27,C,2016,5,16,137,0.41,4.09
-67,-27,C,2016,5,17,138,1.52,4.15
-67,-27,C,2016,5,18,139,0.72,3.48
-67,-27,C,2016,5,19,140,0.43,3.23
-67,-27,C,2016,5,20,141,0.44,3.3
-67,-27,C,2016,5,21,142,0.21,3.3
-67,-27,C,2016,5,22,143,0,3.54
-67,-27,C,2016,5,23,144,0,3.91
-67,-27,C,2016,5,24,145,0,3.3
-67,-27,C,2016,5,25,146,0,3.91
-67,-27,C,2016,5,26,147,0.75,4.03
-67,-27,C,2016,5,27,148,1.61,4.33
-67,-27,C,2016,5,28,149,0.02,3.91
-67,-27,C,2016,5,29,150,0,3.72
-67,-27,C,2016,5,30,151,0,3.3
-67,-27,C,2016,5,31,152,0,3.17
-67,-27,C,2016,6,1,153,0,2.69
-67,-27,C,2016,6,2,154,0.03,3.11
-67,-27,C,2016,6,3,155,0.09,2.38
-67,-27,C,2016,6,4,156,4.46,2.62
-67,-27,C,2016,6,5,157,3.93,2.62
-67,-27,C,2016,6,6,158,1.19,2.5
-67,-27,C,2016,6,7,159,0,2.5
-67,-27,C,2016,6,8,160,0,2.32
-67,-27,C,2016,6,9,161,0,2.32
-67,-27,C,2016,6,10,162,0,2.81
-67,-27,C,2016,6,11,163,0,3.17
-67,-27,C,2016,6,12,164,0,3.85
-67,-27,C,2016,6,13,165,0,4.27
-67,-27,C,2016,6,14,166,1.43,3.72
-67,-27,C,2016,6,15,167,0.15,3.05
-67,-27,C,2016,6,16,168,0,3.23
-67,-27,C,2016,6,17,169,0,3.36
-67,-27,C,2016,6,18,170,0,2.75
-67,-27,C,2016,6,19,171,0,3.05
-67,-27,C,2016,6,20,172,0,2.62
-67,-27,C,2016,6,21,173,0,2.38
-67,-27,C,2016,6,22,174,0,2.26
-67,-27,C,2016,6,23,175,0,2.81
-67,-27,C,2016,6,24,176,4.35,3.3
-67,-27,C,2016,6,25,177,13.71,3.48
-67,-27,C,2016,6,26,178,1.29,2.44
-67,-27,C,2016,6,27,179,0,2.38
-67,-27,C,2016,6,28,180,0,2.44
-67,-27,C,2016,6,29,181,0,3.11
-67,-27,C,2016,6,30,182,0,3.23
-67,-27,C,2016,7,1,183,0.13,2.93
-67,-27,C,2016,7,2,184,1.28,3.11
-67,-27,C,2016,7,3,185,1.48,3.72
-67,-27,C,2016,7,4,186,2.45,3.23
-67,-27,C,2016,7,5,187,0.01,2.01
-67,-27,C,2016,7,6,188,0,1.95
-67,-27,C,2016,7,7,189,0,2.26
-67,-27,C,2016,7,8,190,0,2.93
-67,-27,C,2016,7,9,191,0,3.17
-67,-27,C,2016,7,10,192,0,3.17
-67,-27,C,2016,7,11,193,0,2.93
-67,-27,C,2016,7,12,194,0,2.87
-67,-27,C,2016,7,13,195,0,2.14
-67,-27,C,2016,7,14,196,0,1.95
-67,-27,C,2016,7,15,197,0,1.83
-67,-27,C,2016,7,16,198,0,1.89
-67,-27,C,2016,7,17,199,0,1.95
-67,-27,C,2016,7,18,200,0,2.2
-67,-27,C,2016,7,19,201,0,2.32
-67,-27,C,2016,7,20,202,0,2.32
-67,-27,C,2016,7,21,203,0,2.2
-67,-27,C,2016,7,22,204,0,2.14
-67,-27,C,2016,7,23,205,0,2.08
-67,-27,C,2016,7,24,206,0,2.56
-67,-27,C,2016,7,25,207,0,2.38
-67,-27,C,2016,7,26,208,0,2.32
-67,-27,C,2016,7,27,209,0,2.32
-67,-27,C,2016,7,28,210,0,2.2
-67,-27,C,2016,7,29,211,0,2.08
-67,-27,C,2016,7,30,212,0,1.95
-67,-27,C,2016,7,31,213,0,2.44
-67,-27,C,2016,8,1,214,0,3.11
-67,-27,C,2016,8,2,215,0,2.14
-67,-27,C,2016,8,3,216,0,1.77
-67,-27,C,2016,8,4,217,0,1.83
-67,-27,C,2016,8,5,218,0,3.6
-67,-27,C,2016,8,6,219,0,5.25
-67,-27,C,2016,8,7,220,0.03,4.15
-67,-27,C,2016,8,8,221,0.25,3.97
-67,-27,C,2016,8,9,222,0.05,4.82
-67,-27,C,2016,8,10,223,0,3.3
-67,-27,C,2016,8,11,224,0,2.5
-67,-27,C,2016,8,12,225,0,3.17
-67,-27,C,2016,8,13,226,0,2.75
-67,-27,C,2016,8,14,227,0,2.44
-67,-27,C,2016,8,15,228,0,2.26
-67,-27,C,2016,8,16,229,0,2.08
-67,-27,C,2016,8,17,230,0,1.77
-67,-27,C,2016,8,18,231,0,1.77
-67,-27,C,2016,8,19,232,0,1.28
-67,-27,C,2016,8,20,233,1.46,2.75
-67,-27,C,2016,8,21,234,0.15,2.5
-67,-27,C,2016,8,22,235,0,2.5
-67,-27,C,2016,8,23,236,0,2.62
-67,-27,C,2016,8,24,237,0,2.26
-67,-27,C,2016,8,25,238,0,2.26
-67,-27,C,2016,8,26,239,0,2.56
-67,-27,C,2016,8,27,240,0,2.99
-67,-27,C,2016,8,28,241,6.7,2.93
-67,-27,C,2016,8,29,242,0.66,3.05
-67,-27,C,2016,8,30,243,0,2.08
-67,-27,C,2016,8,31,244,0,2.01
-67,-27,C,2016,9,1,245,0,2.2
-67,-27,C,2016,9,2,246,0.06,2.5
-67,-27,C,2016,9,3,247,0.11,2.44
-67,-27,C,2016,9,4,248,0.2,2.26
-67,-27,C,2016,9,5,249,0.38,2.14
-67,-27,C,2016,9,6,250,0,1.89
-67,-27,C,2016,9,7,251,0,2.14
-67,-27,C,2016,9,8,252,0,2.44
-67,-27,C,2016,9,9,253,0,2.93
-67,-27,C,2016,9,10,254,0,3.17
-67,-27,C,2016,9,11,255,0,2.56
-67,-27,C,2016,9,12,256,0,2.01
-67,-27,C,2016,9,13,257,0,2.69
-67,-27,C,2016,9,14,258,0,3.3
-67,-27,C,2016,9,15,259,0,2.75
-67,-27,C,2016,9,16,260,0,2.93
-67,-27,C,2016,9,17,261,0,2.38
-67,-27,C,2016,9,18,262,0,5.13
-67,-27,C,2016,9,19,263,0,6.23
-67,-27,C,2016,9,20,264,0,5.49
-67,-27,C,2016,9,21,265,0,5.49
-67,-27,C,2016,9,22,266,0,5.62
-67,-27,C,2016,9,23,267,0,5.86
-67,-27,C,2016,9,24,268,0,4.09
-67,-27,C,2016,9,25,269,0,3.17
-67,-27,C,2016,9,26,270,0,3.66
-67,-27,C,2016,9,27,271,0,5
-67,-27,C,2016,9,28,272,3.24,6.9
-67,-27,C,2016,9,29,273,0.22,4.46
-67,-27,C,2016,9,30,274,0,3.42
-67,-27,C,2016,10,1,275,0,5.31
-67,-27,C,2016,10,2,276,7.88,5.86
-67,-27,C,2016,10,3,277,1.51,6.04
-67,-27,C,2016,10,4,278,0.28,4.03
-67,-27,C,2016,10,5,279,0.05,4.15
-67,-27,C,2016,10,6,280,0,3.78
-67,-27,C,2016,10,7,281,0,3.36
-67,-27,C,2016,10,8,282,0,3.85
-67,-27,C,2016,10,9,283,0,4.27
-67,-27,C,2016,10,10,284,0,3.78
-67,-27,C,2016,10,11,285,0,3.54
-67,-27,C,2016,10,12,286,0,2.56
-67,-27,C,2016,10,13,287,0.35,3.17
-67,-27,C,2016,10,14,288,0.04,2.14
-67,-27,C,2016,10,15,289,0,1.46
-67,-27,C,2016,10,16,290,0.02,1.65
-67,-27,C,2016,10,17,291,2.72,2.26
-67,-27,C,2016,10,18,292,2.16,1.89
-67,-27,C,2016,10,19,293,1.37,2.08
-67,-27,C,2016,10,20,294,0.52,3.23
-67,-27,C,2016,10,21,295,0.01,3.72
-67,-27,C,2016,10,22,296,0,2.2
-67,-27,C,2016,10,23,297,0,2.01
-67,-27,C,2016,10,24,298,4.85,2.99
-67,-27,C,2016,10,25,299,6.59,3.3
-67,-27,C,2016,10,26,300,0.02,2.62
-67,-27,C,2016,10,27,301,0,3.3
-67,-27,C,2016,10,28,302,0,5
-67,-27,C,2016,10,29,303,0,4.7
-67,-27,C,2016,10,30,304,0,2.87
-67,-27,C,2016,10,31,305,0,2.5
-67,-27,C,2016,11,1,306,0.43,2.14
-67,-27,C,2016,11,2,307,0.23,2.32
-67,-27,C,2016,11,3,308,0,2.32
-67,-27,C,2016,11,4,309,0,2.93
-67,-27,C,2016,11,5,310,0,3.72
-67,-27,C,2016,11,6,311,0,5.19
-67,-27,C,2016,11,7,312,7.77,7.02
-67,-27,C,2016,11,8,313,0.15,7.26
-67,-27,C,2016,11,9,314,0,6.16
-67,-27,C,2016,11,10,315,0.03,7.57
-67,-27,C,2016,11,11,316,5.68,8.3
-67,-27,C,2016,11,12,317,0.36,6.53
-67,-27,C,2016,11,13,318,15.46,6.47
-67,-27,C,2016,11,14,319,3.29,6.16
-67,-27,C,2016,11,15,320,3.25,5.49
-67,-27,C,2016,11,16,321,38.13,7.69
-67,-27,C,2016,11,17,322,9.96,6.59
-67,-27,C,2016,11,18,323,0.02,6.23
-67,-27,C,2016,11,19,324,0,4.82
-67,-27,C,2016,11,20,325,0.55,4.15
-67,-27,C,2016,11,21,326,13.78,6.47
-67,-27,C,2016,11,22,327,0.85,5.43
-67,-27,C,2016,11,23,328,0.04,4.03
-67,-27,C,2016,11,24,329,0,4.33
-67,-27,C,2016,11,25,330,0,4.88
-67,-27,C,2016,11,26,331,201.44,5.31
-67,-27,C,2016,11,27,332,10.06,6.59
-67,-27,C,2016,11,28,333,20.48,6.84
-67,-27,C,2016,11,29,334,1.62,7.57
-67,-27,C,2016,11,30,335,0.01,7.45
-67,-27,C,2016,12,1,336,0,7.63
-67,-27,C,2016,12,2,337,0.04,7.81
-67,-27,C,2016,12,3,338,0.01,9.16
-67,-27,C,2016,12,4,339,0,8.97
-67,-27,C,2016,12,5,340,4.36,6.96
-67,-27,C,2016,12,6,341,2.67,9.03
-67,-27,C,2016,12,7,342,6.15,8.18
-67,-27,C,2016,12,8,343,16.66,7.2
-67,-27,C,2016,12,9,344,4.03,5.13
-67,-27,C,2016,12,10,345,0.32,4.52
-67,-27,C,2016,12,11,346,0,5.8
-67,-27,C,2016,12,12,347,0,5.68
-67,-27,C,2016,12,13,348,0.04,7.39
-67,-27,C,2016,12,14,349,0.01,8.42
-67,-27,C,2016,12,15,350,0,9.09
-67,-27,C,2016,12,16,351,0,7.2
-67,-27,C,2016,12,17,352,0,8.24
-67,-27,C,2016,12,18,353,26.24,9.4
-67,-27,C,2016,12,19,354,24.23,9.28
-67,-27,C,2016,12,20,355,0,8.79
-67,-27,C,2016,12,21,356,0,8.97
-67,-27,C,2016,12,22,357,0,10.01
-67,-27,C,2016,12,23,358,0,10.5
-67,-27,C,2016,12,24,359,0,9.58
-67,-27,C,2016,12,25,360,0,7.32
-67,-27,C,2016,12,26,361,3.37,6.23
-67,-27,C,2016,12,27,362,2.29,6.59
-67,-27,C,2016,12,28,363,0.16,7.69
-67,-27,C,2016,12,29,364,0,8.48
-67,-27,C,2016,12,30,365,0,9.46
-67,-27,C,2016,12,31,366,0,10.44
-67,-27,C,2017,1,1,1,1.9,11.11
-67,-27,C,2017,1,2,2,0.48,10.19
-67,-27,C,2017,1,3,3,0,8.79
-67,-27,C,2017,1,4,4,18.65,10.74
-67,-27,C,2017,1,5,5,7.15,10.25
-67,-27,C,2017,1,6,6,0.45,9.77
-67,-27,C,2017,1,7,7,0,9.7
-67,-27,C,2017,1,8,8,0,10.68
-67,-27,C,2017,1,9,9,20.88,10.31
-67,-27,C,2017,1,10,10,8.91,10.01
-67,-27,C,2017,1,11,11,1.24,10.38
-67,-27,C,2017,1,12,12,0,9.52
-67,-27,C,2017,1,13,13,0.12,11.66
-67,-27,C,2017,1,14,14,0.02,10.8
-67,-27,C,2017,1,15,15,7.66,10.86
-67,-27,C,2017,1,16,16,0.2,9.77
-67,-27,C,2017,1,17,17,0,9.03
-67,-27,C,2017,1,18,18,0.01,9.58
-67,-27,C,2017,1,19,19,0,10.07
-67,-27,C,2017,1,20,20,0,10.31
-67,-27,C,2017,1,21,21,0,10.07
-67,-27,C,2017,1,22,22,7.33,10.13
-67,-27,C,2017,1,23,23,0.68,8.18
-67,-27,C,2017,1,24,24,0.03,7.08
-67,-27,C,2017,1,25,25,0.03,7.87
-67,-27,C,2017,1,26,26,0.19,9.03
-67,-27,C,2017,1,27,27,0.02,6.35
-67,-27,C,2017,1,28,28,0,5
-67,-27,C,2017,1,29,29,0,5.13
-67,-27,C,2017,1,30,30,0,6.53
-67,-27,C,2017,1,31,31,0.06,7.75
-67,-27,C,2017,2,1,32,0.03,7.93
-67,-27,C,2017,2,2,33,0.13,8.24
-67,-27,C,2017,2,3,34,26.23,6.96
-67,-27,C,2017,2,4,35,2.6,5.49
-67,-27,C,2017,2,5,36,0.47,6.53
-67,-27,C,2017,2,6,37,0,7.57
-67,-27,C,2017,2,7,38,0,6.84
-67,-27,C,2017,2,8,39,0,6.47
-67,-27,C,2017,2,9,40,16.29,7.39
-67,-27,C,2017,2,10,41,40.77,8.79
-67,-27,C,2017,2,11,42,3,7.14
-67,-27,C,2017,2,12,43,0.04,5.92
-67,-27,C,2017,2,13,44,0.02,6.77
-67,-27,C,2017,2,14,45,0,8.24
-67,-27,C,2017,2,15,46,32.88,8.61
-67,-27,C,2017,2,16,47,0.93,8
-67,-27,C,2017,2,17,48,6.35,9.4
-67,-27,C,2017,2,18,49,47.23,8.67
-67,-27,C,2017,2,19,50,5.94,8.73
-67,-27,C,2017,2,20,51,0.14,9.34
-67,-27,C,2017,2,21,52,0.21,10.25
-67,-27,C,2017,2,22,53,0.02,9.34
-67,-27,C,2017,2,23,54,0.13,9.52
-67,-27,C,2017,2,24,55,0.04,9.58
-67,-27,C,2017,2,25,56,14.65,9.34
-67,-27,C,2017,2,26,57,7.48,9.77
-67,-27,C,2017,2,27,58,1.48,10.01
-67,-27,C,2017,2,28,59,0.2,8.61
-67,-27,C,2017,3,1,60,0,7.87
-67,-27,C,2017,3,2,61,5.26,8.48
-67,-27,C,2017,3,3,62,19.34,9.46
-67,-27,C,2017,3,4,63,1.14,7.81
-67,-27,C,2017,3,5,64,0.93,8.36
-67,-27,C,2017,3,6,65,0.41,9.46
-67,-27,C,2017,3,7,66,0.81,10.68
-67,-27,C,2017,3,8,67,0.03,8.97
-67,-27,C,2017,3,9,68,18.72,7.26
-67,-27,C,2017,3,10,69,13.53,9.03
-67,-27,C,2017,3,11,70,0.07,6.53
-67,-27,C,2017,3,12,71,6.95,8.85
-67,-27,C,2017,3,13,72,0.1,9.28
-67,-27,C,2017,3,14,73,0,9.4
-67,-27,C,2017,3,15,74,6.11,6.77
-67,-27,C,2017,3,16,75,11.88,7.39
-67,-27,C,2017,3,17,76,0.35,6.96
-67,-27,C,2017,3,18,77,0,7.45
-67,-27,C,2017,3,19,78,0,7.81
-67,-27,C,2017,3,20,79,0,7.2
-67,-27,C,2017,3,21,80,0.06,7.2
-67,-27,C,2017,3,22,81,0.04,7.2
-67,-27,C,2017,3,23,82,0.01,7.51
-67,-27,C,2017,3,24,83,0.15,8.61
-67,-27,C,2017,3,25,84,0.04,6.65
-67,-27,C,2017,3,26,85,0.37,6.84
-67,-27,C,2017,3,27,86,33.69,8.36
-67,-27,C,2017,3,28,87,12.26,8.73
-67,-27,C,2017,3,29,88,0.61,9.03
-67,-27,C,2017,3,30,89,15.73,6.65
-67,-27,C,2017,3,31,90,14.14,8.67
-67,-27,C,2017,4,1,91,1.61,8.54
-67,-27,C,2017,4,2,92,2.23,7.02
-67,-27,C,2017,4,3,93,5.42,7.93
-67,-27,C,2017,4,4,94,1.12,4.7
-67,-27,C,2017,4,5,95,3.99,5.19
-67,-27,C,2017,4,6,96,1.66,4.64
-67,-27,C,2017,4,7,97,0.26,3.97
-67,-27,C,2017,4,8,98,1.06,3.72
-67,-27,C,2017,4,9,99,0.71,4.21
-67,-27,C,2017,4,10,100,0,4.21
-67,-27,C,2017,4,11,101,0,5.25
-67,-27,C,2017,4,12,102,0,6.71
-67,-27,C,2017,4,13,103,0,4.58
-67,-27,C,2017,4,14,104,0.88,4.76
-67,-27,C,2017,4,15,105,1.74,5.43
-67,-27,C,2017,4,16,106,0.31,6.41
-67,-27,C,2017,4,17,107,217.2,5.68
-67,-27,C,2017,4,18,108,55.55,5.43
-67,-27,C,2017,4,19,109,0.17,4.33
-67,-27,C,2017,4,20,110,0,5.13
-67,-27,C,2017,4,21,111,0.02,5.68
-67,-27,C,2017,4,22,112,0.63,5.31
-67,-27,C,2017,4,23,113,0.11,4.7
-67,-27,C,2017,4,24,114,0.18,4.27
-67,-27,C,2017,4,25,115,0.08,3.72
-67,-27,C,2017,4,26,116,0.13,3.78
-67,-27,C,2017,4,27,117,0,4.03
-67,-27,C,2017,4,28,118,0,4.39
-67,-27,C,2017,4,29,119,0.2,4.88
-67,-27,C,2017,4,30,120,0,5.07
-67,-27,C,2017,5,1,121,0,4.09
-67,-27,C,2017,5,2,122,0,4.15
-67,-27,C,2017,5,3,123,0,5.37
-67,-27,C,2017,5,4,124,0,4.27
-67,-27,C,2017,5,5,125,0,3.91
-67,-27,C,2017,5,6,126,0,3.72
-67,-27,C,2017,5,7,127,0,3.42
-67,-27,C,2017,5,8,128,2.9,4.09
-67,-27,C,2017,5,9,129,0.76,4.58
-67,-27,C,2017,5,10,130,0.56,4.03
-67,-27,C,2017,5,11,131,1.6,3.85
-67,-27,C,2017,5,12,132,0.81,4.33
-67,-27,C,2017,5,13,133,0.01,3.72
-67,-27,C,2017,5,14,134,0,3.78
-67,-27,C,2017,5,15,135,0,3.97
-67,-27,C,2017,5,16,136,0.44,3.66
-67,-27,C,2017,5,17,137,0.27,3.23
-67,-27,C,2017,5,18,138,0.14,2.62
-67,-27,C,2017,5,19,139,0.28,2.62
-67,-27,C,2017,5,20,140,0,2.56
-67,-27,C,2017,5,21,141,0,2.81
-67,-27,C,2017,5,22,142,0,3.72
-67,-27,C,2017,5,23,143,0,3.85
-67,-27,C,2017,5,24,144,0,4.33
-67,-27,C,2017,5,25,145,0.82,3.85
-67,-27,C,2017,5,26,146,2.86,3.97
-67,-27,C,2017,5,27,147,0.67,3.48
-67,-27,C,2017,5,28,148,0,3.17
-67,-27,C,2017,5,29,149,0,3.3
-67,-27,C,2017,5,30,150,0.02,3.42
-67,-27,C,2017,5,31,151,0,2.81
-67,-27,C,2017,6,1,152,0,2.99
-67,-27,C,2017,6,2,153,0,3.05
-67,-27,C,2017,6,3,154,0,3.05
-67,-27,C,2017,6,4,155,0,2.99
-67,-27,C,2017,6,5,156,4.35,3.3
-67,-27,C,2017,6,6,157,2.53,3.78
-67,-27,C,2017,6,7,158,0.06,3.85
-67,-27,C,2017,6,8,159,0.48,2.26
-67,-27,C,2017,6,9,160,0.44,3.11
-67,-27,C,2017,6,10,161,0,3.17
-67,-27,C,2017,6,11,162,0,3.36
-67,-27,C,2017,6,12,163,0,3.05
-67,-27,C,2017,6,13,164,0,2.69
-67,-27,C,2017,6,14,165,0,2.99
-67,-27,C,2017,6,15,166,0,3.36
-67,-27,C,2017,6,16,167,0,3.3
-67,-27,C,2017,6,17,168,0,2.99
-67,-27,C,2017,6,18,169,0,2.81
-67,-27,C,2017,6,19,170,0,2.38
-67,-27,C,2017,6,20,171,0,2.75
-67,-27,C,2017,6,21,172,0,2.75
-67,-27,C,2017,6,22,173,0,2.75
-67,-27,C,2017,6,23,174,0,2.81
-67,-27,C,2017,6,24,175,0,2.99
-67,-27,C,2017,6,25,176,0,3.3
-67,-27,C,2017,6,26,177,0,4.03
-67,-27,C,2017,6,27,178,0,3.48
-67,-27,C,2017,6,28,179,0,2.81
-67,-27,C,2017,6,29,180,0,2.62
-67,-27,C,2017,6,30,181,0,2.56
-67,-27,C,2017,7,1,182,0,3.36
-67,-27,C,2017,7,2,183,0,2.62
-67,-27,C,2017,7,3,184,0,2.75
-67,-27,C,2017,7,4,185,0,2.32
-67,-27,C,2017,7,5,186,0,2.69
-67,-27,C,2017,7,6,187,0,3.36
-67,-27,C,2017,7,7,188,0,3.42
-67,-27,C,2017,7,8,189,0,2.99
-67,-27,C,2017,7,9,190,0.01,2.81
-67,-27,C,2017,7,10,191,0.81,2.81
-67,-27,C,2017,7,11,192,1.46,2.69
-67,-27,C,2017,7,12,193,0.8,2.81
-67,-27,C,2017,7,13,194,0,3.17
-67,-27,C,2017,7,14,195,0.71,3.23
-67,-27,C,2017,7,15,196,0.04,2.38
-67,-27,C,2017,7,16,197,0.18,2.08
-67,-27,C,2017,7,17,198,0,1.59
-67,-27,C,2017,7,18,199,0,1.95
-67,-27,C,2017,7,19,200,0,2.2
-67,-27,C,2017,7,20,201,0,2.56
-67,-27,C,2017,7,21,202,0,2.87
-67,-27,C,2017,7,22,203,0,2.99
-67,-27,C,2017,7,23,204,0,2.93
-67,-27,C,2017,7,24,205,0,2.93
-67,-27,C,2017,7,25,206,0,2.81
-67,-27,C,2017,7,26,207,0,3.05
-67,-27,C,2017,7,27,208,0,2.81
-67,-27,C,2017,7,28,209,0,3.11
-67,-27,C,2017,7,29,210,0,4.39
-67,-27,C,2017,7,30,211,0,4.46
-67,-27,C,2017,7,31,212,0,2.93
-67,-27,C,2017,8,1,213,0,2.56
-67,-27,C,2017,8,2,214,0,2.38
-67,-27,C,2017,8,3,215,0,2.44
-67,-27,C,2017,8,4,216,0,2.38
-67,-27,C,2017,8,5,217,0,2.26
-67,-27,C,2017,8,6,218,0,2.62
-67,-27,C,2017,8,7,219,0,2.32
-67,-27,C,2017,8,8,220,0,2.75
-67,-27,C,2017,8,9,221,0,2.14
-67,-27,C,2017,8,10,222,0,1.83
-67,-27,C,2017,8,11,223,0.93,2.38
-67,-27,C,2017,8,12,224,1.92,2.01
-67,-27,C,2017,8,13,225,0.01,1.83
-67,-27,C,2017,8,14,226,0,2.32
-67,-27,C,2017,8,15,227,0,2.32
-67,-27,C,2017,8,16,228,0,4.09
-67,-27,C,2017,8,17,229,0,2.5
-67,-27,C,2017,8,18,230,0,2.08
-67,-27,C,2017,8,19,231,0,2.56
-67,-27,C,2017,8,20,232,0,3.6
-67,-27,C,2017,8,21,233,0,2.93
-67,-27,C,2017,8,22,234,0,2.14
-67,-27,C,2017,8,23,235,0,2.26
-67,-27,C,2017,8,24,236,0,2.14
-67,-27,C,2017,8,25,237,0,1.95
-67,-27,C,2017,8,26,238,0,1.89
-67,-27,C,2017,8,27,239,0,1.83
-67,-27,C,2017,8,28,240,0,1.89
-67,-27,C,2017,8,29,241,0.03,2.62
-67,-27,C,2017,8,30,242,0.02,3.48
-67,-27,C,2017,8,31,243,0,3.3
-67,-27,C,2017,9,1,244,0,3.42
-67,-27,C,2017,9,2,245,0,3.85
-67,-27,C,2017,9,3,246,0,3.66
-67,-27,C,2017,9,4,247,0,2.56
-67,-27,C,2017,9,5,248,0,1.95
-67,-27,C,2017,9,6,249,0,1.95
-67,-27,C,2017,9,7,250,0,2.08
-67,-27,C,2017,9,8,251,0,1.71
-67,-27,C,2017,9,9,252,3.29,2.38
-67,-27,C,2017,9,10,253,2.22,2.08
-67,-27,C,2017,9,11,254,0,1.95
-67,-27,C,2017,9,12,255,0,2.08
-67,-27,C,2017,9,13,256,0,2.14
-67,-27,C,2017,9,14,257,0,1.95
-67,-27,C,2017,9,15,258,0.91,3.3
-67,-27,C,2017,9,16,259,0.01,2.62
-67,-27,C,2017,9,17,260,0,2.93
-67,-27,C,2017,9,18,261,0,2.75
-67,-27,C,2017,9,19,262,0,2.62
-67,-27,C,2017,9,20,263,0.16,4.09
-67,-27,C,2017,9,21,264,0.06,4.82
-67,-27,C,2017,9,22,265,0,3.97
-67,-27,C,2017,9,23,266,0,4.82
-67,-27,C,2017,9,24,267,0,3.72
-67,-27,C,2017,9,25,268,0,4.15
-67,-27,C,2017,9,26,269,0,5.74
-67,-27,C,2017,9,27,270,8.49,7.57
-67,-27,C,2017,9,28,271,0.13,4.76
-67,-27,C,2017,9,29,272,0,3.05
-67,-27,C,2017,9,30,273,0,2.26
-67,-27,C,2017,10,1,274,0,2.14
-67,-27,C,2017,10,2,275,0,1.65
-67,-27,C,2017,10,3,276,0,2.38
-67,-27,C,2017,10,4,277,0,2.32
-67,-27,C,2017,10,5,278,0,1.53
-67,-27,C,2017,10,6,279,0,2.81
-67,-27,C,2017,10,7,280,0.03,2.87
-67,-27,C,2017,10,8,281,2.5,2.87
-67,-27,C,2017,10,9,282,0.18,3.11
-67,-27,C,2017,10,10,283,0.04,1.95
-67,-27,C,2017,10,11,284,2.58,2.26
-67,-27,C,2017,10,12,285,2.62,2.75
-67,-27,C,2017,10,13,286,0.47,3.05
-67,-27,C,2017,10,14,287,0,3.3
-67,-27,C,2017,10,15,288,0,3.6
-67,-27,C,2017,10,16,289,0,3.72
-67,-27,C,2017,10,17,290,0,3.54
-67,-27,C,2017,10,18,291,0.92,2.32
-67,-27,C,2017,10,19,292,0.2,4.15
-67,-27,C,2017,10,20,293,0,2.62
-67,-27,C,2017,10,21,294,2.75,4.09
-67,-27,C,2017,10,22,295,0.09,4.52
-67,-27,C,2017,10,23,296,0,2.62
-67,-27,C,2017,10,24,297,0,2.62
-67,-27,C,2017,10,25,298,0.71,3.3
-67,-27,C,2017,10,26,299,0.04,2.56
-67,-27,C,2017,10,27,300,1.26,4.7
-67,-27,C,2017,10,28,301,0.06,2.2
-67,-27,C,2017,10,29,302,37.09,2.56
-67,-27,C,2017,10,30,303,17.34,3.36
-67,-27,C,2017,10,31,304,0,3.17
-67,-27,C,2017,11,1,305,0,2.38
-67,-27,C,2017,11,2,306,0,2.08
-67,-27,C,2017,11,3,307,2.57,2.75
-67,-27,C,2017,11,4,308,5.14,4.33
-67,-27,C,2017,11,5,309,0.58,5.43
-67,-27,C,2017,11,6,310,0,7.32
-67,-27,C,2017,11,7,311,0.08,6.35
-67,-27,C,2017,11,8,312,2.9,6.35
-67,-27,C,2017,11,9,313,0.67,6.59
-67,-27,C,2017,11,10,314,0.18,6.84
-67,-27,C,2017,11,11,315,0,6.77
-67,-27,C,2017,11,12,316,0,6.84
-67,-27,C,2017,11,13,317,0,8
-67,-27,C,2017,11,14,318,0,5.86
-67,-27,C,2017,11,15,319,1.33,5.74
-67,-27,C,2017,11,16,320,0.01,5
-67,-27,C,2017,11,17,321,0,3.3
-67,-27,C,2017,11,18,322,0,4.39
-67,-27,C,2017,11,19,323,0,4.03
-67,-27,C,2017,11,20,324,0,4.33
-67,-27,C,2017,11,21,325,0,5.68
-67,-27,C,2017,11,22,326,0,5.37
-67,-27,C,2017,11,23,327,0,4.58
-67,-27,C,2017,11,24,328,0.5,5.07
-67,-27,C,2017,11,25,329,0.1,5.86
-67,-27,C,2017,11,26,330,0,5.49
-67,-27,C,2017,11,27,331,0.72,6.96
-67,-27,C,2017,11,28,332,0.01,7.08
-67,-27,C,2017,11,29,333,7.32,6.04
-67,-27,C,2017,11,30,334,17.08,8.67
-67,-27,C,2017,12,1,335,21.39,7.45
-67,-27,C,2017,12,2,336,3.53,6.16
-67,-27,C,2017,12,3,337,5.94,5.31
-67,-27,C,2017,12,4,338,3.49,7.39
-67,-27,C,2017,12,5,339,0.05,6.1
-67,-27,C,2017,12,6,340,0,6.29
-67,-27,C,2017,12,7,341,0,8.67
-67,-27,C,2017,12,8,342,0.12,6.71
-67,-27,C,2017,12,9,343,0.12,8.61
-67,-27,C,2017,12,10,344,0.04,8.06
-67,-27,C,2017,12,11,345,0.65,8.24
-67,-27,C,2017,12,12,346,0,6.65
-67,-27,C,2017,12,13,347,0,9.09
-67,-27,C,2017,12,14,348,0.16,9.58
-67,-27,C,2017,12,15,349,0,9.34
-67,-27,C,2017,12,16,350,0,8.67
-67,-27,C,2017,12,17,351,0.73,8.36
-67,-27,C,2017,12,18,352,0.1,7.63
-67,-27,C,2017,12,19,353,0,8.36
-67,-27,C,2017,12,20,354,0.12,9.28
-67,-27,C,2017,12,21,355,4.69,9.89
-67,-27,C,2017,12,22,356,1.93,8.36
-67,-27,C,2017,12,23,357,26.45,8.97
-67,-27,C,2017,12,24,358,0.5,7.57
-67,-27,C,2017,12,25,359,0.11,7.26
-67,-27,C,2017,12,26,360,0,7.2
-67,-27,C,2017,12,27,361,8.45,9.34
-67,-27,C,2017,12,28,362,1.35,8.73
-67,-27,C,2017,12,29,363,0,6.16
-67,-27,C,2017,12,30,364,19.46,8.36
-67,-27,C,2017,12,31,365,13.58,10.8
-67,-27,C,2018,1,1,1,11.71,8.54
-67,-27,C,2018,1,2,2,0.16,6.65
-67,-27,C,2018,1,3,3,0,7.75
-67,-27,C,2018,1,4,4,0,8.61
-67,-27,C,2018,1,5,5,2.83,7.45
-67,-27,C,2018,1,6,6,3.84,9.34
-67,-27,C,2018,1,7,7,0.1,8.36
-67,-27,C,2018,1,8,8,4.27,8.18
-67,-27,C,2018,1,9,9,0.76,8.24
-67,-27,C,2018,1,10,10,0.06,8.73
-67,-27,C,2018,1,11,11,0.03,9.89
-67,-27,C,2018,1,12,12,1.06,9.09
-67,-27,C,2018,1,13,13,18.6,8.3
-67,-27,C,2018,1,14,14,0.58,6.47
-67,-27,C,2018,1,15,15,0,7.93
-67,-27,C,2018,1,16,16,0,9.16
-67,-27,C,2018,1,17,17,17.99,9.03
-67,-27,C,2018,1,18,18,4.12,9.03
-67,-27,C,2018,1,19,19,0.36,8.61
-67,-27,C,2018,1,20,20,3.95,7.63
-67,-27,C,2018,1,21,21,0.04,6.96
-67,-27,C,2018,1,22,22,0,6.96
-67,-27,C,2018,1,23,23,7.83,7.26
-67,-27,C,2018,1,24,24,105.17,10.01
-67,-27,C,2018,1,25,25,6.92,10.07
-67,-27,C,2018,1,26,26,0.59,10.01
-67,-27,C,2018,1,27,27,9.18,10.31
-67,-27,C,2018,1,28,28,45.87,10.56
-67,-27,C,2018,1,29,29,2.93,9.7
-67,-27,C,2018,1,30,30,26.87,11.11
-67,-27,C,2018,1,31,31,14.56,10.44
-67,-27,C,2018,2,1,32,0.11,9.4
-67,-27,C,2018,2,2,33,0,9.83
-67,-27,C,2018,2,3,34,0,10.99
-67,-27,C,2018,2,4,35,0,10.74
-67,-27,C,2018,2,5,36,0,10.38
-67,-27,C,2018,2,6,37,0,8.48
-67,-27,C,2018,2,7,38,0.27,8.97
-67,-27,C,2018,2,8,39,0.01,8.67
-67,-27,C,2018,2,9,40,0.39,9.89
-67,-27,C,2018,2,10,41,0.17,9.77
-67,-27,C,2018,2,11,42,10.81,9.03
-67,-27,C,2018,2,12,43,0.47,8.79
-67,-27,C,2018,2,13,44,0,7.93
-67,-27,C,2018,2,14,45,0,8.79
-67,-27,C,2018,2,15,46,0,10.07
-67,-27,C,2018,2,16,47,5.3,9.83
-67,-27,C,2018,2,17,48,13.78,8.42
-67,-27,C,2018,2,18,49,1.08,7.69
-67,-27,C,2018,2,19,50,2.24,8.36
-67,-27,C,2018,2,20,51,5.42,8.79
-67,-27,C,2018,2,21,52,6.09,9.03
-67,-27,C,2018,2,22,53,0.05,8.73
-67,-27,C,2018,2,23,54,0.09,8.48
-67,-27,C,2018,2,24,55,8.45,9.03
-67,-27,C,2018,2,25,56,2.14,8.24
-67,-27,C,2018,2,26,57,0.17,8.24
-67,-27,C,2018,2,27,58,27.46,8
-67,-27,C,2018,2,28,59,2.83,7.57
-67,-27,C,2018,3,1,60,0.81,7.14
-67,-27,C,2018,3,2,61,0.05,8.18
-67,-27,C,2018,3,3,62,0.02,8.79
-67,-27,C,2018,3,4,63,7.76,9.34
-67,-27,C,2018,3,5,64,12.46,8.73
-67,-27,C,2018,3,6,65,0.41,7.45
-67,-27,C,2018,3,7,66,0.01,7.51
-67,-27,C,2018,3,8,67,0,6.53
-67,-27,C,2018,3,9,68,0,7.26
-67,-27,C,2018,3,10,69,0.35,6.71
-67,-27,C,2018,3,11,70,2.74,9.58
-67,-27,C,2018,3,12,71,0.16,8.73
-67,-27,C,2018,3,13,72,0,7.2
-67,-27,C,2018,3,14,73,0.01,6.84
-67,-27,C,2018,3,15,74,0.88,8.18
-67,-27,C,2018,3,16,75,0,5.86
-67,-27,C,2018,3,17,76,0,6.29
-67,-27,C,2018,3,18,77,0.26,6.1
-67,-27,C,2018,3,19,78,0.05,7.08
-67,-27,C,2018,3,20,79,0,5.86
-67,-27,C,2018,3,21,80,0,7.14
-67,-27,C,2018,3,22,81,0,4.94
-67,-27,C,2018,3,23,82,0,5.31
-67,-27,C,2018,3,24,83,3.36,6.35
-67,-27,C,2018,3,25,84,0.63,5.68
-67,-27,C,2018,3,26,85,0,5.55
-67,-27,C,2018,3,27,86,0,6.47
-67,-27,C,2018,3,28,87,0,6.04
-67,-27,C,2018,3,29,88,0.15,6.1
-67,-27,C,2018,3,30,89,0,6.23
-67,-27,C,2018,3,31,90,0.03,5.86
-67,-27,C,2018,4,1,91,8.04,7.69
-67,-27,C,2018,4,2,92,8,7.02
-67,-27,C,2018,4,3,93,0,6.35
-67,-27,C,2018,4,4,94,0,5.74
-67,-27,C,2018,4,5,95,0,5.98
-67,-27,C,2018,4,6,96,1.6,5.49
-67,-27,C,2018,4,7,97,0.53,4.21
-67,-27,C,2018,4,8,98,2.01,5.25
-67,-27,C,2018,4,9,99,1.88,7.2
-67,-27,C,2018,4,10,100,0,6.16
-67,-27,C,2018,4,11,101,0.06,7.26
-67,-27,C,2018,4,12,102,2.02,7.87
-67,-27,C,2018,4,13,103,0.03,7.39
-67,-27,C,2018,4,14,104,0,6.04
-67,-27,C,2018,4,15,105,0,5.13
-67,-27,C,2018,4,16,106,0,4.94
-67,-27,C,2018,4,17,107,0,5.74
-67,-27,C,2018,4,18,108,0,6.77
-67,-27,C,2018,4,19,109,0,7.02
-67,-27,C,2018,4,20,110,0,7.14
-67,-27,C,2018,4,21,111,0,8.48
-67,-27,C,2018,4,22,112,0,5.8
-67,-27,C,2018,4,23,113,2.41,8.24
-67,-27,C,2018,4,24,114,0.58,6.47
-67,-27,C,2018,4,25,115,0.21,7.26
-67,-27,C,2018,4,26,116,0.1,6.96
-67,-27,C,2018,4,27,117,0,5.43
-67,-27,C,2018,4,28,118,0,6.77
-67,-27,C,2018,4,29,119,0,5.19
-67,-27,C,2018,4,30,120,0.86,5.19
-67,-27,C,2018,5,1,121,0.39,5.43
-67,-27,C,2018,5,2,122,0.49,5.86
-67,-27,C,2018,5,3,123,0.26,5
-67,-27,C,2018,5,4,124,10.36,4.94
-67,-27,C,2018,5,5,125,2.74,5.74
-67,-27,C,2018,5,6,126,0.17,3.66
-67,-27,C,2018,5,7,127,0,3.23
-67,-27,C,2018,5,8,128,0.52,3.66
-67,-27,C,2018,5,9,129,2.98,3.91
-67,-27,C,2018,5,10,130,0.15,3.17
-67,-27,C,2018,5,11,131,0.01,2.87
-67,-27,C,2018,5,12,132,0,3.3
-67,-27,C,2018,5,13,133,0,2.93
-67,-27,C,2018,5,14,134,0,2.93
-67,-27,C,2018,5,15,135,4.71,4.09
-67,-27,C,2018,5,16,136,0.62,3.78
-67,-27,C,2018,5,17,137,0,3.48
-67,-27,C,2018,5,18,138,0,2.75
-67,-27,C,2018,5,19,139,0,2.69
-67,-27,C,2018,5,20,140,0,2.62
-67,-27,C,2018,5,21,141,0,2.62
-67,-27,C,2018,5,22,142,0,2.75
-67,-27,C,2018,5,23,143,0,2.44
-67,-27,C,2018,5,24,144,0,2.38
-67,-27,C,2018,5,25,145,0,2.2
-67,-27,C,2018,5,26,146,0,2.2
-67,-27,C,2018,5,27,147,0,2.5
-67,-27,C,2018,5,28,148,0,2.44
-67,-27,C,2018,5,29,149,0,2.75
-67,-27,C,2018,5,30,150,1.1,3.17
-67,-27,C,2018,5,31,151,1.84,3.11
-67,-27,C,2018,6,1,152,3.42,2.87
-67,-27,C,2018,6,2,153,1.11,2.69
-67,-27,C,2018,6,3,154,0,2.69
-67,-27,C,2018,6,4,155,0,2.14
-67,-27,C,2018,6,5,156,0,2.2
-67,-27,C,2018,6,6,157,0,2.56
-67,-27,C,2018,6,7,158,0,2.75
-67,-27,C,2018,6,8,159,0,2.32
-67,-27,C,2018,6,9,160,0,2.38
-67,-27,C,2018,6,10,161,0,2.81
-67,-27,C,2018,6,11,162,0,1.59
-67,-27,C,2018,6,12,163,0,1.95
-67,-27,C,2018,6,13,164,0,1.95
-67,-27,C,2018,6,14,165,0,1.95
-67,-27,C,2018,6,15,166,0,2.38
-67,-27,C,2018,6,16,167,0,2.32
-67,-27,C,2018,6,17,168,0,2.2
-67,-27,C,2018,6,18,169,0,2.08
-67,-27,C,2018,6,19,170,0,1.89
-67,-27,C,2018,6,20,171,0,2.14
-67,-27,C,2018,6,21,172,0,2.75
-67,-27,C,2018,6,22,173,0,2.62
-67,-27,C,2018,6,23,174,0.03,3.42
-67,-27,C,2018,6,24,175,0,2.62
-67,-27,C,2018,6,25,176,0,1.89
-67,-27,C,2018,6,26,177,0,1.65
-67,-27,C,2018,6,27,178,0,1.71
-67,-27,C,2018,6,28,179,0,2.14
-67,-27,C,2018,6,29,180,0,1.95
-67,-27,C,2018,6,30,181,0,1.83
-67,-27,C,2018,7,1,182,0,3.05
-67,-27,C,2018,7,2,183,2.17,3.36
-67,-27,C,2018,7,3,184,2.35,3.48
-67,-27,C,2018,7,4,185,0.01,2.5
-67,-27,C,2018,7,5,186,2.72,2.14
-67,-27,C,2018,7,6,187,0.07,1.59
-67,-27,C,2018,7,7,188,0.77,2.01
-67,-27,C,2018,7,8,189,0,2.38
-67,-27,C,2018,7,9,190,0,2.2
-67,-27,C,2018,7,10,191,0,1.71
-67,-27,C,2018,7,11,192,0,1.89
-67,-27,C,2018,7,12,193,0,1.65
-67,-27,C,2018,7,13,194,0,1.95
-67,-27,C,2018,7,14,195,0,2.01
-67,-27,C,2018,7,15,196,0,2.93
-67,-27,C,2018,7,16,197,0,3.05
-67,-27,C,2018,7,17,198,0,2.56
-67,-27,C,2018,7,18,199,0.84,2.69
-67,-27,C,2018,7,19,200,0.09,2.75
-67,-27,C,2018,7,20,201,0,1.65
-67,-27,C,2018,7,21,202,0,1.71
-67,-27,C,2018,7,22,203,0,2.81
-67,-27,C,2018,7,23,204,0,2.69
-67,-27,C,2018,7,24,205,0,2.2
-67,-27,C,2018,7,25,206,0,2.14
-67,-27,C,2018,7,26,207,0,2.26
-67,-27,C,2018,7,27,208,0,2.75
-67,-27,C,2018,7,28,209,0,1.53
-67,-27,C,2018,7,29,210,0,1.4
-67,-27,C,2018,7,30,211,0,1.65
-67,-27,C,2018,7,31,212,0,2.01
-67,-27,C,2018,8,1,213,0,1.77
-67,-27,C,2018,8,2,214,0,2.32
-67,-27,C,2018,8,3,215,0,1.95
-67,-27,C,2018,8,4,216,0,2.44
-67,-27,C,2018,8,5,217,0,2.08
-67,-27,C,2018,8,6,218,0,2.14
-67,-27,C,2018,8,7,219,0,1.77
-67,-27,C,2018,8,8,220,0,2.01
-67,-27,C,2018,8,9,221,0,2.08
-67,-27,C,2018,8,10,222,0,1.89
-67,-27,C,2018,8,11,223,0,1.83
-67,-27,C,2018,8,12,224,0,1.59
-67,-27,C,2018,8,13,225,0,1.95
-67,-27,C,2018,8,14,226,0,3.48
-67,-27,C,2018,8,15,227,0,2.62
-67,-27,C,2018,8,16,228,0,2.26
-67,-27,C,2018,8,17,229,0,2.14
-67,-27,C,2018,8,18,230,0.01,2.5
-67,-27,C,2018,8,19,231,0.02,2.56
-67,-27,C,2018,8,20,232,0.02,1.89
-67,-27,C,2018,8,21,233,0,1.34
-67,-27,C,2018,8,22,234,0,1.46
-67,-27,C,2018,8,23,235,0,1.53
-67,-27,C,2018,8,24,236,0,2.14
-67,-27,C,2018,8,25,237,0,1.95
-67,-27,C,2018,8,26,238,0,2.01
-67,-27,C,2018,8,27,239,0,1.89
-67,-27,C,2018,8,28,240,0,1.59
-67,-27,C,2018,8,29,241,0,1.89
-67,-27,C,2018,8,30,242,0,1.89
-67,-27,C,2018,8,31,243,0.4,1.89
-67,-27,C,2018,9,1,244,0.35,2.38
-67,-27,C,2018,9,2,245,0,1.34
-67,-27,C,2018,9,3,246,0,1.59
-67,-27,C,2018,9,4,247,0,1.77
-67,-27,C,2018,9,5,248,0,1.83
-67,-27,C,2018,9,6,249,0,2.32
-67,-27,C,2018,9,7,250,0,3.23
-67,-27,C,2018,9,8,251,0,3.6
-67,-27,C,2018,9,9,252,0,3.72
-67,-27,C,2018,9,10,253,0,5.13
-67,-27,C,2018,9,11,254,0,3.91
-67,-27,C,2018,9,12,255,2.91,3.48
-67,-27,C,2018,9,13,256,4.8,4.33
-67,-27,C,2018,9,14,257,0.25,2.87
-67,-27,C,2018,9,15,258,0.06,2.08
-67,-27,C,2018,9,16,259,0.29,2.14
-67,-27,C,2018,9,17,260,0.01,1.89
-67,-27,C,2018,9,18,261,0,1.4
-67,-27,C,2018,9,19,262,0,2.32
-67,-27,C,2018,9,20,263,0,2.32
-67,-27,C,2018,9,21,264,0,2.87
-67,-27,C,2018,9,22,265,0,2.14
-67,-27,C,2018,9,23,266,0.68,4.09
-67,-27,C,2018,9,24,267,0.7,6.41
-67,-27,C,2018,9,25,268,0,4.09
-67,-27,C,2018,9,26,269,0.37,2.75
-67,-27,C,2018,9,27,270,0.31,3.54
-67,-27,C,2018,9,28,271,0,2.81
-67,-27,C,2018,9,29,272,0,1.71
-67,-27,C,2018,9,30,273,0,1.46
-67,-27,C,2018,10,1,274,0,2.62
-67,-27,C,2018,10,2,275,0,1.77
-67,-27,C,2018,10,3,276,0,2.75
-67,-27,C,2018,10,4,277,0,5.31
-67,-27,C,2018,10,5,278,0,5.8
-67,-27,C,2018,10,6,279,0,4.33
-67,-27,C,2018,10,7,280,0,3.17
-67,-27,C,2018,10,8,281,0,2.5
-67,-27,C,2018,10,9,282,0,2.5
-67,-27,C,2018,10,10,283,3.25,3.66
-67,-27,C,2018,10,11,284,1.83,3.23
-67,-27,C,2018,10,12,285,1.1,3.11
-67,-27,C,2018,10,13,286,0,2.75
-67,-27,C,2018,10,14,287,0,3.05
-67,-27,C,2018,10,15,288,0,2.2
-67,-27,C,2018,10,16,289,0,1.34
-67,-27,C,2018,10,17,290,0,1.46
-67,-27,C,2018,10,18,291,21.49,3.66
-67,-27,C,2018,10,19,292,10.65,7.75
-67,-27,C,2018,10,20,293,1.04,6.1
-67,-27,C,2018,10,21,294,2.3,6.1
-67,-27,C,2018,10,22,295,9.27,7.2
-67,-27,C,2018,10,23,296,3.45,7.45
-67,-27,C,2018,10,24,297,0.91,4.39
-67,-27,C,2018,10,25,298,2.65,6.35
-67,-27,C,2018,10,26,299,1,5.25
-67,-27,C,2018,10,27,300,0.15,6.23
-67,-27,C,2018,10,28,301,0,5.37
-67,-27,C,2018,10,29,302,0,3.97
-67,-27,C,2018,10,30,303,0,3.66
-67,-27,C,2018,10,31,304,0.47,4.94
-67,-27,C,2018,11,1,305,0.1,5.07
-67,-27,C,2018,11,2,306,0,4.58
-67,-27,C,2018,11,3,307,0.29,6.77
-67,-27,C,2018,11,4,308,0.27,6.84
-67,-27,C,2018,11,5,309,10.22,7.26
-67,-27,C,2018,11,6,310,11.29,7.81
-67,-27,C,2018,11,7,311,3.18,6.96
-67,-27,C,2018,11,8,312,0,7.08
-67,-27,C,2018,11,9,313,0,6.77
-67,-27,C,2018,11,10,314,0,5.92
-67,-27,C,2018,11,11,315,4.06,5.37
-67,-27,C,2018,11,12,316,1.74,2.75
-67,-27,C,2018,11,13,317,0.95,2.2
-67,-27,C,2018,11,14,318,0,3.42
-67,-27,C,2018,11,15,319,0,4.21
-67,-27,C,2018,11,16,320,0,7.02
-67,-27,C,2018,11,17,321,16.47,5.55
-67,-27,C,2018,11,18,322,5.87,7.69
-67,-27,C,2018,11,19,323,1.45,6.71
-67,-27,C,2018,11,20,324,0.05,7.39
-67,-27,C,2018,11,21,325,0,8.54
-67,-27,C,2018,11,22,326,4.81,7.57
-67,-27,C,2018,11,23,327,0.1,6.41
-67,-27,C,2018,11,24,328,0,7.08
-67,-27,C,2018,11,25,329,0,7.57
-67,-27,C,2018,11,26,330,0.12,8.3
-67,-27,C,2018,11,27,331,4.99,7.93
-67,-27,C,2018,11,28,332,1.58,7.93
-67,-27,C,2018,11,29,333,1.81,6.59
-67,-27,C,2018,11,30,334,7.3,5.98
-67,-27,C,2018,12,1,335,11.36,6.96
-67,-27,C,2018,12,2,336,1.48,6.04
-67,-27,C,2018,12,3,337,0,5
-67,-27,C,2018,12,4,338,0.05,4.33
-67,-27,C,2018,12,5,339,34.71,4.88
-67,-27,C,2018,12,6,340,4.87,6.35
-67,-27,C,2018,12,7,341,0.01,6.1
-67,-27,C,2018,12,8,342,0,4.52
-67,-27,C,2018,12,9,343,0,5.13
-67,-27,C,2018,12,10,344,0,6.59
-67,-27,C,2018,12,11,345,0,6.29
-67,-27,C,2018,12,12,346,3.44,9.28
-67,-27,C,2018,12,13,347,0.41,5.55
-67,-27,C,2018,12,14,348,4.93,5.8
-67,-27,C,2018,12,15,349,3.86,7.69
-67,-27,C,2018,12,16,350,0.05,7.32
-67,-27,C,2018,12,17,351,20.35,8
-67,-27,C,2018,12,18,352,11.49,8.06
-67,-27,C,2018,12,19,353,0.02,6.23
-67,-27,C,2018,12,20,354,10.75,6.41
-67,-27,C,2018,12,21,355,30.61,8.24
-67,-27,C,2018,12,22,356,0,8.3
-67,-27,C,2018,12,23,357,0.71,8.79
-67,-27,C,2018,12,24,358,0.9,9.4
-67,-27,C,2018,12,25,359,0.05,9.89
-67,-27,C,2018,12,26,360,0,9.95
-67,-27,C,2018,12,27,361,10.22,10.5
-67,-27,C,2018,12,28,362,1.65,9.77
-67,-27,C,2018,12,29,363,0.07,10.01
-67,-27,C,2018,12,30,364,8.83,9.03
-67,-27,C,2018,12,31,365,1.71,10.38
-67,-27,C,2019,1,1,1,0,10.86
-67,-27,C,2019,1,2,2,8.95,11.05
-67,-27,C,2019,1,3,3,19.36,8.24
-67,-27,C,2019,1,4,4,0.01,8.73
-67,-27,C,2019,1,5,5,0,9.34
-67,-27,C,2019,1,6,6,13.6,7.32
-67,-27,C,2019,1,7,7,1.57,4.82
-67,-27,C,2019,1,8,8,16.61,5.68
-67,-27,C,2019,1,9,9,1.85,6.04
-67,-27,C,2019,1,10,10,16.03,7.69
-67,-27,C,2019,1,11,11,0.71,7.02
-67,-27,C,2019,1,12,12,0,7.2
-67,-27,C,2019,1,13,13,10,8.91
-67,-27,C,2019,1,14,14,9.41,9.34
-67,-27,C,2019,1,15,15,2.99,8
-67,-27,C,2019,1,16,16,0.75,9.58
-67,-27,C,2019,1,17,17,6.05,8.97
-67,-27,C,2019,1,18,18,0.33,7.39
-67,-27,C,2019,1,19,19,0,7.87
-67,-27,C,2019,1,20,20,0,9.46
-67,-27,C,2019,1,21,21,0,9.83
-67,-27,C,2019,1,22,22,0,10.44
-67,-27,C,2019,1,23,23,1.78,11.47
-67,-27,C,2019,1,24,24,0.43,11.17
-67,-27,C,2019,1,25,25,1.12,9.4
-67,-27,C,2019,1,26,26,5.43,9.58
-67,-27,C,2019,1,27,27,0.15,9.46
-67,-27,C,2019,1,28,28,0,10.74
-67,-27,C,2019,1,29,29,0.4,10.5
-67,-27,C,2019,1,30,30,11.83,9.03
-67,-27,C,2019,1,31,31,25.42,9.16
-67,-27,C,2019,2,1,32,29.27,9.09
-67,-27,C,2019,2,2,33,29.88,8.91
-67,-27,C,2019,2,3,34,7.68,9.16
-67,-27,C,2019,2,4,35,0,9.34
-67,-27,C,2019,2,5,36,0,7.45
-67,-27,C,2019,2,6,37,0,6.65
-67,-27,C,2019,2,7,38,0,7.93
-67,-27,C,2019,2,8,39,0.09,9.09
-67,-27,C,2019,2,9,40,0.43,8.73
-67,-27,C,2019,2,10,41,0.02,9.64
-67,-27,C,2019,2,11,42,12.97,8.42
-67,-27,C,2019,2,12,43,4.23,8
-67,-27,C,2019,2,13,44,0.01,7.2
-67,-27,C,2019,2,14,45,0,6.77
-67,-27,C,2019,2,15,46,0,6.47
-67,-27,C,2019,2,16,47,0,6.96
-67,-27,C,2019,2,17,48,0,7.57
-67,-27,C,2019,2,18,49,0,8.91
-67,-27,C,2019,2,19,50,0,8.48
-67,-27,C,2019,2,20,51,0,9.09
-67,-27,C,2019,2,21,52,0,9.7
-67,-27,C,2019,2,22,53,0,9.89
-67,-27,C,2019,2,23,54,0.29,9.89
-67,-27,C,2019,2,24,55,1.83,10.56
-67,-27,C,2019,2,25,56,5.98,9.58
-67,-27,C,2019,2,26,57,2.27,8.12
-67,-27,C,2019,2,27,58,0.06,7.32
-67,-27,C,2019,2,28,59,0,7.39
-67,-27,C,2019,3,1,60,0,7.39
-67,-27,C,2019,3,2,61,0,8.61
-67,-27,C,2019,3,3,62,0,8.91
-67,-27,C,2019,3,4,63,0.53,6.71
-67,-27,C,2019,3,5,64,0.71,7.69
-67,-27,C,2019,3,6,65,0.3,7.02
-67,-27,C,2019,3,7,66,9.53,6.53
-67,-27,C,2019,3,8,67,46.38,9.09
-67,-27,C,2019,3,9,68,7.51,7.2
-67,-27,C,2019,3,10,69,3.47,6.16
-67,-27,C,2019,3,11,70,1.01,5.37
-67,-27,C,2019,3,12,71,0.1,5.37
-67,-27,C,2019,3,13,72,0,6.9
-67,-27,C,2019,3,14,73,0,7.02
-67,-27,C,2019,3,15,74,36.17,7.14
-67,-27,C,2019,3,16,75,18.85,6.65
-67,-27,C,2019,3,17,76,6.28,6.23
-67,-27,C,2019,3,18,77,0.05,6.29
-67,-27,C,2019,3,19,78,14.33,7.26
-67,-27,C,2019,3,20,79,7.09,7.45
-67,-27,C,2019,3,21,80,0.02,6.35
-67,-27,C,2019,3,22,81,0,6.16
-67,-27,C,2019,3,23,82,0,7.26
-67,-27,C,2019,3,24,83,0.99,8.48
-67,-27,C,2019,3,25,84,6.97,8.42
-67,-27,C,2019,3,26,85,3.59,7.63
-67,-27,C,2019,3,27,86,0.17,6.96
-67,-27,C,2019,3,28,87,0.01,6.1
-67,-27,C,2019,3,29,88,0,6.41
-67,-27,C,2019,3,30,89,0.33,9.09
-67,-27,C,2019,3,31,90,0.4,9.34
-67,-27,C,2019,4,1,91,8.72,9.09
-67,-27,C,2019,4,2,92,11.93,8.3
-67,-27,C,2019,4,3,93,0,6.41
-67,-27,C,2019,4,4,94,2.41,7.02
-67,-27,C,2019,4,5,95,2.32,5.07
-67,-27,C,2019,4,6,96,0,4.27
-67,-27,C,2019,4,7,97,0,3.6
-67,-27,C,2019,4,8,98,0,4.82
-67,-27,C,2019,4,9,99,0,5.31
-67,-27,C,2019,4,10,100,0,6.1
-67,-27,C,2019,4,11,101,0.16,7.26
-67,-27,C,2019,4,12,102,0.01,6.29
-67,-27,C,2019,4,13,103,0,3.91
-67,-27,C,2019,4,14,104,0,4.58
-67,-27,C,2019,4,15,105,2.5,5.55
-67,-27,C,2019,4,16,106,0.22,6.41
-67,-27,C,2019,4,17,107,0.03,4.88
-67,-27,C,2019,4,18,108,0.08,4.64
-67,-27,C,2019,4,19,109,3.96,5.07
-67,-27,C,2019,4,20,110,22.88,6.04
-67,-27,C,2019,4,21,111,8.98,5.43
-67,-27,C,2019,4,22,112,3.25,4.39
-67,-27,C,2019,4,23,113,4.03,4.64
-67,-27,C,2019,4,24,114,2.79,4.88
-67,-27,C,2019,4,25,115,0.95,4.21
-67,-27,C,2019,4,26,116,0,4.76
-67,-27,C,2019,4,27,117,0,4.27
-67,-27,C,2019,4,28,118,0,4.52
-67,-27,C,2019,4,29,119,9.91,5
-67,-27,C,2019,4,30,120,7.99,6.29
-67,-27,C,2019,5,1,121,0.24,3.97
-67,-27,C,2019,5,2,122,0,4.03
-67,-27,C,2019,5,3,123,0.03,5.25
-67,-27,C,2019,5,4,124,0,4.46
-67,-27,C,2019,5,5,125,0.06,4.7
-67,-27,C,2019,5,6,126,0.09,7.2
-67,-27,C,2019,5,7,127,2.12,5.86
-67,-27,C,2019,5,8,128,2.2,5.62
-67,-27,C,2019,5,9,129,0.06,4.39
-67,-27,C,2019,5,10,130,0.76,4.94
-67,-27,C,2019,5,11,131,0.12,4.15
-67,-27,C,2019,5,12,132,0,3.36
-67,-27,C,2019,5,13,133,0,4.21
-67,-27,C,2019,5,14,134,0,5.49
-67,-27,C,2019,5,15,135,0,5.37
-67,-27,C,2019,5,16,136,0,4.15
-67,-27,C,2019,5,17,137,0,3.6
-67,-27,C,2019,5,18,138,2.45,4.52
-67,-27,C,2019,5,19,139,1.54,4.21
-67,-27,C,2019,5,20,140,0.78,3.3
-67,-27,C,2019,5,21,141,7.18,3.05
-67,-27,C,2019,5,22,142,4.64,2.62
-67,-27,C,2019,5,23,143,0.26,1.95
-67,-27,C,2019,5,24,144,0,2.56
-67,-27,C,2019,5,25,145,0,3.17
-67,-27,C,2019,5,26,146,0,3.11
-67,-27,C,2019,5,27,147,0,3.23
-67,-27,C,2019,5,28,148,0,3.48
-67,-27,C,2019,5,29,149,0.76,3.85
-67,-27,C,2019,5,30,150,0.58,3.54
-67,-27,C,2019,5,31,151,0,3.11
-67,-27,C,2019,6,1,152,0,3.05
-67,-27,C,2019,6,2,153,0,2.75
-67,-27,C,2019,6,3,154,0,3.11
-67,-27,C,2019,6,4,155,0,3.17
-67,-27,C,2019,6,5,156,0,3.6
-67,-27,C,2019,6,6,157,0,3.23
-67,-27,C,2019,6,7,158,0.13,3.66
-67,-27,C,2019,6,8,159,0.1,2.81
-67,-27,C,2019,6,9,160,0,2.5
-67,-27,C,2019,6,10,161,0,2.81
-67,-27,C,2019,6,11,162,0,2.75
-67,-27,C,2019,6,12,163,0,2.62
-67,-27,C,2019,6,13,164,0,2.44
-67,-27,C,2019,6,14,165,0.9,2.32
-67,-27,C,2019,6,15,166,2.18,3.23
-67,-27,C,2019,6,16,167,1.01,3.05
-67,-27,C,2019,6,17,168,0,2.75
-67,-27,C,2019,6,18,169,0,2.26
-67,-27,C,2019,6,19,170,0,2.75
-67,-27,C,2019,6,20,171,0,3.17
-67,-27,C,2019,6,21,172,0,2.93
-67,-27,C,2019,6,22,173,0,2.93
-67,-27,C,2019,6,23,174,0,3.3
-67,-27,C,2019,6,24,175,0,3.48
-67,-27,C,2019,6,25,176,3.32,3.42
-67,-27,C,2019,6,26,177,0,2.56
-67,-27,C,2019,6,27,178,0,2.56
-67,-27,C,2019,6,28,179,0,2.75
-67,-27,C,2019,6,29,180,0,2.69
-67,-27,C,2019,6,30,181,0,3.3
-67,-27,C,2019,7,1,182,0,3.11
-67,-27,C,2019,7,2,183,0,2.69
-67,-27,C,2019,7,3,184,0,2.93
-67,-27,C,2019,7,4,185,0.01,2.5
-67,-27,C,2019,7,5,186,0.02,2.62
-67,-27,C,2019,7,6,187,0,2.75
-67,-27,C,2019,7,7,188,0,2.81
-67,-27,C,2019,7,8,189,0,2.99
-67,-27,C,2019,7,9,190,0,3.23
-67,-27,C,2019,7,10,191,0,3.05
-67,-27,C,2019,7,11,192,0,2.75
-67,-27,C,2019,7,12,193,0,2.87
-67,-27,C,2019,7,13,194,0,2.69
-67,-27,C,2019,7,14,195,0,2.75
-67,-27,C,2019,7,15,196,0,3.17
-67,-27,C,2019,7,16,197,0,2.5
-67,-27,C,2019,7,17,198,0,1.77
-67,-27,C,2019,7,18,199,0,2.56
-67,-27,C,2019,7,19,200,0,2.01
-67,-27,C,2019,7,20,201,0,1.89
-67,-27,C,2019,7,21,202,0,1.71
-67,-27,C,2019,7,22,203,0.08,2.44
-67,-27,C,2019,7,23,204,0,2.5
-67,-27,C,2019,7,24,205,0,2.87
-67,-27,C,2019,7,25,206,0.47,2.5
-67,-27,C,2019,7,26,207,0,2.14
-67,-27,C,2019,7,27,208,0,2.44
-67,-27,C,2019,7,28,209,0,1.46
-67,-27,C,2019,7,29,210,0,1.83
-67,-27,C,2019,7,30,211,0,2.38
-67,-27,C,2019,7,31,212,0,2.08
-67,-27,C,2019,8,1,213,0,2.32
-67,-27,C,2019,8,2,214,0,2.01
-67,-27,C,2019,8,3,215,0,1.59
-67,-27,C,2019,8,4,216,0,2.08
-67,-27,C,2019,8,5,217,0,2.01
-67,-27,C,2019,8,6,218,0,1.89
-67,-27,C,2019,8,7,219,0,2.2
-67,-27,C,2019,8,8,220,0,2.69
-67,-27,C,2019,8,9,221,0,1.77
-67,-27,C,2019,8,10,222,0,1.59
-67,-27,C,2019,8,11,223,0,1.46
-67,-27,C,2019,8,12,224,0,1.95
-67,-27,C,2019,8,13,225,0,2.81
-67,-27,C,2019,8,14,226,0,2.38
-67,-27,C,2019,8,15,227,0,2.69
-67,-27,C,2019,8,16,228,0,2.26
-67,-27,C,2019,8,17,229,0,2.08
-67,-27,C,2019,8,18,230,0,2.38
-67,-27,C,2019,8,19,231,0,2.56
-67,-27,C,2019,8,20,232,0,2.38
-67,-27,C,2019,8,21,233,0,2.14
-67,-27,C,2019,8,22,234,0,2.38
-67,-27,C,2019,8,23,235,0,2.87
-67,-27,C,2019,8,24,236,0,2.87
-67,-27,C,2019,8,25,237,0,2.81
-67,-27,C,2019,8,26,238,0,3.17
-67,-27,C,2019,8,27,239,0,4.58
-67,-27,C,2019,8,28,240,0,3.48
-67,-27,C,2019,8,29,241,0,3.36
-67,-27,C,2019,8,30,242,0,2.5
-67,-27,C,2019,8,31,243,0,2.93
-67,-27,C,2019,9,1,244,0,3.17
-67,-27,C,2019,9,2,245,0,2.44
-67,-27,C,2019,9,3,246,0,2.44
-67,-27,C,2019,9,4,247,0,2.38
-67,-27,C,2019,9,5,248,0,2.26
-67,-27,C,2019,9,6,249,0,2.44
-67,-27,C,2019,9,7,250,0,2.75
-67,-27,C,2019,9,8,251,0,3.05
-67,-27,C,2019,9,9,252,0.55,1.83
-67,-27,C,2019,9,10,253,3.32,2.14
-67,-27,C,2019,9,11,254,1.43,2.56
-67,-27,C,2019,9,12,255,0.01,2.75
-67,-27,C,2019,9,13,256,0,2.2
-67,-27,C,2019,9,14,257,0,2.08
-67,-27,C,2019,9,15,258,0,1.71
-67,-27,C,2019,9,16,259,0.43,2.75
-67,-27,C,2019,9,17,260,0.24,1.95
-67,-27,C,2019,9,18,261,0,1.89
-67,-27,C,2019,9,19,262,0,1.71
-67,-27,C,2019,9,20,263,0,1.89
-67,-27,C,2019,9,21,264,0,1.95
-67,-27,C,2019,9,22,265,0,2.62
-67,-27,C,2019,9,23,266,0,3.42
-67,-27,C,2019,9,24,267,0,4.58
-67,-27,C,2019,9,25,268,0,4.7
-67,-27,C,2019,9,26,269,0,4.27
-67,-27,C,2019,9,27,270,0,3.3
-67,-27,C,2019,9,28,271,0,3.17
-67,-27,C,2019,9,29,272,0,3.85
-67,-27,C,2019,9,30,273,0,2.26
-67,-27,C,2019,10,1,274,0,3.05
-67,-27,C,2019,10,2,275,0,2.5
-67,-27,C,2019,10,3,276,0.05,2.44
-67,-27,C,2019,10,4,277,0,3.11
-67,-27,C,2019,10,5,278,0,3.78
-67,-27,C,2019,10,6,279,0,3.17
-67,-27,C,2019,10,7,280,0,2.93
-67,-27,C,2019,10,8,281,0,4.15
-67,-27,C,2019,10,9,282,0,5.19
-67,-27,C,2019,10,10,283,0,6.1
-67,-27,C,2019,10,11,284,0,5.86
-67,-27,C,2019,10,12,285,0.02,4.82
-67,-27,C,2019,10,13,286,5.08,7.81
-67,-27,C,2019,10,14,287,5.36,4.76
-67,-27,C,2019,10,15,288,3.44,3.54
-67,-27,C,2019,10,16,289,0.23,2.69
-67,-27,C,2019,10,17,290,0,2.87
-67,-27,C,2019,10,18,291,0,4.27
-67,-27,C,2019,10,19,292,0,4.7
-67,-27,C,2019,10,20,293,0,3.66
-67,-27,C,2019,10,21,294,0,3.97
-67,-27,C,2019,10,22,295,0,4.15
-67,-27,C,2019,10,23,296,0,4.39
-67,-27,C,2019,10,24,297,0,3.85
-67,-27,C,2019,10,25,298,0,4.52
-67,-27,C,2019,10,26,299,0,2.01
-67,-27,C,2019,10,27,300,0,1.83
-67,-27,C,2019,10,28,301,0,2.01
-67,-27,C,2019,10,29,302,0,3.48
-67,-27,C,2019,10,30,303,0.59,4.39
-67,-27,C,2019,10,31,304,0.05,6.29
-67,-27,C,2019,11,1,305,0,5.55
-67,-27,C,2019,11,2,306,26.13,8.79
-67,-27,C,2019,11,3,307,1.32,6.65
-67,-27,C,2019,11,4,308,0.17,5
-67,-27,C,2019,11,5,309,1.07,6.84
-67,-27,C,2019,11,6,310,0.04,5.98
-67,-27,C,2019,11,7,311,0,7.69
-67,-27,C,2019,11,8,312,0.08,7.93
-67,-27,C,2019,11,9,313,2.57,9.28
-67,-27,C,2019,11,10,314,0.49,7.32
-67,-27,C,2019,11,11,315,0,7.08
-67,-27,C,2019,11,12,316,5.25,9.09
-67,-27,C,2019,11,13,317,24.52,8.54
-67,-27,C,2019,11,14,318,0.06,6.1
-67,-27,C,2019,11,15,319,0.01,7.75
-67,-27,C,2019,11,16,320,0,8.36
-67,-27,C,2019,11,17,321,0,7.69
-67,-27,C,2019,11,18,322,0,8.18
-67,-27,C,2019,11,19,323,0,7.08
-67,-27,C,2019,11,20,324,13.05,7.32
-67,-27,C,2019,11,21,325,2.89,6.47
-67,-27,C,2019,11,22,326,21.45,8.54
-67,-27,C,2019,11,23,327,2.04,8.73
-67,-27,C,2019,11,24,328,0,8.42
-67,-27,C,2019,11,25,329,7.77,6.23
-67,-27,C,2019,11,26,330,2.57,6.53
-67,-27,C,2019,11,27,331,0.1,5.92
-67,-27,C,2019,11,28,332,0,5.92
-67,-27,C,2019,11,29,333,0,5.25
-67,-27,C,2019,11,30,334,9.37,8.48
-67,-27,C,2019,12,1,335,5.31,9.16
-67,-27,C,2019,12,2,336,5.06,7.93
-67,-27,C,2019,12,3,337,0.23,7.08
-67,-27,C,2019,12,4,338,11.81,6.71
-67,-27,C,2019,12,5,339,0.36,5.25
-67,-27,C,2019,12,6,340,0,5.43
-67,-27,C,2019,12,7,341,6.16,7.02
-67,-27,C,2019,12,8,342,2.02,6.71
-67,-27,C,2019,12,9,343,0.02,7.51
-67,-27,C,2019,12,10,344,0,6.84
-67,-27,C,2019,12,11,345,0,7.69
-67,-27,C,2019,12,12,346,0.07,9.09
-67,-27,C,2019,12,13,347,0.01,7.93
-67,-27,C,2019,12,14,348,0.24,7.93
-67,-27,C,2019,12,15,349,3.59,8.12
-67,-27,C,2019,12,16,350,0.18,7.51
-67,-27,C,2019,12,17,351,0.01,7.26
-67,-27,C,2019,12,18,352,0,7.75
-67,-27,C,2019,12,19,353,0,8.42
-67,-27,C,2019,12,20,354,4.14,8.42
-67,-27,C,2019,12,21,355,0.35,8
-67,-27,C,2019,12,22,356,0,7.51
-67,-27,C,2019,12,23,357,0,7.02
-67,-27,C,2019,12,24,358,0.44,6.41
-67,-27,C,2019,12,25,359,1.25,8.36
-67,-27,C,2019,12,26,360,0,8.12
-67,-27,C,2019,12,27,361,0,9.77
-67,-27,C,2019,12,28,362,6.57,9.77
-67,-27,C,2019,12,29,363,0.51,8.79
-67,-27,C,2019,12,30,364,0.06,8.61
-67,-27,C,2019,12,31,365,2.91,9.16
-67,-27,C,2020,1,1,1,8.36,9.03
-67,-27,C,2020,1,2,2,4.58,8.91
-67,-27,C,2020,1,3,3,0,8.79
-67,-27,C,2020,1,4,4,0.5,7.63
-67,-27,C,2020,1,5,5,1.08,7.93
-67,-27,C,2020,1,6,6,0.77,7.2
-67,-27,C,2020,1,7,7,0,7.2
-67,-27,C,2020,1,8,8,0,5.86
-67,-27,C,2020,1,9,9,1.77,8.48
-67,-27,C,2020,1,10,10,27.66,9.89
-67,-27,C,2020,1,11,11,11.39,8.06
-67,-27,C,2020,1,12,12,42.21,10.01
-67,-27,C,2020,1,13,13,7.93,11.29
-67,-27,C,2020,1,14,14,0,12.21
-67,-27,C,2020,1,15,15,57.55,10.62
-67,-27,C,2020,1,16,16,7.92,9.64
-67,-27,C,2020,1,17,17,0,9.46
-67,-27,C,2020,1,18,18,0,9.83
-67,-27,C,2020,1,19,19,0,10.56
-67,-27,C,2020,1,20,20,22.05,11.66
-67,-27,C,2020,1,21,21,2.69,11.23
-67,-27,C,2020,1,22,22,0.01,10.25
-67,-27,C,2020,1,23,23,0,9.28
-67,-27,C,2020,1,24,24,0,8.85
-67,-27,C,2020,1,25,25,0.19,10.07
-67,-27,C,2020,1,26,26,8.02,9.77
-67,-27,C,2020,1,27,27,0.84,8
-67,-27,C,2020,1,28,28,0.05,7.57
-67,-27,C,2020,1,29,29,0.24,7.45
-67,-27,C,2020,1,30,30,0.13,7.2
-67,-27,C,2020,1,31,31,0,6.9
-67,-27,C,2020,2,1,32,0,6.53
-67,-27,C,2020,2,2,33,0.01,7.45
-67,-27,C,2020,2,3,34,0,9.46
-67,-27,C,2020,2,4,35,0,7.81
-67,-27,C,2020,2,5,36,3.19,9.7
-67,-27,C,2020,2,6,37,0.84,8.06
-67,-27,C,2020,2,7,38,20.79,12.02
-67,-27,C,2020,2,8,39,21.17,11.6
-67,-27,C,2020,2,9,40,55.01,10.13
-67,-27,C,2020,2,10,41,9.86,9.77
-67,-27,C,2020,2,11,42,0.01,9.83
-67,-27,C,2020,2,12,43,0,10.56
-67,-27,C,2020,2,13,44,0,10.8
-67,-27,C,2020,2,14,45,1.18,11.11
-67,-27,C,2020,2,15,46,0.38,11.6
-67,-27,C,2020,2,16,47,0,11.29
-67,-27,C,2020,2,17,48,18.79,11.29
-67,-27,C,2020,2,18,49,14.32,10.68
-67,-27,C,2020,2,19,50,0.01,9.95
-67,-27,C,2020,2,20,51,1.83,9.83
-67,-27,C,2020,2,21,52,0.49,8.91
-67,-27,C,2020,2,22,53,0,8.24
-67,-27,C,2020,2,23,54,0,7.63
-67,-27,C,2020,2,24,55,0,6.96
-67,-27,C,2020,2,25,56,0.76,8.12
-67,-27,C,2020,2,26,57,0.13,8.36
-67,-27,C,2020,2,27,58,0,8.36
-67,-27,C,2020,2,28,59,0.13,9.46
-67,-27,C,2020,2,29,60,0.04,8.12
-67,-27,C,2020,3,1,61,0,8.73
-67,-27,C,2020,3,2,62,0,9.09
-67,-27,C,2020,3,3,63,0,7.57
-67,-27,C,2020,3,4,64,0,7.45
-67,-27,C,2020,3,5,65,0,8.42
-67,-27,C,2020,3,6,66,0,8.79
-67,-27,C,2020,3,7,67,0,9.22
-67,-27,C,2020,3,8,68,0,9.83
-67,-27,C,2020,3,9,69,0,8.97
-67,-27,C,2020,3,10,70,0.15,9.03
-67,-27,C,2020,3,11,71,1.52,8.42
-67,-27,C,2020,3,12,72,1.87,10.19
-67,-27,C,2020,3,13,73,0.01,10.25
-67,-27,C,2020,3,14,74,10.62,10.8
-67,-27,C,2020,3,15,75,5,9.58
-67,-27,C,2020,3,16,76,1.79,9.16
-67,-27,C,2020,3,17,77,0.21,8.3
-67,-27,C,2020,3,18,78,0.04,9.22
-67,-27,C,2020,3,19,79,0,8.48
-67,-27,C,2020,3,20,80,0,8.18
-67,-27,C,2020,3,21,81,0,6.77
-67,-27,C,2020,3,22,82,0,7.81
-67,-27,C,2020,3,23,83,0,8.3
-67,-27,C,2020,3,24,84,0.03,10.31
-67,-27,C,2020,3,25,85,24.3,9.03
-67,-27,C,2020,3,26,86,2.4,7.14
-67,-27,C,2020,3,27,87,0,6.41
-67,-27,C,2020,3,28,88,0,6.84
-67,-27,C,2020,3,29,89,0.02,8
-67,-27,C,2020,3,30,90,6.03,10.8
-67,-27,C,2020,3,31,91,9.98,11.29
-67,-27,C,2020,4,1,92,11.27,10.74
-67,-27,C,2020,4,2,93,15.64,8.48
-67,-27,C,2020,4,3,94,0.02,7.39
-67,-27,C,2020,4,4,95,0,6.84
-67,-27,C,2020,4,5,96,0,6.35
-67,-27,C,2020,4,6,97,4.76,6.77
-67,-27,C,2020,4,7,98,0.27,7.02
-67,-27,C,2020,4,8,99,0,6.35
-67,-27,C,2020,4,9,100,0,6.1
-67,-27,C,2020,4,10,101,0,5.92
-67,-27,C,2020,4,11,102,0,4.76
-67,-27,C,2020,4,12,103,0,4.03
-67,-27,C,2020,4,13,104,0,5.07
-67,-27,C,2020,4,14,105,0,4.7
-67,-27,C,2020,4,15,106,0,5.92
-67,-27,C,2020,4,16,107,0,6.96
-67,-27,C,2020,4,17,108,0,6.16
-67,-27,C,2020,4,18,109,0,5.74
-67,-27,C,2020,4,19,110,0,5.25
-67,-27,C,2020,4,20,111,0,5.55
-67,-27,C,2020,4,21,112,0,6.84
-67,-27,C,2020,4,22,113,0,6.53
-67,-27,C,2020,4,23,114,0,4.7
-67,-27,C,2020,4,24,115,0,3.23
-67,-27,C,2020,4,25,116,1.15,5
-67,-27,C,2020,4,26,117,1.3,5.8
-67,-27,C,2020,4,27,118,0.21,4.15
-67,-27,C,2020,4,28,119,0.11,4.58
-67,-27,C,2020,4,29,120,0,4.64
-67,-27,C,2020,4,30,121,0,4.09
-67,-27,C,2020,5,1,122,0,5.62
-67,-27,C,2020,5,2,123,0.08,4.52
-67,-27,C,2020,5,3,124,0.07,4.03
-67,-27,C,2020,5,4,125,0,3.97
-67,-27,C,2020,5,5,126,0.02,4.82
-67,-27,C,2020,5,6,127,0,4.64
-67,-27,C,2020,5,7,128,0,3.72
-67,-27,C,2020,5,8,129,0,3.54
-67,-27,C,2020,5,9,130,0,3.11
-67,-27,C,2020,5,10,131,0,2.99
-67,-27,C,2020,5,11,132,0,3.42
-67,-27,C,2020,5,12,133,0,3.3
-67,-27,C,2020,5,13,134,0,3.54
-67,-27,C,2020,5,14,135,0,3.48
-67,-27,C,2020,5,15,136,0,2.87
-67,-27,C,2020,5,16,137,0,2.87
-67,-27,C,2020,5,17,138,0,3.36
-67,-27,C,2020,5,18,139,0,2.81
-67,-27,C,2020,5,19,140,0,2.32
-67,-27,C,2020,5,20,141,0,2.32
-67,-27,C,2020,5,21,142,0.05,2.26
-67,-27,C,2020,5,22,143,0.29,2.99
-67,-27,C,2020,5,23,144,0.01,2.26
-67,-27,C,2020,5,24,145,0,2.93
-67,-27,C,2020,5,25,146,0,2.93
-67,-27,C,2020,5,26,147,0,2.87
-67,-27,C,2020,5,27,148,0,2.75
-67,-27,C,2020,5,28,149,0,2.93
-67,-27,C,2020,5,29,150,0,3.48
-67,-27,C,2020,5,30,151,0,3.97
-67,-27,C,2020,5,31,152,0,3.48
-67,-27,C,2020,6,1,153,0,2.75
-67,-27,C,2020,6,2,154,0,2.08
-67,-27,C,2020,6,3,155,0.04,2.5
-67,-27,C,2020,6,4,156,0.76,2.99
-67,-27,C,2020,6,5,157,0.04,1.89
-67,-27,C,2020,6,6,158,0,1.65
-67,-27,C,2020,6,7,159,0,2.38
-67,-27,C,2020,6,8,160,0,2.87
-67,-27,C,2020,6,9,161,0,2.26
-67,-27,C,2020,6,10,162,0,2.38
-67,-27,C,2020,6,11,163,122.12,4.88
-67,-27,C,2020,6,12,164,12.13,3.36
-67,-27,C,2020,6,13,165,0,2.93
-67,-27,C,2020,6,14,166,0,2.99
-67,-27,C,2020,6,15,167,0,2.81
-67,-27,C,2020,6,16,168,0,3.3
-67,-27,C,2020,6,17,169,0,2.26
-67,-27,C,2020,6,18,170,0,3.11
-67,-27,C,2020,6,19,171,0,2.93
-67,-27,C,2020,6,20,172,0,2.62
-67,-27,C,2020,6,21,173,0,2.93
-67,-27,C,2020,6,22,174,0,2.69
-67,-27,C,2020,6,23,175,0,2.14
-67,-27,C,2020,6,24,176,0.01,2.44
-67,-27,C,2020,6,25,177,0.77,2.62
-67,-27,C,2020,6,26,178,0,2.44
-67,-27,C,2020,6,27,179,0,2.44
-67,-27,C,2020,6,28,180,0,2.5
-67,-27,C,2020,6,29,181,0,2.32
-67,-27,C,2020,6,30,182,0,2.32
-67,-27,C,2020,7,1,183,0,2.99
-67,-27,C,2020,7,2,184,0,2.69
-67,-27,C,2020,7,3,185,0,2.14
-67,-27,C,2020,7,4,186,0,1.53
-67,-27,C,2020,7,5,187,0,1.59
-67,-27,C,2020,7,6,188,0,1.83
-67,-27,C,2020,7,7,189,0,1.71
-67,-27,C,2020,7,8,190,0,1.71
-67,-27,C,2020,7,9,191,0,2.01
-67,-27,C,2020,7,10,192,0,2.08
-67,-27,C,2020,7,11,193,0,2.01
-67,-27,C,2020,7,12,194,0,2.32
-67,-27,C,2020,7,13,195,0,2.62
-67,-27,C,2020,7,14,196,0,2.38
-67,-27,C,2020,7,15,197,0,1.95
-67,-27,C,2020,7,16,198,0,2.01
-67,-27,C,2020,7,17,199,0,1.71
-67,-27,C,2020,7,18,200,0,1.95
-67,-27,C,2020,7,19,201,0,1.95
-67,-27,C,2020,7,20,202,0,1.89
-67,-27,C,2020,7,21,203,0,1.77
-67,-27,C,2020,7,22,204,0.05,1.83
-67,-27,C,2020,7,23,205,0.2,1.53
-67,-27,C,2020,7,24,206,0.18,1.34
-67,-27,C,2020,7,25,207,0,1.65
-67,-27,C,2020,7,26,208,0,1.95
-67,-27,C,2020,7,27,209,0,1.77
-67,-27,C,2020,7,28,210,0,2.08
-67,-27,C,2020,7,29,211,0,2.08
-67,-27,C,2020,7,30,212,0,1.71
-67,-27,C,2020,7,31,213,0,1.71
-67,-27,C,2020,8,1,214,0,1.65
-67,-27,C,2020,8,2,215,0,2.38
-67,-27,C,2020,8,3,216,0,3.17
-67,-27,C,2020,8,4,217,0,2.99
-67,-27,C,2020,8,5,218,0,2.5
-67,-27,C,2020,8,6,219,0,4.76
-67,-27,C,2020,8,7,220,0,2.99
-67,-27,C,2020,8,8,221,0,2.69
-67,-27,C,2020,8,9,222,0,2.44
-67,-27,C,2020,8,10,223,0,3.11
-67,-27,C,2020,8,11,224,0,3.78
-67,-27,C,2020,8,12,225,0,1.77
-67,-27,C,2020,8,13,226,0,1.59
-67,-27,C,2020,8,14,227,0,1.4
-67,-27,C,2020,8,15,228,0,1.77
-67,-27,C,2020,8,16,229,0,1.65
-67,-27,C,2020,8,17,230,0,1.53
-67,-27,C,2020,8,18,231,0,1.46
-67,-27,C,2020,8,19,232,0,2.01
-67,-27,C,2020,8,20,233,0,2.44
-67,-27,C,2020,8,21,234,0,2.26
-67,-27,C,2020,8,22,235,0,2.08
-67,-27,C,2020,8,23,236,0,2.2
-67,-27,C,2020,8,24,237,0,3.23
-67,-27,C,2020,8,25,238,0,2.87
-67,-27,C,2020,8,26,239,0,2.5
-67,-27,C,2020,8,27,240,0,1.95
-67,-27,C,2020,8,28,241,0,1.53
-67,-27,C,2020,8,29,242,0.05,2.01
-67,-27,C,2020,8,30,243,0.08,2.87
-67,-27,C,2020,8,31,244,0.01,3.66
-67,-27,C,2020,9,1,245,0,3.11
-67,-27,C,2020,9,2,246,0,1.53
-67,-27,C,2020,9,3,247,0,1.28
-67,-27,C,2020,9,4,248,0,1.65
-67,-27,C,2020,9,5,249,0,1.59
-67,-27,C,2020,9,6,250,0,2.75
-67,-27,C,2020,9,7,251,0,2.2
-67,-27,C,2020,9,8,252,0,1.53
-67,-27,C,2020,9,9,253,0,2.56
-67,-27,C,2020,9,10,254,0,2.99
-67,-27,C,2020,9,11,255,0,4.46
-67,-27,C,2020,9,12,256,0,2.38
-67,-27,C,2020,9,13,257,0,3.3
-67,-27,C,2020,9,14,258,0.01,5.19
-67,-27,C,2020,9,15,259,0,2.56
-67,-27,C,2020,9,16,260,0,2.5
-67,-27,C,2020,9,17,261,0,2.26
-67,-27,C,2020,9,18,262,0,3.05
-67,-27,C,2020,9,19,263,0,3.48
-67,-27,C,2020,9,20,264,0,3.05
-67,-27,C,2020,9,21,265,0,2.81
-67,-27,C,2020,9,22,266,0,2.56
-67,-27,C,2020,9,23,267,0,2.81
-67,-27,C,2020,9,24,268,0,3.54
-67,-27,C,2020,9,25,269,0,2.56
-67,-27,C,2020,9,26,270,0,2.44
-67,-27,C,2020,9,27,271,0,2.44
-67,-27,C,2020,9,28,272,0,2.38
-67,-27,C,2020,9,29,273,0,1.71
-67,-27,C,2020,9,30,274,0,1.89
-67,-27,C,2020,10,1,275,0,1.95
-67,-27,C,2020,10,2,276,0,2.26
-67,-27,C,2020,10,3,277,0,2.93
-67,-27,C,2020,10,4,278,0,2.44
-67,-27,C,2020,10,5,279,0,3.48
-67,-27,C,2020,10,6,280,0,4.52
-67,-27,C,2020,10,7,281,0,5.13
-67,-27,C,2020,10,8,282,0,3.85
-67,-27,C,2020,10,9,283,0,4.39
-67,-27,C,2020,10,10,284,0,3.97
-67,-27,C,2020,10,11,285,0.07,4.27
-67,-27,C,2020,10,12,286,0,3.91
-67,-27,C,2020,10,13,287,0,4.58
-67,-27,C,2020,10,14,288,0.05,4.09
-67,-27,C,2020,10,15,289,0,4.94
-67,-27,C,2020,10,16,290,0,5.37
-67,-27,C,2020,10,17,291,0,4.58
-67,-27,C,2020,10,18,292,0,4.33
-67,-27,C,2020,10,19,293,9.71,6.35
-67,-27,C,2020,10,20,294,4.28,8.12
-67,-27,C,2020,10,21,295,0.16,7.45
-67,-27,C,2020,10,22,296,0,7.57
-67,-27,C,2020,10,23,297,0,6.53
-67,-27,C,2020,10,24,298,0,4.46
-67,-27,C,2020,10,25,299,0.2,2.38
-67,-27,C,2020,10,26,300,0.11,2.75
-67,-27,C,2020,10,27,301,0,2.2
-67,-27,C,2020,10,28,302,3.21,2.81
-67,-27,C,2020,10,29,303,2.36,5.43
-67,-27,C,2020,10,30,304,0,4.46
-67,-27,C,2020,10,31,305,0,4.7
-67,-27,C,2020,11,1,306,0,5.07
-67,-27,C,2020,11,2,307,0,5.07
-67,-27,C,2020,11,3,308,0,5.13
-67,-27,C,2020,11,4,309,0,5.31
-67,-27,C,2020,11,5,310,0,5
-67,-27,C,2020,11,6,311,0,5.92
-67,-27,C,2020,11,7,312,0,6.04
-67,-27,C,2020,11,8,313,0.03,5.8
-67,-27,C,2020,11,9,314,0.16,6.59
-67,-27,C,2020,11,10,315,3.85,5.86
-67,-27,C,2020,11,11,316,5.65,6.1
-67,-27,C,2020,11,12,317,0.13,6.96
-67,-27,C,2020,11,13,318,0.07,6.16
-67,-27,C,2020,11,14,319,1.88,4.33
-67,-27,C,2020,11,15,320,0.14,4.76
-67,-27,C,2020,11,16,321,0.55,4.52
-67,-27,C,2020,11,17,322,24.93,4.09
-67,-27,C,2020,11,18,323,3.95,4.76
-67,-27,C,2020,11,19,324,0.18,5.43
-67,-27,C,2020,11,20,325,0.03,4.52
-67,-27,C,2020,11,21,326,0,4.21
-67,-27,C,2020,11,22,327,0,6.04
-67,-27,C,2020,11,23,328,0,4.52
-67,-27,C,2020,11,24,329,0,5.92
-67,-27,C,2020,11,25,330,0,7.02
-67,-27,C,2020,11,26,331,17.98,8.85
-67,-27,C,2020,11,27,332,1.15,7.32
-67,-27,C,2020,11,28,333,0,5.49
-67,-27,C,2020,11,29,334,8.19,8
-67,-27,C,2020,11,30,335,8.35,8.67
-67,-27,C,2020,12,1,336,0,6.9
-67,-27,C,2020,12,2,337,1.2,5.49
-67,-27,C,2020,12,3,338,2.82,5.98
-67,-27,C,2020,12,4,339,13.75,6.59
-67,-27,C,2020,12,5,340,0.07,5.68
-67,-27,C,2020,12,6,341,0,5.8
-67,-27,C,2020,12,7,342,0,6.65
-67,-27,C,2020,12,8,343,0.09,7.39
-67,-27,C,2020,12,9,344,0,5.98
-67,-27,C,2020,12,10,345,0,6.71
-67,-27,C,2020,12,11,346,0.39,6.53
-67,-27,C,2020,12,12,347,0.03,6.16
-67,-27,C,2020,12,13,348,0.09,7.87
-67,-27,C,2020,12,14,349,0,6.35
-67,-27,C,2020,12,15,350,1.19,5.62
-67,-27,C,2020,12,16,351,0.35,7.81
-67,-27,C,2020,12,17,352,0.01,7.51
-67,-27,C,2020,12,18,353,0,4.58
-67,-27,C,2020,12,19,354,0,3.72
-67,-27,C,2020,12,20,355,0,4.76
-67,-27,C,2020,12,21,356,0,6.71
-67,-27,C,2020,12,22,357,0,7.45
-67,-27,C,2020,12,23,358,0,8.24
-67,-27,C,2020,12,24,359,8.58,8.85
-67,-27,C,2020,12,25,360,4.34,9.95
-67,-27,C,2020,12,26,361,2.51,9.03
-67,-27,C,2020,12,27,362,9.82,9.64
-67,-27,C,2020,12,28,363,68.22,10.93
-67,-27,C,2020,12,29,364,5.68,10.38
-67,-27,C,2020,12,30,365,11.01,10.5
-67,-27,C,2020,12,31,366,2.92,9.16
-67,-27,C,2021,1,1,1,0,9.46
-67,-27,C,2021,1,2,2,1.06,10.5
-67,-27,C,2021,1,3,3,0.68,9.16
-67,-27,C,2021,1,4,4,3.26,8.06
-67,-27,C,2021,1,5,5,38.7,9.34
-67,-27,C,2021,1,6,6,5.99,8
-67,-27,C,2021,1,7,7,0.69,7.57
-67,-27,C,2021,1,8,8,0.76,8.24
-67,-27,C,2021,1,9,9,0.11,7.39
-67,-27,C,2021,1,10,10,0,7.2
-67,-27,C,2021,1,11,11,10.67,6.29
-67,-27,C,2021,1,12,12,4.33,9.95
-67,-27,C,2021,1,13,13,1.48,9.52
-67,-27,C,2021,1,14,14,0.45,10.68
-67,-27,C,2021,1,15,15,13.87,11.11
-67,-27,C,2021,1,16,16,21.86,9.7
-67,-27,C,2021,1,17,17,6.56,6.71
-67,-27,C,2021,1,18,18,0,5.74
-67,-27,C,2021,1,19,19,0,7.39
-67,-27,C,2021,1,20,20,0,6.84
-67,-27,C,2021,1,21,21,0,6.71
-67,-27,C,2021,1,22,22,0,7.45
-67,-27,C,2021,1,23,23,0,9.03
-67,-27,C,2021,1,24,24,0.02,9.77
-67,-27,C,2021,1,25,25,0.03,9.4
-67,-27,C,2021,1,26,26,0.01,7.63
-67,-27,C,2021,1,27,27,0,7.2
-67,-27,C,2021,1,28,28,0,7.75
-67,-27,C,2021,1,29,29,0,7.69
-67,-27,C,2021,1,30,30,26.56,7.45
-67,-27,C,2021,1,31,31,4.39,7.81
-67,-27,C,2021,2,1,32,4.45,5.55
-67,-27,C,2021,2,2,33,6.83,6.47
-67,-27,C,2021,2,3,34,0.87,8.06
-67,-27,C,2021,2,4,35,0,8.36
-67,-27,C,2021,2,5,36,0,8.91
-67,-27,C,2021,2,6,37,0,9.28
-67,-27,C,2021,2,7,38,0,9.77
-67,-27,C,2021,2,8,39,23.85,9.34
-67,-27,C,2021,2,9,40,28.84,8
-67,-27,C,2021,2,10,41,19.92,7.2
-67,-27,C,2021,2,11,42,0.42,6.77
-67,-27,C,2021,2,12,43,1.16,7.57
-67,-27,C,2021,2,13,44,0.2,7.2
-67,-27,C,2021,2,14,45,0,7.39
-67,-27,C,2021,2,15,46,6.62,8
-67,-27,C,2021,2,16,47,0.59,7.69
-67,-27,C,2021,2,17,48,0.02,8.18
-67,-27,C,2021,2,18,49,0.17,9.34
-67,-27,C,2021,2,19,50,0.16,8.61
-67,-27,C,2021,2,20,51,0.16,8.67
-67,-27,C,2021,2,21,52,0.04,8.24
-67,-27,C,2021,2,22,53,0,9.64
-67,-27,C,2021,2,23,54,27.13,11.6
-67,-27,C,2021,2,24,55,5.56,10.86
-67,-27,C,2021,2,25,56,0.53,9.7
-67,-27,C,2021,2,26,57,0.14,10.56
-67,-27,C,2021,2,27,58,0.25,9.22
-67,-27,C,2021,2,28,59,1.2,9.95
-67,-27,C,2021,3,1,60,22.82,10.01
-67,-27,C,2021,3,2,61,13.36,9.58
-67,-27,C,2021,3,3,62,13.08,9.4
-67,-27,C,2021,3,4,63,0.49,7.93
-67,-27,C,2021,3,5,64,0.05,7.75
-67,-27,C,2021,3,6,65,0,6.9
-67,-27,C,2021,3,7,66,0,7.45
-67,-27,C,2021,3,8,67,0.01,9.16
-67,-27,C,2021,3,9,68,0,9.7
-67,-27,C,2021,3,10,69,0,7.87
-67,-27,C,2021,3,11,70,1.24,9.09
-67,-27,C,2021,3,12,71,5.69,9.58
-67,-27,C,2021,3,13,72,4.17,9.09
-67,-27,C,2021,3,14,73,11.79,9.22
-67,-27,C,2021,3,15,74,2.94,7.45
-67,-27,C,2021,3,16,75,0.74,6.23
-67,-27,C,2021,3,17,76,0.28,7.63
-67,-27,C,2021,3,18,77,3.88,6.53
-67,-27,C,2021,3,19,78,1.36,6.1
-67,-27,C,2021,3,20,79,3.62,5.98
-67,-27,C,2021,3,21,80,1.13,7.63
-67,-27,C,2021,3,22,81,0,5.98
-67,-27,C,2021,3,23,82,435.75,8.18
-67,-27,C,2021,3,24,83,73.65,8.12
-67,-27,C,2021,3,25,84,3.49,7.45
-67,-27,C,2021,3,26,85,6.51,5.68
-67,-27,C,2021,3,27,86,0.54,5.74
-67,-27,C,2021,3,28,87,0,6.29
-67,-27,C,2021,3,29,88,0,6.1
-67,-27,C,2021,3,30,89,0,6.9
-67,-27,C,2021,3,31,90,0,7.69
-67,-27,C,2021,4,1,91,0,6.9
-67,-27,C,2021,4,2,92,0,7.45
-67,-27,C,2021,4,3,93,0,7.51
-67,-27,C,2021,4,4,94,0,8.79
-67,-27,C,2021,4,5,95,0,6.35
-67,-27,C,2021,4,6,96,0.01,6.9
-67,-27,C,2021,4,7,97,0.04,7.08
-67,-27,C,2021,4,8,98,0.3,6.77
-67,-27,C,2021,4,9,99,4.69,7.08
-67,-27,C,2021,4,10,100,2.41,6.96
-67,-27,C,2021,4,11,101,0.23,6.96
-67,-27,C,2021,4,12,102,0,6.59
-67,-27,C,2021,4,13,103,0,7.2
-67,-27,C,2021,4,14,104,0,6.41
-67,-27,C,2021,4,15,105,0,6.35
-67,-27,C,2021,4,16,106,0.59,7.63
-67,-27,C,2021,4,17,107,0.06,7.87
-67,-27,C,2021,4,18,108,0,7.32
-67,-27,C,2021,4,19,109,0,6.65
-67,-27,C,2021,4,20,110,0,4.64
-67,-27,C,2021,4,21,111,0.56,4.7
-67,-27,C,2021,4,22,112,3.59,4.15
-67,-27,C,2021,4,23,113,6.45,4.21
-67,-27,C,2021,4,24,114,7.21,5.31
-67,-27,C,2021,4,25,115,0.33,5.07
-67,-27,C,2021,4,26,116,0,5.31
-67,-27,C,2021,4,27,117,0,5.55
-67,-27,C,2021,4,28,118,0,6.04
-67,-27,C,2021,4,29,119,0,5.25
-67,-27,C,2021,4,30,120,0,4.58
-67,-27,C,2021,5,1,121,0,3.66
-67,-27,C,2021,5,2,122,0,3.54
-67,-27,C,2021,5,3,123,2.01,3.66
-67,-27,C,2021,5,4,124,11.94,4.76
-67,-27,C,2021,5,5,125,1.03,3.66
-67,-27,C,2021,5,6,126,0,3.66
-67,-27,C,2021,5,7,127,0,4.09
-67,-27,C,2021,5,8,128,0,4.21
-67,-27,C,2021,5,9,129,0,4.39
-67,-27,C,2021,5,10,130,1.16,4.64
-67,-27,C,2021,5,11,131,0.74,4.39
-67,-27,C,2021,5,12,132,0.04,3.66
-67,-27,C,2021,5,13,133,0,4.39
-67,-27,C,2021,5,14,134,0,4.46
-67,-27,C,2021,5,15,135,0,4.15
-67,-27,C,2021,5,16,136,0,4.76
-67,-27,C,2021,5,17,137,0,4.64
-67,-27,C,2021,5,18,138,0,3.48
-67,-27,C,2021,5,19,139,0,3.3
-67,-27,C,2021,5,20,140,0,3.6
-67,-27,C,2021,5,21,141,0,2.62
-67,-27,C,2021,5,22,142,0,2.62
-67,-27,C,2021,5,23,143,0,2.69
-67,-27,C,2021,5,24,144,0,3.23
-67,-27,C,2021,5,25,145,0,3.48
-67,-27,C,2021,5,26,146,0,4.21
-67,-27,C,2021,5,27,147,0,4.52
-67,-27,C,2021,5,28,148,0,3.85
-67,-27,C,2021,5,29,149,0,3.6
-67,-27,C,2021,5,30,150,0,3.11
-67,-27,C,2021,5,31,151,0,2.93
-67,-27,C,2021,6,1,152,0,3.42
-67,-27,C,2021,6,2,153,0,3.97
-67,-27,C,2021,6,3,154,0,4.03
-67,-27,C,2021,6,4,155,0,3.6
-67,-27,C,2021,6,5,156,0,4.33
-67,-27,C,2021,6,6,157,0,3.36
-67,-27,C,2021,6,7,158,0,2.75
-67,-27,C,2021,6,8,159,0,2.56
-67,-27,C,2021,6,9,160,0,2.62
-67,-27,C,2021,6,10,161,0,2.93
-67,-27,C,2021,6,11,162,0,3.05
-67,-27,C,2021,6,12,163,0,3.17
-67,-27,C,2021,6,13,164,0,2.87
-67,-27,C,2021,6,14,165,0,3.66
-67,-27,C,2021,6,15,166,3.06,4.21
-67,-27,C,2021,6,16,167,1.31,3.42
-67,-27,C,2021,6,17,168,0.92,3.23
-67,-27,C,2021,6,18,169,0.17,2.87
-67,-27,C,2021,6,19,170,0,2.38
-67,-27,C,2021,6,20,171,0,2.81
-67,-27,C,2021,6,21,172,26.59,2.38
-67,-27,C,2021,6,22,173,27.32,2.93
-67,-27,C,2021,6,23,174,0,2.69
-67,-27,C,2021,6,24,175,0,2.56
-67,-27,C,2021,6,25,176,0,2.99
-67,-27,C,2021,6,26,177,1.56,2.44
-67,-27,C,2021,6,27,178,1.53,2.2
-67,-27,C,2021,6,28,179,0,2.08
-67,-27,C,2021,6,29,180,0,2.14
-67,-27,C,2021,6,30,181,0,2.56
-67,-27,C,2021,7,1,182,0,2.75
-67,-27,C,2021,7,2,183,0,3.11
-67,-27,C,2021,7,3,184,0,3.11
-67,-27,C,2021,7,4,185,0,3.36
-67,-27,C,2021,7,5,186,0,3.3
-67,-27,C,2021,7,6,187,0,2.87
-67,-27,C,2021,7,7,188,0,2.69
-67,-27,C,2021,7,8,189,0,2.75
-67,-27,C,2021,7,9,190,0,2.5
-67,-27,C,2021,7,10,191,0,3.23
-67,-27,C,2021,7,11,192,0,3.3
-67,-27,C,2021,7,12,193,0,3.91
-67,-27,C,2021,7,13,194,0,4.88
-67,-27,C,2021,7,14,195,0,3.97
-67,-27,C,2021,7,15,196,0,3.66
-67,-27,C,2021,7,16,197,0,2.2
-67,-27,C,2021,7,17,198,0,2.69
-67,-27,C,2021,7,18,199,0,3.36
-67,-27,C,2021,7,19,200,0,3.23
-67,-27,C,2021,7,20,201,0,2.38
-67,-27,C,2021,7,21,202,0,2.62
-67,-27,C,2021,7,22,203,0,3.3
-67,-27,C,2021,7,23,204,0,3.23
-67,-27,C,2021,7,24,205,0,2.75
-67,-27,C,2021,7,25,206,0,1.89
-67,-27,C,2021,7,26,207,0,2.14
-67,-27,C,2021,7,27,208,0,2.69
-67,-27,C,2021,7,28,209,0,2.5
-67,-27,C,2021,7,29,210,0,2.5
-67,-27,C,2021,7,30,211,0,2.75
-67,-27,C,2021,7,31,212,0,3.05
-67,-27,C,2021,8,1,213,0,3.11
-67,-27,C,2021,8,2,214,0,3.6
-67,-27,C,2021,8,3,215,0,3.66
-67,-27,C,2021,8,4,216,0,4.76
-67,-27,C,2021,8,5,217,0,3.42
-67,-27,C,2021,8,6,218,0,2.87
-67,-27,C,2021,8,7,219,0,2.5
-67,-27,C,2021,8,8,220,0,2.69
-67,-27,C,2021,8,9,221,0,2.56
-67,-27,C,2021,8,10,222,0,2.5
-67,-27,C,2021,8,11,223,0,2.81
-67,-27,C,2021,8,12,224,0,2.62
-67,-27,C,2021,8,13,225,0,2.26
-67,-27,C,2021,8,14,226,0,2.38
-67,-27,C,2021,8,15,227,0,2.93
-67,-27,C,2021,8,16,228,0,2.87
-67,-27,C,2021,8,17,229,0,2.69
-67,-27,C,2021,8,18,230,0,2.2
-67,-27,C,2021,8,19,231,0,2.32
-67,-27,C,2021,8,20,232,0,3.17
-67,-27,C,2021,8,21,233,0,2.32
-67,-27,C,2021,8,22,234,0,1.95
-67,-27,C,2021,8,23,235,0,1.65
-67,-27,C,2021,8,24,236,0,1.65
-67,-27,C,2021,8,25,237,0.01,1.95
-67,-27,C,2021,8,26,238,0,1.89
-67,-27,C,2021,8,27,239,0,1.71
-67,-27,C,2021,8,28,240,0,2.32
-67,-27,C,2021,8,29,241,0,2.93
-67,-27,C,2021,8,30,242,0,2.2
-67,-27,C,2021,8,31,243,0,2.69
-67,-27,C,2021,9,1,244,0.52,3.23
-67,-27,C,2021,9,2,245,0.26,3.66
-67,-27,C,2021,9,3,246,0,2.38
-67,-27,C,2021,9,4,247,0.03,1.95
-67,-27,C,2021,9,5,248,0.28,2.26
-67,-27,C,2021,9,6,249,0.04,2.26
-67,-27,C,2021,9,7,250,0.12,1.83
-67,-27,C,2021,9,8,251,0.74,2.38
-67,-27,C,2021,9,9,252,0,2.5
-67,-27,C,2021,9,10,253,0,2.62
-67,-27,C,2021,9,11,254,0,1.65
-67,-27,C,2021,9,12,255,0,1.59
-67,-27,C,2021,9,13,256,0,1.65
-67,-27,C,2021,9,14,257,0,2.81
-67,-27,C,2021,9,15,258,0,2.32
-67,-27,C,2021,9,16,259,0,2.99
-67,-27,C,2021,9,17,260,0,2.01
-67,-27,C,2021,9,18,261,0,2.08
-67,-27,C,2021,9,19,262,0,3.23
-67,-27,C,2021,9,20,263,0.84,5.49
-67,-27,C,2021,9,21,264,0.24,5.55
-67,-27,C,2021,9,22,265,0,3.6
-67,-27,C,2021,9,23,266,0,3.85
-67,-27,C,2021,9,24,267,0,3.85
-67,-27,C,2021,9,25,268,0,2.44
-67,-27,C,2021,9,26,269,0,3.23
-67,-27,C,2021,9,27,270,0,4.27
-67,-27,C,2021,9,28,271,0,6.1
-67,-27,C,2021,9,29,272,0,5.19
-67,-27,C,2021,9,30,273,0,2.38
-67,-27,C,2021,10,1,274,0,2.5
-67,-27,C,2021,10,2,275,1.72,2.14
-67,-27,C,2021,10,3,276,0.89,3.54
-67,-27,C,2021,10,4,277,0,2.44
-67,-27,C,2021,10,5,278,0,1.71
-67,-27,C,2021,10,6,279,0,3.66
-67,-27,C,2021,10,7,280,0,4.03
-67,-27,C,2021,10,8,281,0,2.81
-67,-27,C,2021,10,9,282,0,2.99
-67,-27,C,2021,10,10,283,0,3.05
-67,-27,C,2021,10,11,284,0,4.88
-67,-27,C,2021,10,12,285,0,2.69
-67,-27,C,2021,10,13,286,0,2.08
-67,-27,C,2021,10,14,287,2.03,1.89
-67,-27,C,2021,10,15,288,2.17,3.85
-67,-27,C,2021,10,16,289,0,2.5
-67,-27,C,2021,10,17,290,0,2.87
-67,-27,C,2021,10,18,291,0,4.76
-67,-27,C,2021,10,19,292,0,4.03
-67,-27,C,2021,10,20,293,0,2.75
-67,-27,C,2021,10,21,294,0,2.62
-67,-27,C,2021,10,22,295,0,1.46
-67,-27,C,2021,10,23,296,0,2.56
-67,-27,C,2021,10,24,297,0,3.78
-67,-27,C,2021,10,25,298,0,3.48
-67,-27,C,2021,10,26,299,0,4.21
-67,-27,C,2021,10,27,300,0,4.15
-67,-27,C,2021,10,28,301,0,5.92
-67,-27,C,2021,10,29,302,0.8,7.57
-67,-27,C,2021,10,30,303,0.27,7.93
-67,-27,C,2021,10,31,304,12.55,8.85
-67,-27,C,2021,11,1,305,4.8,7.08
-67,-27,C,2021,11,2,306,0.42,6.35
-67,-27,C,2021,11,3,307,0.01,5.8
-67,-27,C,2021,11,4,308,41.98,5.8
-67,-27,C,2021,11,5,309,4.36,5.49
-67,-27,C,2021,11,6,310,0.01,4.33
-67,-27,C,2021,11,7,311,0,4.64
-67,-27,C,2021,11,8,312,1.84,6.35
-67,-27,C,2021,11,9,313,35.98,6.35
-67,-27,C,2021,11,10,314,4.67,5.74
-67,-27,C,2021,11,11,315,0.11,6.9
-67,-27,C,2021,11,12,316,0,6.84
-67,-27,C,2021,11,13,317,0.43,5.92
-67,-27,C,2021,11,14,318,0.37,7.45
-67,-27,C,2021,11,15,319,0.01,4.58
-67,-27,C,2021,11,16,320,6.18,6.77
-67,-27,C,2021,11,17,321,0.13,5.13
-67,-27,C,2021,11,18,322,0,4.09
-67,-27,C,2021,11,19,323,0,6.59
-67,-27,C,2021,11,20,324,0,6.84
-67,-27,C,2021,11,21,325,0,7.57
-67,-27,C,2021,11,22,326,2.19,8.12
-67,-27,C,2021,11,23,327,4.29,9.64
-67,-27,C,2021,11,24,328,0.04,6.65
-67,-27,C,2021,11,25,329,0,5.92
-67,-27,C,2021,11,26,330,0,7.39
-67,-27,C,2021,11,27,331,1.54,5.62
-67,-27,C,2021,11,28,332,2.06,6.65
-67,-27,C,2021,11,29,333,0,6.41
-67,-27,C,2021,11,30,334,0,6.29
-67,-27,C,2021,12,1,335,0,5.92
-67,-27,C,2021,12,2,336,5.99,7.93
-67,-27,C,2021,12,3,337,3.17,8.24
-67,-27,C,2021,12,4,338,4.58,9.64
-67,-27,C,2021,12,5,339,0.23,9.34
-67,-27,C,2021,12,6,340,0.13,9.34
-67,-27,C,2021,12,7,341,0.04,9.4
-67,-27,C,2021,12,8,342,0.06,9.34
-67,-27,C,2021,12,9,343,4.51,9.4
-67,-27,C,2021,12,10,344,1.43,8.85
-67,-27,C,2021,12,11,345,0.06,7.02
-67,-27,C,2021,12,12,346,18.41,7.02
-67,-27,C,2021,12,13,347,19.11,8
-67,-27,C,2021,12,14,348,0.1,5.74
-67,-27,C,2021,12,15,349,0.16,7.2
-67,-27,C,2021,12,16,350,0.05,8.97
-67,-27,C,2021,12,17,351,0.04,9.52
-67,-27,C,2021,12,18,352,0.01,9.34
-67,-27,C,2021,12,19,353,1.22,9.64
-67,-27,C,2021,12,20,354,0.16,8.36
-67,-27,C,2021,12,21,355,1.31,8.91
-67,-27,C,2021,12,22,356,11.47,10.31
-67,-27,C,2021,12,23,357,4.92,9.89
-67,-27,C,2021,12,24,358,0.03,9.52
-67,-27,C,2021,12,25,359,0.01,8
-67,-27,C,2021,12,26,360,0,8.06
-67,-27,C,2021,12,27,361,3.59,8.91
-67,-27,C,2021,12,28,362,4.8,9.16
-67,-27,C,2021,12,29,363,0.04,7.63
-67,-27,C,2021,12,30,364,0,7.93
-67,-27,C,2021,12,31,365,0,8.85
-67.5,-27,D,2012,1,1,1,0.02,7.39
-67.5,-27,D,2012,1,2,2,0,5.98
-67.5,-27,D,2012,1,3,3,0,5.92
-67.5,-27,D,2012,1,4,4,0.59,6.65
-67.5,-27,D,2012,1,5,5,1.05,6.65
-67.5,-27,D,2012,1,6,6,0.89,7.08
-67.5,-27,D,2012,1,7,7,2.18,6.77
-67.5,-27,D,2012,1,8,8,0.04,7.63
-67.5,-27,D,2012,1,9,9,0.01,7.75
-67.5,-27,D,2012,1,10,10,3.98,7.39
-67.5,-27,D,2012,1,11,11,8.29,6.84
-67.5,-27,D,2012,1,12,12,3.66,7.26
-67.5,-27,D,2012,1,13,13,0,6.71
-67.5,-27,D,2012,1,14,14,0.02,6.47
-67.5,-27,D,2012,1,15,15,0,5.92
-67.5,-27,D,2012,1,16,16,0.22,7.08
-67.5,-27,D,2012,1,17,17,0.57,7.51
-67.5,-27,D,2012,1,18,18,0.61,7.32
-67.5,-27,D,2012,1,19,19,0.34,6.71
-67.5,-27,D,2012,1,20,20,0.03,5.98
-67.5,-27,D,2012,1,21,21,6.36,5.49
-67.5,-27,D,2012,1,22,22,1.93,7.14
-67.5,-27,D,2012,1,23,23,0.21,4.82
-67.5,-27,D,2012,1,24,24,6.22,5.98
-67.5,-27,D,2012,1,25,25,2.51,7.02
-67.5,-27,D,2012,1,26,26,0.15,6.84
-67.5,-27,D,2012,1,27,27,0,7.51
-67.5,-27,D,2012,1,28,28,0,7.32
-67.5,-27,D,2012,1,29,29,0,8.42
-67.5,-27,D,2012,1,30,30,0.6,9.03
-67.5,-27,D,2012,1,31,31,1.99,6.41
-67.5,-27,D,2012,2,1,32,0.27,8
-67.5,-27,D,2012,2,2,33,1.93,8.24
-67.5,-27,D,2012,2,3,34,0.12,8.24
-67.5,-27,D,2012,2,4,35,0,9.58
-67.5,-27,D,2012,2,5,36,0.23,10.25
-67.5,-27,D,2012,2,6,37,0.24,8.61
-67.5,-27,D,2012,2,7,38,0.79,9.34
-67.5,-27,D,2012,2,8,39,24.75,9.09
-67.5,-27,D,2012,2,9,40,2.43,8.24
-67.5,-27,D,2012,2,10,41,0.61,7.2
-67.5,-27,D,2012,2,11,42,0.01,6.1
-67.5,-27,D,2012,2,12,43,0,6.65
-67.5,-27,D,2012,2,13,44,0,7.75
-67.5,-27,D,2012,2,14,45,0,8.73
-67.5,-27,D,2012,2,15,46,0,8.85
-67.5,-27,D,2012,2,16,47,0,8.67
-67.5,-27,D,2012,2,17,48,1.71,8.73
-67.5,-27,D,2012,2,18,49,0.58,8.3
-67.5,-27,D,2012,2,19,50,10.52,9.09
-67.5,-27,D,2012,2,20,51,12.71,8.24
-67.5,-27,D,2012,2,21,52,7.24,7.81
-67.5,-27,D,2012,2,22,53,1.51,7.26
-67.5,-27,D,2012,2,23,54,9.73,7.45
-67.5,-27,D,2012,2,24,55,9.51,6.71
-67.5,-27,D,2012,2,25,56,0.44,5.49
-67.5,-27,D,2012,2,26,57,1.13,7.08
-67.5,-27,D,2012,2,27,58,0.01,7.51
-67.5,-27,D,2012,2,28,59,0,6.59
-67.5,-27,D,2012,2,29,60,15.97,7.2
-67.5,-27,D,2012,3,1,61,1.14,7.51
-67.5,-27,D,2012,3,2,62,0,6.35
-67.5,-27,D,2012,3,3,63,0,7.02
-67.5,-27,D,2012,3,4,64,0.2,8.24
-67.5,-27,D,2012,3,5,65,7.79,6.9
-67.5,-27,D,2012,3,6,66,10.6,8.91
-67.5,-27,D,2012,3,7,67,0.74,9.34
-67.5,-27,D,2012,3,8,68,0.01,8.85
-67.5,-27,D,2012,3,9,69,0,8.91
-67.5,-27,D,2012,3,10,70,0,8.61
-67.5,-27,D,2012,3,11,71,0,7.2
-67.5,-27,D,2012,3,12,72,3.56,7.02
-67.5,-27,D,2012,3,13,73,0.7,7.63
-67.5,-27,D,2012,3,14,74,0.25,8.06
-67.5,-27,D,2012,3,15,75,0,7.51
-67.5,-27,D,2012,3,16,76,0,7.39
-67.5,-27,D,2012,3,17,77,0,5.86
-67.5,-27,D,2012,3,18,78,0,6.16
-67.5,-27,D,2012,3,19,79,0,6.59
-67.5,-27,D,2012,3,20,80,0.31,8
-67.5,-27,D,2012,3,21,81,1.63,6.96
-67.5,-27,D,2012,3,22,82,6.59,7.51
-67.5,-27,D,2012,3,23,83,0.49,6.71
-67.5,-27,D,2012,3,24,84,0.01,6.59
-67.5,-27,D,2012,3,25,85,5,5.98
-67.5,-27,D,2012,3,26,86,8.93,6.35
-67.5,-27,D,2012,3,27,87,1.24,5.43
-67.5,-27,D,2012,3,28,88,0,4.21
-67.5,-27,D,2012,3,29,89,0,4.03
-67.5,-27,D,2012,3,30,90,0,5.31
-67.5,-27,D,2012,3,31,91,0,5.62
-67.5,-27,D,2012,4,1,92,0,3.78
-67.5,-27,D,2012,4,2,93,10.9,5.43
-67.5,-27,D,2012,4,3,94,2.37,5.31
-67.5,-27,D,2012,4,4,95,0,3.3
-67.5,-27,D,2012,4,5,96,0.11,3.78
-67.5,-27,D,2012,4,6,97,0.04,3.3
-67.5,-27,D,2012,4,7,98,0,3.05
-67.5,-27,D,2012,4,8,99,2.67,4.09
-67.5,-27,D,2012,4,9,100,3.22,4.33
-67.5,-27,D,2012,4,10,101,10.94,4.76
-67.5,-27,D,2012,4,11,102,1.61,5.43
-67.5,-27,D,2012,4,12,103,3.56,7.26
-67.5,-27,D,2012,4,13,104,1.31,4.58
-67.5,-27,D,2012,4,14,105,3.55,4.58
-67.5,-27,D,2012,4,15,106,1.04,4.03
-67.5,-27,D,2012,4,16,107,0,3.05
-67.5,-27,D,2012,4,17,108,0,3.78
-67.5,-27,D,2012,4,18,109,0.03,3.36
-67.5,-27,D,2012,4,19,110,2.04,4.09
-67.5,-27,D,2012,4,20,111,2.01,4.21
-67.5,-27,D,2012,4,21,112,0.39,4.82
-67.5,-27,D,2012,4,22,113,0.36,3.66
-67.5,-27,D,2012,4,23,114,6.09,3.97
-67.5,-27,D,2012,4,24,115,2.11,3.3
-67.5,-27,D,2012,4,25,116,3.16,3.66
-67.5,-27,D,2012,4,26,117,0.31,2.93
-67.5,-27,D,2012,4,27,118,7.68,2.56
-67.5,-27,D,2012,4,28,119,0.46,2.01
-67.5,-27,D,2012,4,29,120,0.02,2.75
-67.5,-27,D,2012,4,30,121,0,2.5
-67.5,-27,D,2012,5,1,122,0,2.5
-67.5,-27,D,2012,5,2,123,0,2.38
-67.5,-27,D,2012,5,3,124,0,2.62
-67.5,-27,D,2012,5,4,125,0,3.17
-67.5,-27,D,2012,5,5,126,0,3.91
-67.5,-27,D,2012,5,6,127,0,3.72
-67.5,-27,D,2012,5,7,128,0,4.94
-67.5,-27,D,2012,5,8,129,0,4.46
-67.5,-27,D,2012,5,9,130,0,2.26
-67.5,-27,D,2012,5,10,131,0.08,2.62
-67.5,-27,D,2012,5,11,132,0.23,2.56
-67.5,-27,D,2012,5,12,133,0.12,2.62
-67.5,-27,D,2012,5,13,134,0,2.81
-67.5,-27,D,2012,5,14,135,0,3.17
-67.5,-27,D,2012,5,15,136,0,2.14
-67.5,-27,D,2012,5,16,137,0,2.14
-67.5,-27,D,2012,5,17,138,0,1.89
-67.5,-27,D,2012,5,18,139,0.62,2.87
-67.5,-27,D,2012,5,19,140,0.2,2.08
-67.5,-27,D,2012,5,20,141,0.01,2.26
-67.5,-27,D,2012,5,21,142,0.04,2.38
-67.5,-27,D,2012,5,22,143,0.02,1.71
-67.5,-27,D,2012,5,23,144,0,2.08
-67.5,-27,D,2012,5,24,145,0,1.89
-67.5,-27,D,2012,5,25,146,0,2.08
-67.5,-27,D,2012,5,26,147,0,2.56
-67.5,-27,D,2012,5,27,148,0,3.05
-67.5,-27,D,2012,5,28,149,0,2.32
-67.5,-27,D,2012,5,29,150,0.02,2.32
-67.5,-27,D,2012,5,30,151,1.39,2.75
-67.5,-27,D,2012,5,31,152,0.09,2.69
-67.5,-27,D,2012,6,1,153,0,2.5
-67.5,-27,D,2012,6,2,154,0,2.56
-67.5,-27,D,2012,6,3,155,0,1.89
-67.5,-27,D,2012,6,4,156,0,2.14
-67.5,-27,D,2012,6,5,157,0,1.46
-67.5,-27,D,2012,6,6,158,0,2.08
-67.5,-27,D,2012,6,7,159,0,1.83
-67.5,-27,D,2012,6,8,160,0,1.83
-67.5,-27,D,2012,6,9,161,0,2.56
-67.5,-27,D,2012,6,10,162,0,2.26
-67.5,-27,D,2012,6,11,163,0,1.71
-67.5,-27,D,2012,6,12,164,0,1.65
-67.5,-27,D,2012,6,13,165,0,2.01
-67.5,-27,D,2012,6,14,166,0,1.83
-67.5,-27,D,2012,6,15,167,0.02,2.38
-67.5,-27,D,2012,6,16,168,0.05,2.62
-67.5,-27,D,2012,6,17,169,0.19,2.38
-67.5,-27,D,2012,6,18,170,0,1.95
-67.5,-27,D,2012,6,19,171,0,1.83
-67.5,-27,D,2012,6,20,172,0,1.77
-67.5,-27,D,2012,6,21,173,0,1.16
-67.5,-27,D,2012,6,22,174,0,1.53
-67.5,-27,D,2012,6,23,175,0,1.46
-67.5,-27,D,2012,6,24,176,0,1.53
-67.5,-27,D,2012,6,25,177,0,1.53
-67.5,-27,D,2012,6,26,178,0,1.4
-67.5,-27,D,2012,6,27,179,0,1.46
-67.5,-27,D,2012,6,28,180,0.18,1.65
-67.5,-27,D,2012,6,29,181,0,1.65
-67.5,-27,D,2012,6,30,182,0,1.34
-67.5,-27,D,2012,7,1,183,0,1.16
-67.5,-27,D,2012,7,2,184,0,1.53
-67.5,-27,D,2012,7,3,185,3.5,1.65
-67.5,-27,D,2012,7,4,186,0,1.34
-67.5,-27,D,2012,7,5,187,0,1.04
-67.5,-27,D,2012,7,6,188,0,1.4
-67.5,-27,D,2012,7,7,189,0,1.16
-67.5,-27,D,2012,7,8,190,0,0.85
-67.5,-27,D,2012,7,9,191,0,1.46
-67.5,-27,D,2012,7,10,192,0,2.44
-67.5,-27,D,2012,7,11,193,0,1.95
-67.5,-27,D,2012,7,12,194,0,1.22
-67.5,-27,D,2012,7,13,195,0.02,1.53
-67.5,-27,D,2012,7,14,196,0,1.89
-67.5,-27,D,2012,7,15,197,0.01,2.08
-67.5,-27,D,2012,7,16,198,0.08,1.77
-67.5,-27,D,2012,7,17,199,0,1.16
-67.5,-27,D,2012,7,18,200,0,1.28
-67.5,-27,D,2012,7,19,201,0,1.46
-67.5,-27,D,2012,7,20,202,0,1.34
-67.5,-27,D,2012,7,21,203,0,1.04
-67.5,-27,D,2012,7,22,204,0,1.22
-67.5,-27,D,2012,7,23,205,0.02,1.04
-67.5,-27,D,2012,7,24,206,0,1.46
-67.5,-27,D,2012,7,25,207,0.02,1.28
-67.5,-27,D,2012,7,26,208,0,1.59
-67.5,-27,D,2012,7,27,209,0,1.4
-67.5,-27,D,2012,7,28,210,0,1.04
-67.5,-27,D,2012,7,29,211,0,1.53
-67.5,-27,D,2012,7,30,212,0,1.53
-67.5,-27,D,2012,7,31,213,0,1.34
-67.5,-27,D,2012,8,1,214,0,1.53
-67.5,-27,D,2012,8,2,215,0,1.83
-67.5,-27,D,2012,8,3,216,0,1.65
-67.5,-27,D,2012,8,4,217,0,1.59
-67.5,-27,D,2012,8,5,218,0,1.95
-67.5,-27,D,2012,8,6,219,0,2.2
-67.5,-27,D,2012,8,7,220,0.79,1.22
-67.5,-27,D,2012,8,8,221,0,1.16
-67.5,-27,D,2012,8,9,222,0,1.89
-67.5,-27,D,2012,8,10,223,0,2.01
-67.5,-27,D,2012,8,11,224,0,1.77
-67.5,-27,D,2012,8,12,225,0,1.4
-67.5,-27,D,2012,8,13,226,0,1.16
-67.5,-27,D,2012,8,14,227,0.01,2.08
-67.5,-27,D,2012,8,15,228,0,2.14
-67.5,-27,D,2012,8,16,229,0,2.08
-67.5,-27,D,2012,8,17,230,0,1.53
-67.5,-27,D,2012,8,18,231,0,1.16
-67.5,-27,D,2012,8,19,232,0,1.1
-67.5,-27,D,2012,8,20,233,0,1.4
-67.5,-27,D,2012,8,21,234,0,1.1
-67.5,-27,D,2012,8,22,235,0,0.98
-67.5,-27,D,2012,8,23,236,0,0.85
-67.5,-27,D,2012,8,24,237,0,0.98
-67.5,-27,D,2012,8,25,238,0,1.22
-67.5,-27,D,2012,8,26,239,0,1.34
-67.5,-27,D,2012,8,27,240,0,1.4
-67.5,-27,D,2012,8,28,241,0,1.59
-67.5,-27,D,2012,8,29,242,0,1.59
-67.5,-27,D,2012,8,30,243,0,1.53
-67.5,-27,D,2012,8,31,244,0,2.32
-67.5,-27,D,2012,9,1,245,0,3.85
-67.5,-27,D,2012,9,2,246,0,4.94
-67.5,-27,D,2012,9,3,247,0,2.75
-67.5,-27,D,2012,9,4,248,0,2.08
-67.5,-27,D,2012,9,5,249,1.13,3.23
-67.5,-27,D,2012,9,6,250,1.79,1.83
-67.5,-27,D,2012,9,7,251,0.56,1.34
-67.5,-27,D,2012,9,8,252,0,2.38
-67.5,-27,D,2012,9,9,253,0.36,2.5
-67.5,-27,D,2012,9,10,254,0.86,2.32
-67.5,-27,D,2012,9,11,255,0.02,1.71
-67.5,-27,D,2012,9,12,256,0.05,2.87
-67.5,-27,D,2012,9,13,257,0,2.69
-67.5,-27,D,2012,9,14,258,0,1.46
-67.5,-27,D,2012,9,15,259,0,1.77
-67.5,-27,D,2012,9,16,260,0,1.65
-67.5,-27,D,2012,9,17,261,2.26,2.01
-67.5,-27,D,2012,9,18,262,3.95,1.95
-67.5,-27,D,2012,9,19,263,0.05,1.53
-67.5,-27,D,2012,9,20,264,0,1.4
-67.5,-27,D,2012,9,21,265,0,1.53
-67.5,-27,D,2012,9,22,266,0,2.26
-67.5,-27,D,2012,9,23,267,0,1.4
-67.5,-27,D,2012,9,24,268,0,2.08
-67.5,-27,D,2012,9,25,269,0.01,3.72
-67.5,-27,D,2012,9,26,270,0.01,2.93
-67.5,-27,D,2012,9,27,271,0,1.34
-67.5,-27,D,2012,9,28,272,0,1.71
-67.5,-27,D,2012,9,29,273,0,1.53
-67.5,-27,D,2012,9,30,274,0,1.1
-67.5,-27,D,2012,10,1,275,0,1.22
-67.5,-27,D,2012,10,2,276,0,1.28
-67.5,-27,D,2012,10,3,277,0,2.5
-67.5,-27,D,2012,10,4,278,0,1.65
-67.5,-27,D,2012,10,5,279,0,1.46
-67.5,-27,D,2012,10,6,280,1.19,1.53
-67.5,-27,D,2012,10,7,281,3.57,1.71
-67.5,-27,D,2012,10,8,282,1.49,1.59
-67.5,-27,D,2012,10,9,283,0,2.01
-67.5,-27,D,2012,10,10,284,0,2.87
-67.5,-27,D,2012,10,11,285,0,2.75
-67.5,-27,D,2012,10,12,286,0,2.87
-67.5,-27,D,2012,10,13,287,0,2.14
-67.5,-27,D,2012,10,14,288,0,1.4
-67.5,-27,D,2012,10,15,289,0,0.98
-67.5,-27,D,2012,10,16,290,0,1.22
-67.5,-27,D,2012,10,17,291,0,1.34
-67.5,-27,D,2012,10,18,292,0,1.1
-67.5,-27,D,2012,10,19,293,0,1.1
-67.5,-27,D,2012,10,20,294,0.89,1.59
-67.5,-27,D,2012,10,21,295,2.1,1.46
-67.5,-27,D,2012,10,22,296,1.84,1.1
-67.5,-27,D,2012,10,23,297,0,1.22
-67.5,-27,D,2012,10,24,298,0,1.34
-67.5,-27,D,2012,10,25,299,0,1.34
-67.5,-27,D,2012,10,26,300,0,1.22
-67.5,-27,D,2012,10,27,301,9.22,3.66
-67.5,-27,D,2012,10,28,302,4.98,5.98
-67.5,-27,D,2012,10,29,303,2.54,4.7
-67.5,-27,D,2012,10,30,304,1.03,4.58
-67.5,-27,D,2012,10,31,305,0,2.81
-67.5,-27,D,2012,11,1,306,3.51,5
-67.5,-27,D,2012,11,2,307,1.22,5.25
-67.5,-27,D,2012,11,3,308,0.7,4.7
-67.5,-27,D,2012,11,4,309,5.44,6.1
-67.5,-27,D,2012,11,5,310,1.59,6.41
-67.5,-27,D,2012,11,6,311,12.19,7.02
-67.5,-27,D,2012,11,7,312,0.46,5.49
-67.5,-27,D,2012,11,8,313,0,2.87
-67.5,-27,D,2012,11,9,314,0.13,2.01
-67.5,-27,D,2012,11,10,315,0.32,2.99
-67.5,-27,D,2012,11,11,316,0.3,3.78
-67.5,-27,D,2012,11,12,317,0.14,5.31
-67.5,-27,D,2012,11,13,318,0.19,4.58
-67.5,-27,D,2012,11,14,319,0.04,4.09
-67.5,-27,D,2012,11,15,320,0,3.17
-67.5,-27,D,2012,11,16,321,0.08,3.05
-67.5,-27,D,2012,11,17,322,0.16,3.85
-67.5,-27,D,2012,11,18,323,1.95,5.86
-67.5,-27,D,2012,11,19,324,1.67,7.2
-67.5,-27,D,2012,11,20,325,0.16,6.9
-67.5,-27,D,2012,11,21,326,0,4.21
-67.5,-27,D,2012,11,22,327,1.12,3.6
-67.5,-27,D,2012,11,23,328,0.74,3.72
-67.5,-27,D,2012,11,24,329,0.1,4.7
-67.5,-27,D,2012,11,25,330,0.07,4.27
-67.5,-27,D,2012,11,26,331,0,3.6
-67.5,-27,D,2012,11,27,332,0,3.23
-67.5,-27,D,2012,11,28,333,1.26,1.83
-67.5,-27,D,2012,11,29,334,1.06,1.71
-67.5,-27,D,2012,11,30,335,1.97,3.54
-67.5,-27,D,2012,12,1,336,1.41,5.62
-67.5,-27,D,2012,12,2,337,0.09,6.59
-67.5,-27,D,2012,12,3,338,0.43,6.59
-67.5,-27,D,2012,12,4,339,5.65,8.12
-67.5,-27,D,2012,12,5,340,0.21,6.53
-67.5,-27,D,2012,12,6,341,4.02,5.74
-67.5,-27,D,2012,12,7,342,4.1,7.81
-67.5,-27,D,2012,12,8,343,0.02,6.59
-67.5,-27,D,2012,12,9,344,0,7.26
-67.5,-27,D,2012,12,10,345,0.42,6.1
-67.5,-27,D,2012,12,11,346,0.15,6.71
-67.5,-27,D,2012,12,12,347,0.24,3.3
-67.5,-27,D,2012,12,13,348,0.09,6.16
-67.5,-27,D,2012,12,14,349,0,6.16
-67.5,-27,D,2012,12,15,350,0,8
-67.5,-27,D,2012,12,16,351,0,4.76
-67.5,-27,D,2012,12,17,352,0.06,6.65
-67.5,-27,D,2012,12,18,353,2.23,5
-67.5,-27,D,2012,12,19,354,4.37,2.87
-67.5,-27,D,2012,12,20,355,11.57,4.03
-67.5,-27,D,2012,12,21,356,1.3,5.43
-67.5,-27,D,2012,12,22,357,0.16,5.92
-67.5,-27,D,2012,12,23,358,0,5.68
-67.5,-27,D,2012,12,24,359,0,5.43
-67.5,-27,D,2012,12,25,360,0.49,4.21
-67.5,-27,D,2012,12,26,361,0.07,5.43
-67.5,-27,D,2012,12,27,362,0.02,3.91
-67.5,-27,D,2012,12,28,363,0,4.52
-67.5,-27,D,2012,12,29,364,0,4.76
-67.5,-27,D,2012,12,30,365,0,4.82
-67.5,-27,D,2012,12,31,366,9.53,2.87
-67.5,-27,D,2013,1,1,1,3.73,6.53
-67.5,-27,D,2013,1,2,2,0.01,5.19
-67.5,-27,D,2013,1,3,3,0.01,2.69
-67.5,-27,D,2013,1,4,4,0,2.32
-67.5,-27,D,2013,1,5,5,2.28,3.72
-67.5,-27,D,2013,1,6,6,6.17,5.25
-67.5,-27,D,2013,1,7,7,1.11,4.46
-67.5,-27,D,2013,1,8,8,22.64,7.26
-67.5,-27,D,2013,1,9,9,3.39,9.22
-67.5,-27,D,2013,1,10,10,14.99,8.85
-67.5,-27,D,2013,1,11,11,0.31,8.79
-67.5,-27,D,2013,1,12,12,0.68,8.24
-67.5,-27,D,2013,1,13,13,0.74,8.67
-67.5,-27,D,2013,1,14,14,0.77,8.36
-67.5,-27,D,2013,1,15,15,0.02,8.36
-67.5,-27,D,2013,1,16,16,18.41,8.91
-67.5,-27,D,2013,1,17,17,7.82,8.61
-67.5,-27,D,2013,1,18,18,3.1,8.3
-67.5,-27,D,2013,1,19,19,2.23,7.69
-67.5,-27,D,2013,1,20,20,0.52,7.14
-67.5,-27,D,2013,1,21,21,0.05,7.2
-67.5,-27,D,2013,1,22,22,0,6.65
-67.5,-27,D,2013,1,23,23,0,7.57
-67.5,-27,D,2013,1,24,24,1.3,5.37
-67.5,-27,D,2013,1,25,25,1.27,6.04
-67.5,-27,D,2013,1,26,26,0.01,6.9
-67.5,-27,D,2013,1,27,27,0,5.74
-67.5,-27,D,2013,1,28,28,0,5
-67.5,-27,D,2013,1,29,29,0,5.98
-67.5,-27,D,2013,1,30,30,0,6.96
-67.5,-27,D,2013,1,31,31,0.11,6.41
-67.5,-27,D,2013,2,1,32,0.01,6.41
-67.5,-27,D,2013,2,2,33,1.13,8.42
-67.5,-27,D,2013,2,3,34,0.23,9.28
-67.5,-27,D,2013,2,4,35,0,7.87
-67.5,-27,D,2013,2,5,36,0,8.24
-67.5,-27,D,2013,2,6,37,0.62,7.57
-67.5,-27,D,2013,2,7,38,0,7.39
-67.5,-27,D,2013,2,8,39,0,6.41
-67.5,-27,D,2013,2,9,40,0,7.14
-67.5,-27,D,2013,2,10,41,8.44,5.55
-67.5,-27,D,2013,2,11,42,6.15,7.32
-67.5,-27,D,2013,2,12,43,0,5.8
-67.5,-27,D,2013,2,13,44,11.83,7.2
-67.5,-27,D,2013,2,14,45,0.51,8.06
-67.5,-27,D,2013,2,15,46,0.04,8.42
-67.5,-27,D,2013,2,16,47,0,5.8
-67.5,-27,D,2013,2,17,48,20.61,6.77
-67.5,-27,D,2013,2,18,49,5.02,6.47
-67.5,-27,D,2013,2,19,50,1.14,4.88
-67.5,-27,D,2013,2,20,51,0.05,5.07
-67.5,-27,D,2013,2,21,52,0,6.65
-67.5,-27,D,2013,2,22,53,0.14,7.57
-67.5,-27,D,2013,2,23,54,0,8.61
-67.5,-27,D,2013,2,24,55,22.59,8.67
-67.5,-27,D,2013,2,25,56,5.01,8.06
-67.5,-27,D,2013,2,26,57,0.03,6.71
-67.5,-27,D,2013,2,27,58,0,5.25
-67.5,-27,D,2013,2,28,59,0,5.62
-67.5,-27,D,2013,3,1,60,0,3.54
-67.5,-27,D,2013,3,2,61,0.07,4.46
-67.5,-27,D,2013,3,3,62,0.07,5.25
-67.5,-27,D,2013,3,4,63,0.01,5.43
-67.5,-27,D,2013,3,5,64,0.01,4.21
-67.5,-27,D,2013,3,6,65,0,3.85
-67.5,-27,D,2013,3,7,66,0,5.62
-67.5,-27,D,2013,3,8,67,0,7.57
-67.5,-27,D,2013,3,9,68,0.54,6.16
-67.5,-27,D,2013,3,10,69,3.72,7.57
-67.5,-27,D,2013,3,11,70,0.61,3.85
-67.5,-27,D,2013,3,12,71,1.39,3.05
-67.5,-27,D,2013,3,13,72,12.49,3.78
-67.5,-27,D,2013,3,14,73,8.24,4.88
-67.5,-27,D,2013,3,15,74,1.26,4.7
-67.5,-27,D,2013,3,16,75,2.44,4.33
-67.5,-27,D,2013,3,17,76,1.49,4.58
-67.5,-27,D,2013,3,18,77,0.57,4.27
-67.5,-27,D,2013,3,19,78,0,4.03
-67.5,-27,D,2013,3,20,79,0,3.42
-67.5,-27,D,2013,3,21,80,0,4.39
-67.5,-27,D,2013,3,22,81,2.65,5.25
-67.5,-27,D,2013,3,23,82,1.59,4.94
-67.5,-27,D,2013,3,24,83,0.15,3.85
-67.5,-27,D,2013,3,25,84,0,4.46
-67.5,-27,D,2013,3,26,85,0,5.98
-67.5,-27,D,2013,3,27,86,0,6.53
-67.5,-27,D,2013,3,28,87,0.12,6.16
-67.5,-27,D,2013,3,29,88,0.01,4.39
-67.5,-27,D,2013,3,30,89,0,3.48
-67.5,-27,D,2013,3,31,90,0.26,2.75
-67.5,-27,D,2013,4,1,91,1.03,2.08
-67.5,-27,D,2013,4,2,92,5.25,2.69
-67.5,-27,D,2013,4,3,93,2.13,3.17
-67.5,-27,D,2013,4,4,94,0.01,2.14
-67.5,-27,D,2013,4,5,95,0,1.59
-67.5,-27,D,2013,4,6,96,0,2.62
-67.5,-27,D,2013,4,7,97,0,3.11
-67.5,-27,D,2013,4,8,98,0,3.72
-67.5,-27,D,2013,4,9,99,0,2.62
-67.5,-27,D,2013,4,10,100,0,2.01
-67.5,-27,D,2013,4,11,101,7.2,3.05
-67.5,-27,D,2013,4,12,102,5.51,3.42
-67.5,-27,D,2013,4,13,103,0.18,2.81
-67.5,-27,D,2013,4,14,104,0.27,3.17
-67.5,-27,D,2013,4,15,105,0,3.48
-67.5,-27,D,2013,4,16,106,0,3.36
-67.5,-27,D,2013,4,17,107,0,2.99
-67.5,-27,D,2013,4,18,108,0,3.36
-67.5,-27,D,2013,4,19,109,0,3.97
-67.5,-27,D,2013,4,20,110,0,3.78
-67.5,-27,D,2013,4,21,111,0,3.85
-67.5,-27,D,2013,4,22,112,0,4.09
-67.5,-27,D,2013,4,23,113,0,4.27
-67.5,-27,D,2013,4,24,114,0,4.03
-67.5,-27,D,2013,4,25,115,0,3.17
-67.5,-27,D,2013,4,26,116,0,2.08
-67.5,-27,D,2013,4,27,117,0,1.83
-67.5,-27,D,2013,4,28,118,0,2.01
-67.5,-27,D,2013,4,29,119,0,2.56
-67.5,-27,D,2013,4,30,120,0,1.77
-67.5,-27,D,2013,5,1,121,0,1.71
-67.5,-27,D,2013,5,2,122,0.02,1.83
-67.5,-27,D,2013,5,3,123,0.68,1.95
-67.5,-27,D,2013,5,4,124,1.12,2.32
-67.5,-27,D,2013,5,5,125,0.78,2.26
-67.5,-27,D,2013,5,6,126,0,1.95
-67.5,-27,D,2013,5,7,127,0,2.44
-67.5,-27,D,2013,5,8,128,19.38,2.38
-67.5,-27,D,2013,5,9,129,0,1.77
-67.5,-27,D,2013,5,10,130,0,2.26
-67.5,-27,D,2013,5,11,131,0,2.69
-67.5,-27,D,2013,5,12,132,0,2.32
-67.5,-27,D,2013,5,13,133,0,2.08
-67.5,-27,D,2013,5,14,134,0,1.65
-67.5,-27,D,2013,5,15,135,0.7,1.95
-67.5,-27,D,2013,5,16,136,2.63,2.44
-67.5,-27,D,2013,5,17,137,0.53,4.46
-67.5,-27,D,2013,5,18,138,0.1,3.54
-67.5,-27,D,2013,5,19,139,0.02,2.93
-67.5,-27,D,2013,5,20,140,0,2.26
-67.5,-27,D,2013,5,21,141,0,2.87
-67.5,-27,D,2013,5,22,142,0,2.75
-67.5,-27,D,2013,5,23,143,0,2.2
-67.5,-27,D,2013,5,24,144,0,2.01
-67.5,-27,D,2013,5,25,145,0,1.83
-67.5,-27,D,2013,5,26,146,0,1.28
-67.5,-27,D,2013,5,27,147,0.15,1.1
-67.5,-27,D,2013,5,28,148,0,1.4
-67.5,-27,D,2013,5,29,149,0,1.77
-67.5,-27,D,2013,5,30,150,0,1.83
-67.5,-27,D,2013,5,31,151,0,1.34
-67.5,-27,D,2013,6,1,152,0,1.71
-67.5,-27,D,2013,6,2,153,0,1.83
-67.5,-27,D,2013,6,3,154,0,2.08
-67.5,-27,D,2013,6,4,155,0,1.53
-67.5,-27,D,2013,6,5,156,0,1.53
-67.5,-27,D,2013,6,6,157,0,1.77
-67.5,-27,D,2013,6,7,158,0,2.01
-67.5,-27,D,2013,6,8,159,0,2.56
-67.5,-27,D,2013,6,9,160,0,2.87
-67.5,-27,D,2013,6,10,161,0,3.11
-67.5,-27,D,2013,6,11,162,0,2.5
-67.5,-27,D,2013,6,12,163,0,2.5
-67.5,-27,D,2013,6,13,164,0.06,3.54
-67.5,-27,D,2013,6,14,165,2.98,4.27
-67.5,-27,D,2013,6,15,166,0.01,2.5
-67.5,-27,D,2013,6,16,167,0.08,2.14
-67.5,-27,D,2013,6,17,168,5.38,1.65
-67.5,-27,D,2013,6,18,169,0.52,1.71
-67.5,-27,D,2013,6,19,170,6.19,2.26
-67.5,-27,D,2013,6,20,171,0.06,1.65
-67.5,-27,D,2013,6,21,172,0,1.1
-67.5,-27,D,2013,6,22,173,0,1.22
-67.5,-27,D,2013,6,23,174,0,1.4
-67.5,-27,D,2013,6,24,175,0,1.34
-67.5,-27,D,2013,6,25,176,0,1.46
-67.5,-27,D,2013,6,26,177,0,1.4
-67.5,-27,D,2013,6,27,178,0.02,2.69
-67.5,-27,D,2013,6,28,179,0,2.2
-67.5,-27,D,2013,6,29,180,0,1.46
-67.5,-27,D,2013,6,30,181,0,1.22
-67.5,-27,D,2013,7,1,182,0.02,1.16
-67.5,-27,D,2013,7,2,183,0,1.28
-67.5,-27,D,2013,7,3,184,0,1.16
-67.5,-27,D,2013,7,4,185,0,1.16
-67.5,-27,D,2013,7,5,186,0,1.95
-67.5,-27,D,2013,7,6,187,0,1.46
-67.5,-27,D,2013,7,7,188,0.03,1.71
-67.5,-27,D,2013,7,8,189,0.44,2.99
-67.5,-27,D,2013,7,9,190,0.02,2.75
-67.5,-27,D,2013,7,10,191,0,2.14
-67.5,-27,D,2013,7,11,192,0,2.08
-67.5,-27,D,2013,7,12,193,0,2.2
-67.5,-27,D,2013,7,13,194,0,1.28
-67.5,-27,D,2013,7,14,195,0,1.59
-67.5,-27,D,2013,7,15,196,0,2.01
-67.5,-27,D,2013,7,16,197,0,1.77
-67.5,-27,D,2013,7,17,198,0,1.53
-67.5,-27,D,2013,7,18,199,0,1.46
-67.5,-27,D,2013,7,19,200,0.08,1.59
-67.5,-27,D,2013,7,20,201,0.05,1.71
-67.5,-27,D,2013,7,21,202,0,1.1
-67.5,-27,D,2013,7,22,203,0,0.85
-67.5,-27,D,2013,7,23,204,0,0.98
-67.5,-27,D,2013,7,24,205,0,1.22
-67.5,-27,D,2013,7,25,206,0,1.28
-67.5,-27,D,2013,7,26,207,0,2.93
-67.5,-27,D,2013,7,27,208,0,2.87
-67.5,-27,D,2013,7,28,209,0,1.77
-67.5,-27,D,2013,7,29,210,0,2.81
-67.5,-27,D,2013,7,30,211,0,2.93
-67.5,-27,D,2013,7,31,212,0,2.69
-67.5,-27,D,2013,8,1,213,0,1.83
-67.5,-27,D,2013,8,2,214,0,1.16
-67.5,-27,D,2013,8,3,215,0,1.16
-67.5,-27,D,2013,8,4,216,0,1.71
-67.5,-27,D,2013,8,5,217,0,2.01
-67.5,-27,D,2013,8,6,218,0,1.53
-67.5,-27,D,2013,8,7,219,0,1.34
-67.5,-27,D,2013,8,8,220,0.14,2.2
-67.5,-27,D,2013,8,9,221,0.32,1.95
-67.5,-27,D,2013,8,10,222,0,1.1
-67.5,-27,D,2013,8,11,223,0,1.22
-67.5,-27,D,2013,8,12,224,0,1.28
-67.5,-27,D,2013,8,13,225,0.84,1.89
-67.5,-27,D,2013,8,14,226,0.08,1.59
-67.5,-27,D,2013,8,15,227,0,1.16
-67.5,-27,D,2013,8,16,228,0,1.34
-67.5,-27,D,2013,8,17,229,0,1.28
-67.5,-27,D,2013,8,18,230,0,1.04
-67.5,-27,D,2013,8,19,231,0,1.28
-67.5,-27,D,2013,8,20,232,0,1.59
-67.5,-27,D,2013,8,21,233,0,1.4
-67.5,-27,D,2013,8,22,234,0,1.34
-67.5,-27,D,2013,8,23,235,0,1.4
-67.5,-27,D,2013,8,24,236,0,2.2
-67.5,-27,D,2013,8,25,237,0,1.95
-67.5,-27,D,2013,8,26,238,0,1.4
-67.5,-27,D,2013,8,27,239,0,1.34
-67.5,-27,D,2013,8,28,240,0,1.53
-67.5,-27,D,2013,8,29,241,0,1.77
-67.5,-27,D,2013,8,30,242,0,1.77
-67.5,-27,D,2013,8,31,243,0,1.16
-67.5,-27,D,2013,9,1,244,13.1,1.59
-67.5,-27,D,2013,9,2,245,1.22,1.95
-67.5,-27,D,2013,9,3,246,0.02,2.81
-67.5,-27,D,2013,9,4,247,0,1.83
-67.5,-27,D,2013,9,5,248,0,1.65
-67.5,-27,D,2013,9,6,249,0,3.23
-67.5,-27,D,2013,9,7,250,0,3.05
-67.5,-27,D,2013,9,8,251,0,3.54
-67.5,-27,D,2013,9,9,252,0,2.87
-67.5,-27,D,2013,9,10,253,0,2.44
-67.5,-27,D,2013,9,11,254,0,2.81
-67.5,-27,D,2013,9,12,255,0.01,2.44
-67.5,-27,D,2013,9,13,256,0.02,2.08
-67.5,-27,D,2013,9,14,257,0.19,1.4
-67.5,-27,D,2013,9,15,258,2.78,1.34
-67.5,-27,D,2013,9,16,259,2.11,0.98
-67.5,-27,D,2013,9,17,260,0.73,0.98
-67.5,-27,D,2013,9,18,261,0,1.22
-67.5,-27,D,2013,9,19,262,0,1.28
-67.5,-27,D,2013,9,20,263,0,1.46
-67.5,-27,D,2013,9,21,264,0,1.53
-67.5,-27,D,2013,9,22,265,0,1.34
-67.5,-27,D,2013,9,23,266,0,1.53
-67.5,-27,D,2013,9,24,267,0,1.46
-67.5,-27,D,2013,9,25,268,0.06,1.89
-67.5,-27,D,2013,9,26,269,0.13,2.32
-67.5,-27,D,2013,9,27,270,0,2.38
-67.5,-27,D,2013,9,28,271,0,1.28
-67.5,-27,D,2013,9,29,272,0,1.28
-67.5,-27,D,2013,9,30,273,0,1.28
-67.5,-27,D,2013,10,1,274,0,1.34
-67.5,-27,D,2013,10,2,275,0,1.59
-67.5,-27,D,2013,10,3,276,0,1.34
-67.5,-27,D,2013,10,4,277,0,2.14
-67.5,-27,D,2013,10,5,278,0,2.01
-67.5,-27,D,2013,10,6,279,0,3.11
-67.5,-27,D,2013,10,7,280,0,2.44
-67.5,-27,D,2013,10,8,281,0,1.77
-67.5,-27,D,2013,10,9,282,0.54,2.08
-67.5,-27,D,2013,10,10,283,0,2.56
-67.5,-27,D,2013,10,11,284,3.58,2.69
-67.5,-27,D,2013,10,12,285,3.24,2.93
-67.5,-27,D,2013,10,13,286,0.88,2.38
-67.5,-27,D,2013,10,14,287,0.56,3.6
-67.5,-27,D,2013,10,15,288,0.48,3.23
-67.5,-27,D,2013,10,16,289,3.9,2.81
-67.5,-27,D,2013,10,17,290,2.11,4.21
-67.5,-27,D,2013,10,18,291,0,4.64
-67.5,-27,D,2013,10,19,292,0,2.69
-67.5,-27,D,2013,10,20,293,0,1.22
-67.5,-27,D,2013,10,21,294,0,1.95
-67.5,-27,D,2013,10,22,295,0,1.34
-67.5,-27,D,2013,10,23,296,0,2.08
-67.5,-27,D,2013,10,24,297,0.2,3.42
-67.5,-27,D,2013,10,25,298,0.05,1.89
-67.5,-27,D,2013,10,26,299,0,2.75
-67.5,-27,D,2013,10,27,300,0,4.46
-67.5,-27,D,2013,10,28,301,0,2.62
-67.5,-27,D,2013,10,29,302,0,2.56
-67.5,-27,D,2013,10,30,303,0,3.05
-67.5,-27,D,2013,10,31,304,9.34,1.95
-67.5,-27,D,2013,11,1,305,12.7,3.17
-67.5,-27,D,2013,11,2,306,2.47,3.6
-67.5,-27,D,2013,11,3,307,0,4.15
-67.5,-27,D,2013,11,4,308,0,4.58
-67.5,-27,D,2013,11,5,309,0,5.13
-67.5,-27,D,2013,11,6,310,0,4.39
-67.5,-27,D,2013,11,7,311,0,3.66
-67.5,-27,D,2013,11,8,312,0,2.32
-67.5,-27,D,2013,11,9,313,0.02,1.22
-67.5,-27,D,2013,11,10,314,2.71,1.77
-67.5,-27,D,2013,11,11,315,0.29,2.26
-67.5,-27,D,2013,11,12,316,0,2.38
-67.5,-27,D,2013,11,13,317,0,3.48
-67.5,-27,D,2013,11,14,318,0,2.5
-67.5,-27,D,2013,11,15,319,0,2.56
-67.5,-27,D,2013,11,16,320,0,3.11
-67.5,-27,D,2013,11,17,321,0,3.05
-67.5,-27,D,2013,11,18,322,1.72,3.05
-67.5,-27,D,2013,11,19,323,0.39,4.09
-67.5,-27,D,2013,11,20,324,0.15,3.54
-67.5,-27,D,2013,11,21,325,0.03,4.09
-67.5,-27,D,2013,11,22,326,0,4.7
-67.5,-27,D,2013,11,23,327,0,5.31
-67.5,-27,D,2013,11,24,328,2.52,4.09
-67.5,-27,D,2013,11,25,329,3.95,5.62
-67.5,-27,D,2013,11,26,330,1.38,3.54
-67.5,-27,D,2013,11,27,331,0.1,3.48
-67.5,-27,D,2013,11,28,332,0.2,2.62
-67.5,-27,D,2013,11,29,333,0,3.97
-67.5,-27,D,2013,11,30,334,0.02,4.52
-67.5,-27,D,2013,12,1,335,0,3.36
-67.5,-27,D,2013,12,2,336,0.09,5.25
-67.5,-27,D,2013,12,3,337,1.46,8.12
-67.5,-27,D,2013,12,4,338,0.01,5.43
-67.5,-27,D,2013,12,5,339,15.27,6.47
-67.5,-27,D,2013,12,6,340,0.18,7.87
-67.5,-27,D,2013,12,7,341,0,7.08
-67.5,-27,D,2013,12,8,342,0.91,5.43
-67.5,-27,D,2013,12,9,343,5.49,4.64
-67.5,-27,D,2013,12,10,344,0.46,6.96
-67.5,-27,D,2013,12,11,345,2.54,6.96
-67.5,-27,D,2013,12,12,346,0.75,6.9
-67.5,-27,D,2013,12,13,347,2.13,5.74
-67.5,-27,D,2013,12,14,348,7.78,7.02
-67.5,-27,D,2013,12,15,349,2.23,7.87
-67.5,-27,D,2013,12,16,350,0.6,8.61
-67.5,-27,D,2013,12,17,351,30.29,8.79
-67.5,-27,D,2013,12,18,352,3.24,7.69
-67.5,-27,D,2013,12,19,353,15.44,8.42
-67.5,-27,D,2013,12,20,354,1.41,7.69
-67.5,-27,D,2013,12,21,355,0.24,8.12
-67.5,-27,D,2013,12,22,356,0.01,7.45
-67.5,-27,D,2013,12,23,357,0.02,7.81
-67.5,-27,D,2013,12,24,358,0,8.91
-67.5,-27,D,2013,12,25,359,0,9.34
-67.5,-27,D,2013,12,26,360,0,8
-67.5,-27,D,2013,12,27,361,0.01,7.87
-67.5,-27,D,2013,12,28,362,0.02,8.12
-67.5,-27,D,2013,12,29,363,0.02,7.75
-67.5,-27,D,2013,12,30,364,0.08,8.85
-67.5,-27,D,2013,12,31,365,2.65,9.03
-67.5,-27,D,2014,1,1,1,0.07,7.87
-67.5,-27,D,2014,1,2,2,13.7,8.42
-67.5,-27,D,2014,1,3,3,3.03,8
-67.5,-27,D,2014,1,4,4,0.05,6.53
-67.5,-27,D,2014,1,5,5,0,5.31
-67.5,-27,D,2014,1,6,6,0,5.92
-67.5,-27,D,2014,1,7,7,0,7.63
-67.5,-27,D,2014,1,8,8,0.26,8.42
-67.5,-27,D,2014,1,9,9,0.01,5.8
-67.5,-27,D,2014,1,10,10,9.39,8.36
-67.5,-27,D,2014,1,11,11,20.96,8.85
-67.5,-27,D,2014,1,12,12,2.58,6.9
-67.5,-27,D,2014,1,13,13,0.04,6.65
-67.5,-27,D,2014,1,14,14,0.01,7.2
-67.5,-27,D,2014,1,15,15,0,7.2
-67.5,-27,D,2014,1,16,16,0,6.9
-67.5,-27,D,2014,1,17,17,0.11,8.06
-67.5,-27,D,2014,1,18,18,10.41,7.57
-67.5,-27,D,2014,1,19,19,0.99,7.81
-67.5,-27,D,2014,1,20,20,0,8
-67.5,-27,D,2014,1,21,21,0,7.45
-67.5,-27,D,2014,1,22,22,0,9.46
-67.5,-27,D,2014,1,23,23,2.51,8.91
-67.5,-27,D,2014,1,24,24,16.4,8.97
-67.5,-27,D,2014,1,25,25,0.64,6.53
-67.5,-27,D,2014,1,26,26,0,6.41
-67.5,-27,D,2014,1,27,27,0,5.74
-67.5,-27,D,2014,1,28,28,11.08,6.65
-67.5,-27,D,2014,1,29,29,6.66,6.84
-67.5,-27,D,2014,1,30,30,0.16,6.53
-67.5,-27,D,2014,1,31,31,0,4.88
-67.5,-27,D,2014,2,1,32,4.62,5.55
-67.5,-27,D,2014,2,2,33,0.83,8.36
-67.5,-27,D,2014,2,3,34,0.27,8.54
-67.5,-27,D,2014,2,4,35,0.06,8.67
-67.5,-27,D,2014,2,5,36,3.5,7.93
-67.5,-27,D,2014,2,6,37,11.18,9.28
-67.5,-27,D,2014,2,7,38,0.03,8.24
-67.5,-27,D,2014,2,8,39,0,8.79
-67.5,-27,D,2014,2,9,40,13.72,9.09
-67.5,-27,D,2014,2,10,41,3.05,8.12
-67.5,-27,D,2014,2,11,42,2.84,8.3
-67.5,-27,D,2014,2,12,43,7.31,8.67
-67.5,-27,D,2014,2,13,44,7.15,7.32
-67.5,-27,D,2014,2,14,45,7.18,7.32
-67.5,-27,D,2014,2,15,46,4.83,5.68
-67.5,-27,D,2014,2,16,47,3.93,5.19
-67.5,-27,D,2014,2,17,48,8.98,6.65
-67.5,-27,D,2014,2,18,49,0.94,5.55
-67.5,-27,D,2014,2,19,50,0.63,5.98
-67.5,-27,D,2014,2,20,51,0.29,5.68
-67.5,-27,D,2014,2,21,52,25.25,6.47
-67.5,-27,D,2014,2,22,53,14.46,7.69
-67.5,-27,D,2014,2,23,54,0.64,5.98
-67.5,-27,D,2014,2,24,55,8,4.76
-67.5,-27,D,2014,2,25,56,10.26,5.13
-67.5,-27,D,2014,2,26,57,1.88,5
-67.5,-27,D,2014,2,27,58,0.06,4.52
-67.5,-27,D,2014,2,28,59,0,4.64
-67.5,-27,D,2014,3,1,60,13.28,4.03
-67.5,-27,D,2014,3,2,61,21.08,4.58
-67.5,-27,D,2014,3,3,62,0.04,4.58
-67.5,-27,D,2014,3,4,63,0,4.21
-67.5,-27,D,2014,3,5,64,4.53,4.58
-67.5,-27,D,2014,3,6,65,12.54,5.62
-67.5,-27,D,2014,3,7,66,0,7.02
-67.5,-27,D,2014,3,8,67,0,7.45
-67.5,-27,D,2014,3,9,68,6.45,5.49
-67.5,-27,D,2014,3,10,69,0.45,5.55
-67.5,-27,D,2014,3,11,70,0.16,4.94
-67.5,-27,D,2014,3,12,71,0.01,6.53
-67.5,-27,D,2014,3,13,72,0.02,5.49
-67.5,-27,D,2014,3,14,73,0.37,4.58
-67.5,-27,D,2014,3,15,74,0.28,4.15
-67.5,-27,D,2014,3,16,75,0,3.54
-67.5,-27,D,2014,3,17,76,8.43,5.43
-67.5,-27,D,2014,3,18,77,3.67,6.47
-67.5,-27,D,2014,3,19,78,1.31,4.09
-67.5,-27,D,2014,3,20,79,0,3.36
-67.5,-27,D,2014,3,21,80,0.36,4.82
-67.5,-27,D,2014,3,22,81,0.03,6.59
-67.5,-27,D,2014,3,23,82,0,5.8
-67.5,-27,D,2014,3,24,83,0,5.49
-67.5,-27,D,2014,3,25,84,1.23,6.77
-67.5,-27,D,2014,3,26,85,0.01,5.62
-67.5,-27,D,2014,3,27,86,0.03,4.88
-67.5,-27,D,2014,3,28,87,0.12,6.47
-67.5,-27,D,2014,3,29,88,0.6,5.25
-67.5,-27,D,2014,3,30,89,6.04,3.3
-67.5,-27,D,2014,3,31,90,0.98,3.11
-67.5,-27,D,2014,4,1,91,4.24,4.21
-67.5,-27,D,2014,4,2,92,1.76,4.46
-67.5,-27,D,2014,4,3,93,0.65,3.97
-67.5,-27,D,2014,4,4,94,0.43,5.19
-67.5,-27,D,2014,4,5,95,2.11,6.77
-67.5,-27,D,2014,4,6,96,1.2,6.84
-67.5,-27,D,2014,4,7,97,2.1,4.15
-67.5,-27,D,2014,4,8,98,2.1,3.3
-67.5,-27,D,2014,4,9,99,0,3.3
-67.5,-27,D,2014,4,10,100,2.8,3.66
-67.5,-27,D,2014,4,11,101,0.63,3.72
-67.5,-27,D,2014,4,12,102,0.66,3.66
-67.5,-27,D,2014,4,13,103,0.25,4.09
-67.5,-27,D,2014,4,14,104,0,3.23
-67.5,-27,D,2014,4,15,105,0,3.23
-67.5,-27,D,2014,4,16,106,0,2.75
-67.5,-27,D,2014,4,17,107,0.11,3.54
-67.5,-27,D,2014,4,18,108,0.05,2.87
-67.5,-27,D,2014,4,19,109,0.04,3.36
-67.5,-27,D,2014,4,20,110,0,3.23
-67.5,-27,D,2014,4,21,111,1.5,3.85
-67.5,-27,D,2014,4,22,112,0.63,5.13
-67.5,-27,D,2014,4,23,113,0.01,4.27
-67.5,-27,D,2014,4,24,114,0,4.88
-67.5,-27,D,2014,4,25,115,0,4.09
-67.5,-27,D,2014,4,26,116,0,2.5
-67.5,-27,D,2014,4,27,117,0,2.87
-67.5,-27,D,2014,4,28,118,0.45,3.36
-67.5,-27,D,2014,4,29,119,1.68,2.75
-67.5,-27,D,2014,4,30,120,0.58,2.26
-67.5,-27,D,2014,5,1,121,0,2.32
-67.5,-27,D,2014,5,2,122,0,2.38
-67.5,-27,D,2014,5,3,123,0.01,2.56
-67.5,-27,D,2014,5,4,124,0,2.38
-67.5,-27,D,2014,5,5,125,1.37,2.99
-67.5,-27,D,2014,5,6,126,4.45,3.42
-67.5,-27,D,2014,5,7,127,0.07,3.6
-67.5,-27,D,2014,5,8,128,0.24,4.52
-67.5,-27,D,2014,5,9,129,6.4,4.64
-67.5,-27,D,2014,5,10,130,5.96,3.91
-67.5,-27,D,2014,5,11,131,3.72,2.87
-67.5,-27,D,2014,5,12,132,0,2.2
-67.5,-27,D,2014,5,13,133,0.04,2.38
-67.5,-27,D,2014,5,14,134,0.01,2.2
-67.5,-27,D,2014,5,15,135,0.01,2.26
-67.5,-27,D,2014,5,16,136,0,2.01
-67.5,-27,D,2014,5,17,137,0,2.2
-67.5,-27,D,2014,5,18,138,0.41,2.01
-67.5,-27,D,2014,5,19,139,1.4,2.2
-67.5,-27,D,2014,5,20,140,0.02,1.59
-67.5,-27,D,2014,5,21,141,0.22,1.65
-67.5,-27,D,2014,5,22,142,1.72,2.38
-67.5,-27,D,2014,5,23,143,0.38,2.81
-67.5,-27,D,2014,5,24,144,0.11,3.05
-67.5,-27,D,2014,5,25,145,0.05,2.32
-67.5,-27,D,2014,5,26,146,0.05,1.95
-67.5,-27,D,2014,5,27,147,0.02,1.95
-67.5,-27,D,2014,5,28,148,0,1.65
-67.5,-27,D,2014,5,29,149,0,1.95
-67.5,-27,D,2014,5,30,150,0.06,2.32
-67.5,-27,D,2014,5,31,151,0,1.65
-67.5,-27,D,2014,6,1,152,0,1.4
-67.5,-27,D,2014,6,2,153,0.02,1.59
-67.5,-27,D,2014,6,3,154,0,1.22
-67.5,-27,D,2014,6,4,155,0,1.16
-67.5,-27,D,2014,6,5,156,0,1.16
-67.5,-27,D,2014,6,6,157,0,1.4
-67.5,-27,D,2014,6,7,158,0.12,1.16
-67.5,-27,D,2014,6,8,159,0,1.34
-67.5,-27,D,2014,6,9,160,0,1.71
-67.5,-27,D,2014,6,10,161,0.12,1.1
-67.5,-27,D,2014,6,11,162,0.03,1.22
-67.5,-27,D,2014,6,12,163,0.07,1.46
-67.5,-27,D,2014,6,13,164,0,1.46
-67.5,-27,D,2014,6,14,165,0,1.89
-67.5,-27,D,2014,6,15,166,0,1.89
-67.5,-27,D,2014,6,16,167,0,2.38
-67.5,-27,D,2014,6,17,168,0,2.08
-67.5,-27,D,2014,6,18,169,0.36,2.5
-67.5,-27,D,2014,6,19,170,0,2.38
-67.5,-27,D,2014,6,20,171,0,2.93
-67.5,-27,D,2014,6,21,172,0,2.01
-67.5,-27,D,2014,6,22,173,0,1.59
-67.5,-27,D,2014,6,23,174,0.02,1.46
-67.5,-27,D,2014,6,24,175,0,1.53
-67.5,-27,D,2014,6,25,176,6.94,1.65
-67.5,-27,D,2014,6,26,177,2.5,2.01
-67.5,-27,D,2014,6,27,178,5.29,2.5
-67.5,-27,D,2014,6,28,179,0,1.59
-67.5,-27,D,2014,6,29,180,0,1.34
-67.5,-27,D,2014,6,30,181,0,1.34
-67.5,-27,D,2014,7,1,182,0,1.34
-67.5,-27,D,2014,7,2,183,0,1.59
-67.5,-27,D,2014,7,3,184,0,1.65
-67.5,-27,D,2014,7,4,185,0.22,1.89
-67.5,-27,D,2014,7,5,186,1.1,1.28
-67.5,-27,D,2014,7,6,187,0,1.28
-67.5,-27,D,2014,7,7,188,0.01,1.53
-67.5,-27,D,2014,7,8,189,0.01,1.71
-67.5,-27,D,2014,7,9,190,0,1.53
-67.5,-27,D,2014,7,10,191,0,1.53
-67.5,-27,D,2014,7,11,192,0,1.28
-67.5,-27,D,2014,7,12,193,0,1.53
-67.5,-27,D,2014,7,13,194,0,1.95
-67.5,-27,D,2014,7,14,195,0,2.14
-67.5,-27,D,2014,7,15,196,0,1.65
-67.5,-27,D,2014,7,16,197,0.02,1.46
-67.5,-27,D,2014,7,17,198,0,2.14
-67.5,-27,D,2014,7,18,199,0.02,1.95
-67.5,-27,D,2014,7,19,200,0,1.53
-67.5,-27,D,2014,7,20,201,0,1.4
-67.5,-27,D,2014,7,21,202,0,1.28
-67.5,-27,D,2014,7,22,203,0.73,1.77
-67.5,-27,D,2014,7,23,204,1.13,1.89
-67.5,-27,D,2014,7,24,205,0.03,1.59
-67.5,-27,D,2014,7,25,206,0,1.28
-67.5,-27,D,2014,7,26,207,0,1.65
-67.5,-27,D,2014,7,27,208,0,1.83
-67.5,-27,D,2014,7,28,209,0,2.2
-67.5,-27,D,2014,7,29,210,0,2.32
-67.5,-27,D,2014,7,30,211,0,2.08
-67.5,-27,D,2014,7,31,212,0,2.32
-67.5,-27,D,2014,8,1,213,0.02,1.46
-67.5,-27,D,2014,8,2,214,0,1.77
-67.5,-27,D,2014,8,3,215,0,1.65
-67.5,-27,D,2014,8,4,216,0,1.95
-67.5,-27,D,2014,8,5,217,0.04,1.4
-67.5,-27,D,2014,8,6,218,0,1.65
-67.5,-27,D,2014,8,7,219,0,2.99
-67.5,-27,D,2014,8,8,220,0,2.5
-67.5,-27,D,2014,8,9,221,0,1.83
-67.5,-27,D,2014,8,10,222,0,1.89
-67.5,-27,D,2014,8,11,223,0,1.53
-67.5,-27,D,2014,8,12,224,0.01,1.89
-67.5,-27,D,2014,8,13,225,0.17,2.26
-67.5,-27,D,2014,8,14,226,0.02,1.83
-67.5,-27,D,2014,8,15,227,0,2.32
-67.5,-27,D,2014,8,16,228,0,2.32
-67.5,-27,D,2014,8,17,229,0,2.56
-67.5,-27,D,2014,8,18,230,0,2.2
-67.5,-27,D,2014,8,19,231,0,1.89
-67.5,-27,D,2014,8,20,232,0,1.83
-67.5,-27,D,2014,8,21,233,0,1.65
-67.5,-27,D,2014,8,22,234,0,1.95
-67.5,-27,D,2014,8,23,235,0.05,1.34
-67.5,-27,D,2014,8,24,236,0,0.98
-67.5,-27,D,2014,8,25,237,0,1.34
-67.5,-27,D,2014,8,26,238,0,1.4
-67.5,-27,D,2014,8,27,239,0,1.53
-67.5,-27,D,2014,8,28,240,0,1.89
-67.5,-27,D,2014,8,29,241,0,1.59
-67.5,-27,D,2014,8,30,242,0,1.4
-67.5,-27,D,2014,8,31,243,0,1.83
-67.5,-27,D,2014,9,1,244,0,1.83
-67.5,-27,D,2014,9,2,245,0.01,2.32
-67.5,-27,D,2014,9,3,246,1.25,1.83
-67.5,-27,D,2014,9,4,247,3.94,1.89
-67.5,-27,D,2014,9,5,248,0,1.77
-67.5,-27,D,2014,9,6,249,0,1.4
-67.5,-27,D,2014,9,7,250,0,1.71
-67.5,-27,D,2014,9,8,251,0,1.28
-67.5,-27,D,2014,9,9,252,0,1.04
-67.5,-27,D,2014,9,10,253,0,1.04
-67.5,-27,D,2014,9,11,254,0,1.22
-67.5,-27,D,2014,9,12,255,0.04,1.95
-67.5,-27,D,2014,9,13,256,0.11,2.69
-67.5,-27,D,2014,9,14,257,0,2.32
-67.5,-27,D,2014,9,15,258,0.02,2.2
-67.5,-27,D,2014,9,16,259,0,1.53
-67.5,-27,D,2014,9,17,260,0,1.95
-67.5,-27,D,2014,9,18,261,0.23,2.44
-67.5,-27,D,2014,9,19,262,0.32,2.38
-67.5,-27,D,2014,9,20,263,0.52,2.62
-67.5,-27,D,2014,9,21,264,0,2.26
-67.5,-27,D,2014,9,22,265,0,1.4
-67.5,-27,D,2014,9,23,266,0,1.46
-67.5,-27,D,2014,9,24,267,0,1.16
-67.5,-27,D,2014,9,25,268,0,1.16
-67.5,-27,D,2014,9,26,269,0,1.22
-67.5,-27,D,2014,9,27,270,0,1.1
-67.5,-27,D,2014,9,28,271,0,1.28
-67.5,-27,D,2014,9,29,272,0,1.34
-67.5,-27,D,2014,9,30,273,0.65,2.01
-67.5,-27,D,2014,10,1,274,0.48,3.42
-67.5,-27,D,2014,10,2,275,0.15,3.66
-67.5,-27,D,2014,10,3,276,0.55,3.6
-67.5,-27,D,2014,10,4,277,5.98,2.44
-67.5,-27,D,2014,10,5,278,0.71,1.77
-67.5,-27,D,2014,10,6,279,0,2.44
-67.5,-27,D,2014,10,7,280,0.02,2.99
-67.5,-27,D,2014,10,8,281,0,2.32
-67.5,-27,D,2014,10,9,282,2.59,3.3
-67.5,-27,D,2014,10,10,283,0.22,3.54
-67.5,-27,D,2014,10,11,284,0,2.44
-67.5,-27,D,2014,10,12,285,0,2.26
-67.5,-27,D,2014,10,13,286,0,2.08
-67.5,-27,D,2014,10,14,287,0,3.85
-67.5,-27,D,2014,10,15,288,0,3.17
-67.5,-27,D,2014,10,16,289,0.92,4.33
-67.5,-27,D,2014,10,17,290,0.33,3.42
-67.5,-27,D,2014,10,18,291,2.83,2.75
-67.5,-27,D,2014,10,19,292,1.57,3.85
-67.5,-27,D,2014,10,20,293,0.04,4.33
-67.5,-27,D,2014,10,21,294,0,5.13
-67.5,-27,D,2014,10,22,295,0.73,6.29
-67.5,-27,D,2014,10,23,296,0.65,5.92
-67.5,-27,D,2014,10,24,297,0,5.49
-67.5,-27,D,2014,10,25,298,0,5.25
-67.5,-27,D,2014,10,26,299,1.67,5.43
-67.5,-27,D,2014,10,27,300,0.19,4.33
-67.5,-27,D,2014,10,28,301,0.04,6.16
-67.5,-27,D,2014,10,29,302,0.24,2.32
-67.5,-27,D,2014,10,30,303,0.17,2.14
-67.5,-27,D,2014,10,31,304,4.91,2.32
-67.5,-27,D,2014,11,1,305,5.4,3.78
-67.5,-27,D,2014,11,2,306,1.66,3.05
-67.5,-27,D,2014,11,3,307,0.79,2.14
-67.5,-27,D,2014,11,4,308,0.11,2.44
-67.5,-27,D,2014,11,5,309,0,1.22
-67.5,-27,D,2014,11,6,310,0,1.65
-67.5,-27,D,2014,11,7,311,0.29,3.3
-67.5,-27,D,2014,11,8,312,0.1,3.72
-67.5,-27,D,2014,11,9,313,0,3.54
-67.5,-27,D,2014,11,10,314,3.8,2.69
-67.5,-27,D,2014,11,11,315,1.92,2.75
-67.5,-27,D,2014,11,12,316,7.35,4.64
-67.5,-27,D,2014,11,13,317,2.9,5.07
-67.5,-27,D,2014,11,14,318,0,3.23
-67.5,-27,D,2014,11,15,319,0,2.99
-67.5,-27,D,2014,11,16,320,0,5.07
-67.5,-27,D,2014,11,17,321,0,5.74
-67.5,-27,D,2014,11,18,322,0,3.91
-67.5,-27,D,2014,11,19,323,3.64,3.91
-67.5,-27,D,2014,11,20,324,3.58,3.36
-67.5,-27,D,2014,11,21,325,3.94,2.93
-67.5,-27,D,2014,11,22,326,0.08,3.97
-67.5,-27,D,2014,11,23,327,0,4.21
-67.5,-27,D,2014,11,24,328,3.84,3.54
-67.5,-27,D,2014,11,25,329,0.73,3.85
-67.5,-27,D,2014,11,26,330,0.14,3.85
-67.5,-27,D,2014,11,27,331,0.11,5
-67.5,-27,D,2014,11,28,332,0,5.55
-67.5,-27,D,2014,11,29,333,4.76,3.42
-67.5,-27,D,2014,11,30,334,1.85,3.42
-67.5,-27,D,2014,12,1,335,0,3.36
-67.5,-27,D,2014,12,2,336,0,2.56
-67.5,-27,D,2014,12,3,337,0,2.69
-67.5,-27,D,2014,12,4,338,0,4.03
-67.5,-27,D,2014,12,5,339,0,4.27
-67.5,-27,D,2014,12,6,340,0,4.39
-67.5,-27,D,2014,12,7,341,10.52,6.77
-67.5,-27,D,2014,12,8,342,0.37,7.2
-67.5,-27,D,2014,12,9,343,2.07,6.1
-67.5,-27,D,2014,12,10,344,13.83,8.06
-67.5,-27,D,2014,12,11,345,1.76,7.26
-67.5,-27,D,2014,12,12,346,0.57,5.86
-67.5,-27,D,2014,12,13,347,13.42,6.1
-67.5,-27,D,2014,12,14,348,8.05,6.65
-67.5,-27,D,2014,12,15,349,7.77,4.33
-67.5,-27,D,2014,12,16,350,1.52,4.64
-67.5,-27,D,2014,12,17,351,0.96,5.68
-67.5,-27,D,2014,12,18,352,0.22,6.35
-67.5,-27,D,2014,12,19,353,0.02,4.15
-67.5,-27,D,2014,12,20,354,0,2.2
-67.5,-27,D,2014,12,21,355,12.12,2.75
-67.5,-27,D,2014,12,22,356,0.56,3.97
-67.5,-27,D,2014,12,23,357,0.02,4.82
-67.5,-27,D,2014,12,24,358,0,3.6
-67.5,-27,D,2014,12,25,359,0,4.39
-67.5,-27,D,2014,12,26,360,0,5.25
-67.5,-27,D,2014,12,27,361,0.15,5.86
-67.5,-27,D,2014,12,28,362,4.89,6.41
-67.5,-27,D,2014,12,29,363,2.53,7.2
-67.5,-27,D,2014,12,30,364,0.14,7.32
-67.5,-27,D,2014,12,31,365,0.72,4.33
-67.5,-27,D,2015,1,1,1,13.25,4.88
-67.5,-27,D,2015,1,2,2,0.06,5.31
-67.5,-27,D,2015,1,3,3,3.42,4.52
-67.5,-27,D,2015,1,4,4,1.98,7.08
-67.5,-27,D,2015,1,5,5,0.03,6.53
-67.5,-27,D,2015,1,6,6,0.54,7.45
-67.5,-27,D,2015,1,7,7,1.03,7.81
-67.5,-27,D,2015,1,8,8,0.27,7.32
-67.5,-27,D,2015,1,9,9,0,8.36
-67.5,-27,D,2015,1,10,10,3.59,7.87
-67.5,-27,D,2015,1,11,11,0.84,7.39
-67.5,-27,D,2015,1,12,12,0.12,7.2
-67.5,-27,D,2015,1,13,13,0,6.47
-67.5,-27,D,2015,1,14,14,2.45,7.87
-67.5,-27,D,2015,1,15,15,2.66,7.63
-67.5,-27,D,2015,1,16,16,1.62,7.75
-67.5,-27,D,2015,1,17,17,1.79,9.16
-67.5,-27,D,2015,1,18,18,0.03,7.93
-67.5,-27,D,2015,1,19,19,18.22,8.85
-67.5,-27,D,2015,1,20,20,36.48,8.18
-67.5,-27,D,2015,1,21,21,0.04,8.54
-67.5,-27,D,2015,1,22,22,0,8.12
-67.5,-27,D,2015,1,23,23,0,9.7
-67.5,-27,D,2015,1,24,24,0.46,8.85
-67.5,-27,D,2015,1,25,25,0.09,7.87
-67.5,-27,D,2015,1,26,26,16.39,8.54
-67.5,-27,D,2015,1,27,27,4.01,8
-67.5,-27,D,2015,1,28,28,9.62,8.36
-67.5,-27,D,2015,1,29,29,4.68,9.34
-67.5,-27,D,2015,1,30,30,0.64,9.28
-67.5,-27,D,2015,1,31,31,0.04,9.4
-67.5,-27,D,2015,2,1,32,0,9.09
-67.5,-27,D,2015,2,2,33,0,10.07
-67.5,-27,D,2015,2,3,34,0,8.67
-67.5,-27,D,2015,2,4,35,7.31,9.64
-67.5,-27,D,2015,2,5,36,4.57,9.77
-67.5,-27,D,2015,2,6,37,1.27,8.67
-67.5,-27,D,2015,2,7,38,0.37,9.16
-67.5,-27,D,2015,2,8,39,7.42,7.63
-67.5,-27,D,2015,2,9,40,10.44,8.73
-67.5,-27,D,2015,2,10,41,10.5,7.93
-67.5,-27,D,2015,2,11,42,0.58,7.32
-67.5,-27,D,2015,2,12,43,0.47,7.51
-67.5,-27,D,2015,2,13,44,0.31,8.3
-67.5,-27,D,2015,2,14,45,2.58,7.93
-67.5,-27,D,2015,2,15,46,7.96,9.7
-67.5,-27,D,2015,2,16,47,2.89,8.85
-67.5,-27,D,2015,2,17,48,0.69,8.24
-67.5,-27,D,2015,2,18,49,8.87,5.25
-67.5,-27,D,2015,2,19,50,2.45,5.13
-67.5,-27,D,2015,2,20,51,1.54,4.7
-67.5,-27,D,2015,2,21,52,0.69,4.64
-67.5,-27,D,2015,2,22,53,0.12,5.92
-67.5,-27,D,2015,2,23,54,0.44,8.12
-67.5,-27,D,2015,2,24,55,0.2,8.18
-67.5,-27,D,2015,2,25,56,25.01,6.23
-67.5,-27,D,2015,2,26,57,7.4,7.2
-67.5,-27,D,2015,2,27,58,9.77,6.9
-67.5,-27,D,2015,2,28,59,4,6.96
-67.5,-27,D,2015,3,1,60,0.37,5.55
-67.5,-27,D,2015,3,2,61,0.44,7.63
-67.5,-27,D,2015,3,3,62,7.38,6.84
-67.5,-27,D,2015,3,4,63,4.23,8.24
-67.5,-27,D,2015,3,5,64,1.31,8.24
-67.5,-27,D,2015,3,6,65,9.27,9.09
-67.5,-27,D,2015,3,7,66,4.01,10.19
-67.5,-27,D,2015,3,8,67,1.25,10.44
-67.5,-27,D,2015,3,9,68,0.22,11.05
-67.5,-27,D,2015,3,10,69,0,9.89
-67.5,-27,D,2015,3,11,70,0,10.19
-67.5,-27,D,2015,3,12,71,0,8.91
-67.5,-27,D,2015,3,13,72,2.89,9.83
-67.5,-27,D,2015,3,14,73,9.87,10.62
-67.5,-27,D,2015,3,15,74,2.57,9.64
-67.5,-27,D,2015,3,16,75,0.43,9.77
-67.5,-27,D,2015,3,17,76,0.93,9.58
-67.5,-27,D,2015,3,18,77,0.47,8.97
-67.5,-27,D,2015,3,19,78,0.01,8.61
-67.5,-27,D,2015,3,20,79,4.29,8.73
-67.5,-27,D,2015,3,21,80,3.18,7.57
-67.5,-27,D,2015,3,22,81,0.15,7.08
-67.5,-27,D,2015,3,23,82,1.74,6.47
-67.5,-27,D,2015,3,24,83,7.85,6.77
-67.5,-27,D,2015,3,25,84,10.77,6.35
-67.5,-27,D,2015,3,26,85,1.27,5.31
-67.5,-27,D,2015,3,27,86,0.03,4.64
-67.5,-27,D,2015,3,28,87,0,4.15
-67.5,-27,D,2015,3,29,88,0,4.03
-67.5,-27,D,2015,3,30,89,4.87,4.64
-67.5,-27,D,2015,3,31,90,5.61,5.49
-67.5,-27,D,2015,4,1,91,0.08,4.88
-67.5,-27,D,2015,4,2,92,0,6.04
-67.5,-27,D,2015,4,3,93,0.8,4.76
-67.5,-27,D,2015,4,4,94,0.02,3.48
-67.5,-27,D,2015,4,5,95,0,4.27
-67.5,-27,D,2015,4,6,96,0,5.74
-67.5,-27,D,2015,4,7,97,0,3.54
-67.5,-27,D,2015,4,8,98,0,3.91
-67.5,-27,D,2015,4,9,99,0,4.88
-67.5,-27,D,2015,4,10,100,0,6.77
-67.5,-27,D,2015,4,11,101,0,7.14
-67.5,-27,D,2015,4,12,102,3.37,6.47
-67.5,-27,D,2015,4,13,103,0.09,4.09
-67.5,-27,D,2015,4,14,104,1.69,3.72
-67.5,-27,D,2015,4,15,105,0.52,4.27
-67.5,-27,D,2015,4,16,106,0.19,2.99
-67.5,-27,D,2015,4,17,107,0.4,3.36
-67.5,-27,D,2015,4,18,108,0.01,3.66
-67.5,-27,D,2015,4,19,109,0,2.62
-67.5,-27,D,2015,4,20,110,0.86,3.23
-67.5,-27,D,2015,4,21,111,4.12,3.78
-67.5,-27,D,2015,4,22,112,1.44,3.85
-67.5,-27,D,2015,4,23,113,0.01,3.23
-67.5,-27,D,2015,4,24,114,0,3.3
-67.5,-27,D,2015,4,25,115,0,5
-67.5,-27,D,2015,4,26,116,0,4.94
-67.5,-27,D,2015,4,27,117,0.23,5.13
-67.5,-27,D,2015,4,28,118,2.56,6.47
-67.5,-27,D,2015,4,29,119,0.03,4.7
-67.5,-27,D,2015,4,30,120,0.02,5.19
-67.5,-27,D,2015,5,1,121,0,3.11
-67.5,-27,D,2015,5,2,122,0.56,2.26
-67.5,-27,D,2015,5,3,123,1.9,2.38
-67.5,-27,D,2015,5,4,124,0,2.14
-67.5,-27,D,2015,5,5,125,0,2.14
-67.5,-27,D,2015,5,6,126,0,3.11
-67.5,-27,D,2015,5,7,127,0,3.17
-67.5,-27,D,2015,5,8,128,0,2.38
-67.5,-27,D,2015,5,9,129,0,2.75
-67.5,-27,D,2015,5,10,130,0,3.05
-67.5,-27,D,2015,5,11,131,0,2.93
-67.5,-27,D,2015,5,12,132,0,2.69
-67.5,-27,D,2015,5,13,133,0.04,2.81
-67.5,-27,D,2015,5,14,134,0,2.69
-67.5,-27,D,2015,5,15,135,0,2.69
-67.5,-27,D,2015,5,16,136,0,2.32
-67.5,-27,D,2015,5,17,137,0,1.83
-67.5,-27,D,2015,5,18,138,0,2.38
-67.5,-27,D,2015,5,19,139,0,2.38
-67.5,-27,D,2015,5,20,140,0,2.14
-67.5,-27,D,2015,5,21,141,0,2.08
-67.5,-27,D,2015,5,22,142,0,3.05
-67.5,-27,D,2015,5,23,143,0.17,2.75
-67.5,-27,D,2015,5,24,144,1.16,3.05
-67.5,-27,D,2015,5,25,145,2.16,3.23
-67.5,-27,D,2015,5,26,146,1.91,4.21
-67.5,-27,D,2015,5,27,147,0,3.3
-67.5,-27,D,2015,5,28,148,0,2.2
-67.5,-27,D,2015,5,29,149,0,2.01
-67.5,-27,D,2015,5,30,150,0,1.59
-67.5,-27,D,2015,5,31,151,0,1.46
-67.5,-27,D,2015,6,1,152,0,1.46
-67.5,-27,D,2015,6,2,153,0,1.53
-67.5,-27,D,2015,6,3,154,0,2.14
-67.5,-27,D,2015,6,4,155,0,2.01
-67.5,-27,D,2015,6,5,156,0,1.71
-67.5,-27,D,2015,6,6,157,0,1.71
-67.5,-27,D,2015,6,7,158,0,1.71
-67.5,-27,D,2015,6,8,159,0,1.65
-67.5,-27,D,2015,6,9,160,0,1.71
-67.5,-27,D,2015,6,10,161,0,1.71
-67.5,-27,D,2015,6,11,162,1.29,2.38
-67.5,-27,D,2015,6,12,163,0,1.59
-67.5,-27,D,2015,6,13,164,0,1.46
-67.5,-27,D,2015,6,14,165,0,1.77
-67.5,-27,D,2015,6,15,166,0,1.83
-67.5,-27,D,2015,6,16,167,0,1.1
-67.5,-27,D,2015,6,17,168,0,1.65
-67.5,-27,D,2015,6,18,169,0,1.65
-67.5,-27,D,2015,6,19,170,0,1.65
-67.5,-27,D,2015,6,20,171,0,1.95
-67.5,-27,D,2015,6,21,172,0,1.83
-67.5,-27,D,2015,6,22,173,0,2.08
-67.5,-27,D,2015,6,23,174,0,2.08
-67.5,-27,D,2015,6,24,175,0,1.77
-67.5,-27,D,2015,6,25,176,0,1.34
-67.5,-27,D,2015,6,26,177,0,1.77
-67.5,-27,D,2015,6,27,178,0.01,1.65
-67.5,-27,D,2015,6,28,179,0,1.89
-67.5,-27,D,2015,6,29,180,0,1.46
-67.5,-27,D,2015,6,30,181,0,1.34
-67.5,-27,D,2015,7,1,182,0,1.34
-67.5,-27,D,2015,7,2,183,0.07,1.83
-67.5,-27,D,2015,7,3,184,2.87,2.62
-67.5,-27,D,2015,7,4,185,1.31,2.08
-67.5,-27,D,2015,7,5,186,0.13,2.08
-67.5,-27,D,2015,7,6,187,0,2.56
-67.5,-27,D,2015,7,7,188,0,2.56
-67.5,-27,D,2015,7,8,189,0,1.83
-67.5,-27,D,2015,7,9,190,0,1.28
-67.5,-27,D,2015,7,10,191,0,1.46
-67.5,-27,D,2015,7,11,192,0,1.53
-67.5,-27,D,2015,7,12,193,0,1.22
-67.5,-27,D,2015,7,13,194,3.63,1.77
-67.5,-27,D,2015,7,14,195,0.07,1.83
-67.5,-27,D,2015,7,15,196,0.12,1.04
-67.5,-27,D,2015,7,16,197,0,1.4
-67.5,-27,D,2015,7,17,198,0,1.46
-67.5,-27,D,2015,7,18,199,0,1.28
-67.5,-27,D,2015,7,19,200,0,1.34
-67.5,-27,D,2015,7,20,201,0,1.71
-67.5,-27,D,2015,7,21,202,0.18,1.34
-67.5,-27,D,2015,7,22,203,0,1.83
-67.5,-27,D,2015,7,23,204,0,2.08
-67.5,-27,D,2015,7,24,205,0,1.59
-67.5,-27,D,2015,7,25,206,0,1.28
-67.5,-27,D,2015,7,26,207,0,1.59
-67.5,-27,D,2015,7,27,208,0,1.34
-67.5,-27,D,2015,7,28,209,0,1.28
-67.5,-27,D,2015,7,29,210,0,1.83
-67.5,-27,D,2015,7,30,211,0,1.22
-67.5,-27,D,2015,7,31,212,0,1.16
-67.5,-27,D,2015,8,1,213,0,1.16
-67.5,-27,D,2015,8,2,214,0,1.4
-67.5,-27,D,2015,8,3,215,0,2.5
-67.5,-27,D,2015,8,4,216,0,2.01
-67.5,-27,D,2015,8,5,217,0.42,2.75
-67.5,-27,D,2015,8,6,218,0,2.14
-67.5,-27,D,2015,8,7,219,0,2.32
-67.5,-27,D,2015,8,8,220,0,2.38
-67.5,-27,D,2015,8,9,221,5.67,2.26
-67.5,-27,D,2015,8,10,222,2.35,1.65
-67.5,-27,D,2015,8,11,223,1.79,2.01
-67.5,-27,D,2015,8,12,224,4.91,1.95
-67.5,-27,D,2015,8,13,225,2.48,1.53
-67.5,-27,D,2015,8,14,226,2.7,1.65
-67.5,-27,D,2015,8,15,227,1.45,1.46
-67.5,-27,D,2015,8,16,228,11.16,2.32
-67.5,-27,D,2015,8,17,229,0,1.46
-67.5,-27,D,2015,8,18,230,0,1.65
-67.5,-27,D,2015,8,19,231,0,2.5
-67.5,-27,D,2015,8,20,232,0,2.5
-67.5,-27,D,2015,8,21,233,0,1.89
-67.5,-27,D,2015,8,22,234,0,2.32
-67.5,-27,D,2015,8,23,235,0,2.62
-67.5,-27,D,2015,8,24,236,0,2.32
-67.5,-27,D,2015,8,25,237,0,1.83
-67.5,-27,D,2015,8,26,238,0,1.4
-67.5,-27,D,2015,8,27,239,0,1.83
-67.5,-27,D,2015,8,28,240,0,2.87
-67.5,-27,D,2015,8,29,241,0,2.75
-67.5,-27,D,2015,8,30,242,0,2.32
-67.5,-27,D,2015,8,31,243,0,3.05
-67.5,-27,D,2015,9,1,244,0,4.76
-67.5,-27,D,2015,9,2,245,0,3.05
-67.5,-27,D,2015,9,3,246,0,3.11
-67.5,-27,D,2015,9,4,247,0,2.44
-67.5,-27,D,2015,9,5,248,0,3.05
-67.5,-27,D,2015,9,6,249,0,2.32
-67.5,-27,D,2015,9,7,250,0,1.71
-67.5,-27,D,2015,9,8,251,0,1.16
-67.5,-27,D,2015,9,9,252,0,1.34
-67.5,-27,D,2015,9,10,253,0,1.71
-67.5,-27,D,2015,9,11,254,0,1.77
-67.5,-27,D,2015,9,12,255,0,1.46
-67.5,-27,D,2015,9,13,256,0,1.34
-67.5,-27,D,2015,9,14,257,0,1.28
-67.5,-27,D,2015,9,15,258,0,1.28
-67.5,-27,D,2015,9,16,259,0,1.71
-67.5,-27,D,2015,9,17,260,0,1.83
-67.5,-27,D,2015,9,18,261,0,1.83
-67.5,-27,D,2015,9,19,262,0,2.14
-67.5,-27,D,2015,9,20,263,0,2.14
-67.5,-27,D,2015,9,21,264,0,2.26
-67.5,-27,D,2015,9,22,265,1.44,1.77
-67.5,-27,D,2015,9,23,266,2.84,1.89
-67.5,-27,D,2015,9,24,267,1.26,1.1
-67.5,-27,D,2015,9,25,268,0,1.4
-67.5,-27,D,2015,9,26,269,0,1.28
-67.5,-27,D,2015,9,27,270,0,1.77
-67.5,-27,D,2015,9,28,271,0,2.26
-67.5,-27,D,2015,9,29,272,0.8,3.66
-67.5,-27,D,2015,9,30,273,0.05,2.93
-67.5,-27,D,2015,10,1,274,0,2.26
-67.5,-27,D,2015,10,2,275,0,2.81
-67.5,-27,D,2015,10,3,276,0,2.26
-67.5,-27,D,2015,10,4,277,0,1.4
-67.5,-27,D,2015,10,5,278,0,1.16
-67.5,-27,D,2015,10,6,279,0,0.98
-67.5,-27,D,2015,10,7,280,0,1.22
-67.5,-27,D,2015,10,8,281,0.08,2.44
-67.5,-27,D,2015,10,9,282,2.39,3.11
-67.5,-27,D,2015,10,10,283,0.76,2.93
-67.5,-27,D,2015,10,11,284,0.16,2.99
-67.5,-27,D,2015,10,12,285,0,1.53
-67.5,-27,D,2015,10,13,286,0,1.34
-67.5,-27,D,2015,10,14,287,0,1.16
-67.5,-27,D,2015,10,15,288,0,0.85
-67.5,-27,D,2015,10,16,289,0,1.46
-67.5,-27,D,2015,10,17,290,0,3.05
-67.5,-27,D,2015,10,18,291,0.16,4.82
-67.5,-27,D,2015,10,19,292,0.02,3.72
-67.5,-27,D,2015,10,20,293,0.24,2.75
-67.5,-27,D,2015,10,21,294,4.23,3.17
-67.5,-27,D,2015,10,22,295,0,2.44
-67.5,-27,D,2015,10,23,296,0,3.42
-67.5,-27,D,2015,10,24,297,0,2.81
-67.5,-27,D,2015,10,25,298,0,2.26
-67.5,-27,D,2015,10,26,299,0,2.44
-67.5,-27,D,2015,10,27,300,1.03,3.54
-67.5,-27,D,2015,10,28,301,0.02,3.23
-67.5,-27,D,2015,10,29,302,6.07,2.81
-67.5,-27,D,2015,10,30,303,1.13,3.42
-67.5,-27,D,2015,10,31,304,7.55,4.76
-67.5,-27,D,2015,11,1,305,10.78,4.46
-67.5,-27,D,2015,11,2,306,2.24,2.87
-67.5,-27,D,2015,11,3,307,13.79,2.62
-67.5,-27,D,2015,11,4,308,6.81,2.93
-67.5,-27,D,2015,11,5,309,1.33,3.3
-67.5,-27,D,2015,11,6,310,0.35,3.23
-67.5,-27,D,2015,11,7,311,0,1.77
-67.5,-27,D,2015,11,8,312,0,2.14
-67.5,-27,D,2015,11,9,313,0.16,1.89
-67.5,-27,D,2015,11,10,314,3.41,2.38
-67.5,-27,D,2015,11,11,315,1.87,2.5
-67.5,-27,D,2015,11,12,316,1.14,1.95
-67.5,-27,D,2015,11,13,317,0,3.11
-67.5,-27,D,2015,11,14,318,0,4.27
-67.5,-27,D,2015,11,15,319,0,3.6
-67.5,-27,D,2015,11,16,320,0.22,2.38
-67.5,-27,D,2015,11,17,321,1.88,2.44
-67.5,-27,D,2015,11,18,322,1.12,2.2
-67.5,-27,D,2015,11,19,323,0.34,2.14
-67.5,-27,D,2015,11,20,324,3.9,2.26
-67.5,-27,D,2015,11,21,325,0,1.71
-67.5,-27,D,2015,11,22,326,0,1.4
-67.5,-27,D,2015,11,23,327,0,1.4
-67.5,-27,D,2015,11,24,328,0,1.4
-67.5,-27,D,2015,11,25,329,0,3.23
-67.5,-27,D,2015,11,26,330,0.58,3.05
-67.5,-27,D,2015,11,27,331,3.27,3.05
-67.5,-27,D,2015,11,28,332,0.75,3.85
-67.5,-27,D,2015,11,29,333,0.02,4.52
-67.5,-27,D,2015,11,30,334,0,4.03
-67.5,-27,D,2015,12,1,335,0,3.36
-67.5,-27,D,2015,12,2,336,0,3.97
-67.5,-27,D,2015,12,3,337,0.63,3.91
-67.5,-27,D,2015,12,4,338,13.28,5.25
-67.5,-27,D,2015,12,5,339,6.71,6.65
-67.5,-27,D,2015,12,6,340,0.12,5.55
-67.5,-27,D,2015,12,7,341,0,6.29
-67.5,-27,D,2015,12,8,342,1.61,4.46
-67.5,-27,D,2015,12,9,343,1.15,5.37
-67.5,-27,D,2015,12,10,344,0.02,4.7
-67.5,-27,D,2015,12,11,345,0,3.48
-67.5,-27,D,2015,12,12,346,0.42,2.2
-67.5,-27,D,2015,12,13,347,0.14,1.89
-67.5,-27,D,2015,12,14,348,0,2.26
-67.5,-27,D,2015,12,15,349,0,4.58
-67.5,-27,D,2015,12,16,350,0,3.36
-67.5,-27,D,2015,12,17,351,5.91,2.87
-67.5,-27,D,2015,12,18,352,15.74,4.7
-67.5,-27,D,2015,12,19,353,4.97,3.97
-67.5,-27,D,2015,12,20,354,0,2.81
-67.5,-27,D,2015,12,21,355,0,2.93
-67.5,-27,D,2015,12,22,356,0,3.11
-67.5,-27,D,2015,12,23,357,9.63,4.15
-67.5,-27,D,2015,12,24,358,11.7,7.69
-67.5,-27,D,2015,12,25,359,0.01,6.77
-67.5,-27,D,2015,12,26,360,0,7.02
-67.5,-27,D,2015,12,27,361,3.32,8.61
-67.5,-27,D,2015,12,28,362,3.44,7.45
-67.5,-27,D,2015,12,29,363,0.06,7.02
-67.5,-27,D,2015,12,30,364,13.26,7.32
-67.5,-27,D,2015,12,31,365,5.32,5.86
-67.5,-27,D,2016,1,1,1,1.09,5.86
-67.5,-27,D,2016,1,2,2,0.26,6.71
-67.5,-27,D,2016,1,3,3,5.72,5.68
-67.5,-27,D,2016,1,4,4,2.79,6.59
-67.5,-27,D,2016,1,5,5,9.22,7.69
-67.5,-27,D,2016,1,6,6,3.89,7.75
-67.5,-27,D,2016,1,7,7,15.73,7.57
-67.5,-27,D,2016,1,8,8,12.88,6.29
-67.5,-27,D,2016,1,9,9,7.7,9.03
-67.5,-27,D,2016,1,10,10,0.65,7.87
-67.5,-27,D,2016,1,11,11,2.76,9.28
-67.5,-27,D,2016,1,12,12,4.84,5.92
-67.5,-27,D,2016,1,13,13,15.62,8.91
-67.5,-27,D,2016,1,14,14,0.33,6.16
-67.5,-27,D,2016,1,15,15,0.94,7.08
-67.5,-27,D,2016,1,16,16,0.37,9.09
-67.5,-27,D,2016,1,17,17,7.32,9.16
-67.5,-27,D,2016,1,18,18,4.52,8
-67.5,-27,D,2016,1,19,19,0,8.06
-67.5,-27,D,2016,1,20,20,0,9.4
-67.5,-27,D,2016,1,21,21,0,8.97
-67.5,-27,D,2016,1,22,22,0,9.16
-67.5,-27,D,2016,1,23,23,0,9.77
-67.5,-27,D,2016,1,24,24,0,6.04
-67.5,-27,D,2016,1,25,25,0.19,6.23
-67.5,-27,D,2016,1,26,26,0.39,6.96
-67.5,-27,D,2016,1,27,27,0,6.59
-67.5,-27,D,2016,1,28,28,0,6.16
-67.5,-27,D,2016,1,29,29,23.83,7.14
-67.5,-27,D,2016,1,30,30,15.16,8.91
-67.5,-27,D,2016,1,31,31,1.74,7.63
-67.5,-27,D,2016,2,1,32,0.58,7.69
-67.5,-27,D,2016,2,2,33,7.36,7.69
-67.5,-27,D,2016,2,3,34,0.25,6.84
-67.5,-27,D,2016,2,4,35,1.57,8.06
-67.5,-27,D,2016,2,5,36,9.21,8.12
-67.5,-27,D,2016,2,6,37,2.26,8.48
-67.5,-27,D,2016,2,7,38,0.42,8.3
-67.5,-27,D,2016,2,8,39,3.61,7.87
-67.5,-27,D,2016,2,9,40,4.12,10.07
-67.5,-27,D,2016,2,10,41,0,9.22
-67.5,-27,D,2016,2,11,42,0,10.07
-67.5,-27,D,2016,2,12,43,0,9.52
-67.5,-27,D,2016,2,13,44,8.58,8.61
-67.5,-27,D,2016,2,14,45,2.45,10.01
-67.5,-27,D,2016,2,15,46,0,8.73
-67.5,-27,D,2016,2,16,47,0,5.55
-67.5,-27,D,2016,2,17,48,4.52,6.04
-67.5,-27,D,2016,2,18,49,1.58,8.42
-67.5,-27,D,2016,2,19,50,11.05,9.83
-67.5,-27,D,2016,2,20,51,12.63,10.31
-67.5,-27,D,2016,2,21,52,1.07,9.22
-67.5,-27,D,2016,2,22,53,0.44,10.74
-67.5,-27,D,2016,2,23,54,1.68,9.7
-67.5,-27,D,2016,2,24,55,0.97,9.34
-67.5,-27,D,2016,2,25,56,0.01,8.91
-67.5,-27,D,2016,2,26,57,11.74,7.45
-67.5,-27,D,2016,2,27,58,3.15,7.02
-67.5,-27,D,2016,2,28,59,0.26,5.19
-67.5,-27,D,2016,2,29,60,0.03,5.98
-67.5,-27,D,2016,3,1,61,4.22,6.47
-67.5,-27,D,2016,3,2,62,1.49,7.93
-67.5,-27,D,2016,3,3,63,3.18,6.59
-67.5,-27,D,2016,3,4,64,2.19,5.8
-67.5,-27,D,2016,3,5,65,3.4,7.08
-67.5,-27,D,2016,3,6,66,0.07,6.59
-67.5,-27,D,2016,3,7,67,6.3,5.49
-67.5,-27,D,2016,3,8,68,4.5,5
-67.5,-27,D,2016,3,9,69,0.86,5.07
-67.5,-27,D,2016,3,10,70,0,5.74
-67.5,-27,D,2016,3,11,71,0,5.68
-67.5,-27,D,2016,3,12,72,0,6.84
-67.5,-27,D,2016,3,13,73,0,5.98
-67.5,-27,D,2016,3,14,74,0,5.62
-67.5,-27,D,2016,3,15,75,0,6.53
-67.5,-27,D,2016,3,16,76,0,8.61
-67.5,-27,D,2016,3,17,77,0,6.53
-67.5,-27,D,2016,3,18,78,9.1,6.29
-67.5,-27,D,2016,3,19,79,0.71,5.19
-67.5,-27,D,2016,3,20,80,2.4,4.46
-67.5,-27,D,2016,3,21,81,0.22,3.72
-67.5,-27,D,2016,3,22,82,0,4.76
-67.5,-27,D,2016,3,23,83,1.47,5.19
-67.5,-27,D,2016,3,24,84,6.1,6.71
-67.5,-27,D,2016,3,25,85,0.67,5.86
-67.5,-27,D,2016,3,26,86,0.07,4.88
-67.5,-27,D,2016,3,27,87,0.11,4.39
-67.5,-27,D,2016,3,28,88,0,4.82
-67.5,-27,D,2016,3,29,89,0,5.25
-67.5,-27,D,2016,3,30,90,0,4.64
-67.5,-27,D,2016,3,31,91,0,4.58
-67.5,-27,D,2016,4,1,92,0,4.03
-67.5,-27,D,2016,4,2,93,0.63,4.03
-67.5,-27,D,2016,4,3,94,0.92,3.91
-67.5,-27,D,2016,4,4,95,16.12,6.1
-67.5,-27,D,2016,4,5,96,8.95,7.39
-67.5,-27,D,2016,4,6,97,0,4.33
-67.5,-27,D,2016,4,7,98,0,3.17
-67.5,-27,D,2016,4,8,99,1.19,2.87
-67.5,-27,D,2016,4,9,100,7.18,3.91
-67.5,-27,D,2016,4,10,101,9.53,4.64
-67.5,-27,D,2016,4,11,102,3.99,5.19
-67.5,-27,D,2016,4,12,103,0.9,3.66
-67.5,-27,D,2016,4,13,104,0.14,3.23
-67.5,-27,D,2016,4,14,105,0,3.36
-67.5,-27,D,2016,4,15,106,0,3.17
-67.5,-27,D,2016,4,16,107,3.37,4.09
-67.5,-27,D,2016,4,17,108,2.56,4.27
-67.5,-27,D,2016,4,18,109,4.06,4.58
-67.5,-27,D,2016,4,19,110,1.59,4.39
-67.5,-27,D,2016,4,20,111,0,3.48
-67.5,-27,D,2016,4,21,112,0,3.3
-67.5,-27,D,2016,4,22,113,0,2.26
-67.5,-27,D,2016,4,23,114,0,2.75
-67.5,-27,D,2016,4,24,115,6.66,3.54
-67.5,-27,D,2016,4,25,116,2.18,3.42
-67.5,-27,D,2016,4,26,117,5.24,2.56
-67.5,-27,D,2016,4,27,118,0,2.81
-67.5,-27,D,2016,4,28,119,0,3.97
-67.5,-27,D,2016,4,29,120,0,3.91
-67.5,-27,D,2016,4,30,121,0,4.03
-67.5,-27,D,2016,5,1,122,0,2.93
-67.5,-27,D,2016,5,2,123,0,3.3
-67.5,-27,D,2016,5,3,124,0,3.85
-67.5,-27,D,2016,5,4,125,0,4.03
-67.5,-27,D,2016,5,5,126,0.04,2.99
-67.5,-27,D,2016,5,6,127,0.46,3.3
-67.5,-27,D,2016,5,7,128,0.15,3.48
-67.5,-27,D,2016,5,8,129,0.82,3.11
-67.5,-27,D,2016,5,9,130,1.47,3.17
-67.5,-27,D,2016,5,10,131,1.86,3.23
-67.5,-27,D,2016,5,11,132,0.16,3.42
-67.5,-27,D,2016,5,12,133,0.03,3.72
-67.5,-27,D,2016,5,13,134,0.46,2.75
-67.5,-27,D,2016,5,14,135,3.07,2.44
-67.5,-27,D,2016,5,15,136,0.98,2.5
-67.5,-27,D,2016,5,16,137,0.04,3.17
-67.5,-27,D,2016,5,17,138,0.92,3.23
-67.5,-27,D,2016,5,18,139,1,2.62
-67.5,-27,D,2016,5,19,140,0.04,2.2
-67.5,-27,D,2016,5,20,141,0.81,2.44
-67.5,-27,D,2016,5,21,142,0.63,2.44
-67.5,-27,D,2016,5,22,143,0,2.99
-67.5,-27,D,2016,5,23,144,0,2.93
-67.5,-27,D,2016,5,24,145,0,2.5
-67.5,-27,D,2016,5,25,146,0,2.99
-67.5,-27,D,2016,5,26,147,0.87,3.42
-67.5,-27,D,2016,5,27,148,1.94,3.85
-67.5,-27,D,2016,5,28,149,0.01,3.23
-67.5,-27,D,2016,5,29,150,0,3.11
-67.5,-27,D,2016,5,30,151,0,2.62
-67.5,-27,D,2016,5,31,152,0,2.5
-67.5,-27,D,2016,6,1,153,0,2.2
-67.5,-27,D,2016,6,2,154,0,2.14
-67.5,-27,D,2016,6,3,155,0.28,2.01
-67.5,-27,D,2016,6,4,156,2.9,2.2
-67.5,-27,D,2016,6,5,157,3.39,2.2
-67.5,-27,D,2016,6,6,158,1.83,1.89
-67.5,-27,D,2016,6,7,159,0,1.89
-67.5,-27,D,2016,6,8,160,0,1.65
-67.5,-27,D,2016,6,9,161,0,1.59
-67.5,-27,D,2016,6,10,162,0,2.08
-67.5,-27,D,2016,6,11,163,0,2.75
-67.5,-27,D,2016,6,12,164,0,3.36
-67.5,-27,D,2016,6,13,165,0,3.66
-67.5,-27,D,2016,6,14,166,0,3.11
-67.5,-27,D,2016,6,15,167,0.09,2.2
-67.5,-27,D,2016,6,16,168,0,2.44
-67.5,-27,D,2016,6,17,169,0,2.32
-67.5,-27,D,2016,6,18,170,0,2.08
-67.5,-27,D,2016,6,19,171,0,2.2
-67.5,-27,D,2016,6,20,172,0,1.95
-67.5,-27,D,2016,6,21,173,0,1.77
-67.5,-27,D,2016,6,22,174,0,1.77
-67.5,-27,D,2016,6,23,175,0,2.2
-67.5,-27,D,2016,6,24,176,0.93,2.32
-67.5,-27,D,2016,6,25,177,13.66,2.93
-67.5,-27,D,2016,6,26,178,2.38,2.2
-67.5,-27,D,2016,6,27,179,0,2.08
-67.5,-27,D,2016,6,28,180,0,2.01
-67.5,-27,D,2016,6,29,181,0,2.69
-67.5,-27,D,2016,6,30,182,0,2.44
-67.5,-27,D,2016,7,1,183,0,2.26
-67.5,-27,D,2016,7,2,184,0.3,2.44
-67.5,-27,D,2016,7,3,185,1.92,3.17
-67.5,-27,D,2016,7,4,186,2.49,2.69
-67.5,-27,D,2016,7,5,187,0.01,1.59
-67.5,-27,D,2016,7,6,188,0,1.46
-67.5,-27,D,2016,7,7,189,0,1.65
-67.5,-27,D,2016,7,8,190,0,2.38
-67.5,-27,D,2016,7,9,191,0,2.87
-67.5,-27,D,2016,7,10,192,0,2.87
-67.5,-27,D,2016,7,11,193,0,2.62
-67.5,-27,D,2016,7,12,194,0,2.44
-67.5,-27,D,2016,7,13,195,0,1.89
-67.5,-27,D,2016,7,14,196,0,1.53
-67.5,-27,D,2016,7,15,197,0,1.34
-67.5,-27,D,2016,7,16,198,0,1.46
-67.5,-27,D,2016,7,17,199,0,1.34
-67.5,-27,D,2016,7,18,200,0,1.53
-67.5,-27,D,2016,7,19,201,0,1.65
-67.5,-27,D,2016,7,20,202,0,1.77
-67.5,-27,D,2016,7,21,203,0,1.65
-67.5,-27,D,2016,7,22,204,0,1.59
-67.5,-27,D,2016,7,23,205,0,1.65
-67.5,-27,D,2016,7,24,206,0,2.2
-67.5,-27,D,2016,7,25,207,0,1.95
-67.5,-27,D,2016,7,26,208,0,1.65
-67.5,-27,D,2016,7,27,209,0,1.59
-67.5,-27,D,2016,7,28,210,0,1.65
-67.5,-27,D,2016,7,29,211,0,1.53
-67.5,-27,D,2016,7,30,212,0,1.46
-67.5,-27,D,2016,7,31,213,0,1.95
-67.5,-27,D,2016,8,1,214,0,2.32
-67.5,-27,D,2016,8,2,215,0,1.46
-67.5,-27,D,2016,8,3,216,0,1.28
-67.5,-27,D,2016,8,4,217,0,1.34
-67.5,-27,D,2016,8,5,218,0,2.87
-67.5,-27,D,2016,8,6,219,0,4.09
-67.5,-27,D,2016,8,7,220,0.01,3.3
-67.5,-27,D,2016,8,8,221,0.43,3.05
-67.5,-27,D,2016,8,9,222,0.1,3.91
-67.5,-27,D,2016,8,10,223,0,2.62
-67.5,-27,D,2016,8,11,224,0,1.83
-67.5,-27,D,2016,8,12,225,0,2.26
-67.5,-27,D,2016,8,13,226,0,2.01
-67.5,-27,D,2016,8,14,227,0,1.77
-67.5,-27,D,2016,8,15,228,0,1.77
-67.5,-27,D,2016,8,16,229,0,1.65
-67.5,-27,D,2016,8,17,230,0,1.22
-67.5,-27,D,2016,8,18,231,0,1.16
-67.5,-27,D,2016,8,19,232,0,0.98
-67.5,-27,D,2016,8,20,233,2.02,2.2
-67.5,-27,D,2016,8,21,234,0.69,2.14
-67.5,-27,D,2016,8,22,235,0,1.95
-67.5,-27,D,2016,8,23,236,0,2.01
-67.5,-27,D,2016,8,24,237,0,1.65
-67.5,-27,D,2016,8,25,238,0,1.59
-67.5,-27,D,2016,8,26,239,0,1.89
-67.5,-27,D,2016,8,27,240,0,2.38
-67.5,-27,D,2016,8,28,241,3.65,2.44
-67.5,-27,D,2016,8,29,242,0.85,2.75
-67.5,-27,D,2016,8,30,243,0,1.71
-67.5,-27,D,2016,8,31,244,0,1.59
-67.5,-27,D,2016,9,1,245,0,1.53
-67.5,-27,D,2016,9,2,246,0,1.77
-67.5,-27,D,2016,9,3,247,0.28,1.83
-67.5,-27,D,2016,9,4,248,0.67,1.77
-67.5,-27,D,2016,9,5,249,1.52,1.59
-67.5,-27,D,2016,9,6,250,0,1.53
-67.5,-27,D,2016,9,7,251,0,1.65
-67.5,-27,D,2016,9,8,252,0,1.89
-67.5,-27,D,2016,9,9,253,0,2.14
-67.5,-27,D,2016,9,10,254,0,2.08
-67.5,-27,D,2016,9,11,255,0,1.53
-67.5,-27,D,2016,9,12,256,0,1.22
-67.5,-27,D,2016,9,13,257,0,1.83
-67.5,-27,D,2016,9,14,258,0,2.14
-67.5,-27,D,2016,9,15,259,0,1.83
-67.5,-27,D,2016,9,16,260,0,2.26
-67.5,-27,D,2016,9,17,261,0,1.83
-67.5,-27,D,2016,9,18,262,0,3.91
-67.5,-27,D,2016,9,19,263,0,5.43
-67.5,-27,D,2016,9,20,264,0,4.58
-67.5,-27,D,2016,9,21,265,0,4.58
-67.5,-27,D,2016,9,22,266,0,4.58
-67.5,-27,D,2016,9,23,267,0,5.13
-67.5,-27,D,2016,9,24,268,0,2.93
-67.5,-27,D,2016,9,25,269,0,2.14
-67.5,-27,D,2016,9,26,270,0,2.62
-67.5,-27,D,2016,9,27,271,0,3.97
-67.5,-27,D,2016,9,28,272,2.38,4.82
-67.5,-27,D,2016,9,29,273,0.1,2.75
-67.5,-27,D,2016,9,30,274,0,2.69
-67.5,-27,D,2016,10,1,275,0,4.03
-67.5,-27,D,2016,10,2,276,4.65,4.21
-67.5,-27,D,2016,10,3,277,1.32,5
-67.5,-27,D,2016,10,4,278,0.01,2.93
-67.5,-27,D,2016,10,5,279,0,3.23
-67.5,-27,D,2016,10,6,280,0,2.87
-67.5,-27,D,2016,10,7,281,0,2.56
-67.5,-27,D,2016,10,8,282,0,2.81
-67.5,-27,D,2016,10,9,283,0,3.23
-67.5,-27,D,2016,10,10,284,0,2.5
-67.5,-27,D,2016,10,11,285,0,1.95
-67.5,-27,D,2016,10,12,286,0,1.65
-67.5,-27,D,2016,10,13,287,0.01,2.2
-67.5,-27,D,2016,10,14,288,0.01,1.65
-67.5,-27,D,2016,10,15,289,0,1.4
-67.5,-27,D,2016,10,16,290,0.03,1.28
-67.5,-27,D,2016,10,17,291,0.84,1.71
-67.5,-27,D,2016,10,18,292,2.46,1.71
-67.5,-27,D,2016,10,19,293,2.11,1.46
-67.5,-27,D,2016,10,20,294,1.04,1.95
-67.5,-27,D,2016,10,21,295,0.03,2.44
-67.5,-27,D,2016,10,22,296,0,1.77
-67.5,-27,D,2016,10,23,297,0,1.34
-67.5,-27,D,2016,10,24,298,0.66,1.77
-67.5,-27,D,2016,10,25,299,6.29,2.01
-67.5,-27,D,2016,10,26,300,0.15,2.01
-67.5,-27,D,2016,10,27,301,0,2.81
-67.5,-27,D,2016,10,28,302,0,4.27
-67.5,-27,D,2016,10,29,303,0,3.97
-67.5,-27,D,2016,10,30,304,0,1.77
-67.5,-27,D,2016,10,31,305,0,1.53
-67.5,-27,D,2016,11,1,306,0,1.59
-67.5,-27,D,2016,11,2,307,0.41,1.65
-67.5,-27,D,2016,11,3,308,0,1.89
-67.5,-27,D,2016,11,4,309,0,2.44
-67.5,-27,D,2016,11,5,310,0,3.17
-67.5,-27,D,2016,11,6,311,0,3.66
-67.5,-27,D,2016,11,7,312,4.59,5.49
-67.5,-27,D,2016,11,8,313,0.31,5.74
-67.5,-27,D,2016,11,9,314,0,4.46
-67.5,-27,D,2016,11,10,315,0.08,5.8
-67.5,-27,D,2016,11,11,316,4.35,7.02
-67.5,-27,D,2016,11,12,317,0.02,5.07
-67.5,-27,D,2016,11,13,318,8.56,4.64
-67.5,-27,D,2016,11,14,319,1.99,3.91
-67.5,-27,D,2016,11,15,320,3.24,4.09
-67.5,-27,D,2016,11,16,321,15.04,6.53
-67.5,-27,D,2016,11,17,322,9.23,6.16
-67.5,-27,D,2016,11,18,323,0.01,4.82
-67.5,-27,D,2016,11,19,324,0,2.81
-67.5,-27,D,2016,11,20,325,0.77,2.87
-67.5,-27,D,2016,11,21,326,12.47,5.68
-67.5,-27,D,2016,11,22,327,0.34,4.33
-67.5,-27,D,2016,11,23,328,0.2,2.69
-67.5,-27,D,2016,11,24,329,0,3.23
-67.5,-27,D,2016,11,25,330,0,3.17
-67.5,-27,D,2016,11,26,331,71.83,3.97
-67.5,-27,D,2016,11,27,332,3.93,4.7
-67.5,-27,D,2016,11,28,333,10.74,5
-67.5,-27,D,2016,11,29,334,1.94,6.59
-67.5,-27,D,2016,11,30,335,0.01,5.98
-67.5,-27,D,2016,12,1,336,0,5.74
-67.5,-27,D,2016,12,2,337,0.06,5.92
-67.5,-27,D,2016,12,3,338,0.01,7.57
-67.5,-27,D,2016,12,4,339,0,6.53
-67.5,-27,D,2016,12,5,340,3.58,4.58
-67.5,-27,D,2016,12,6,341,1.3,7.14
-67.5,-27,D,2016,12,7,342,7.34,5.37
-67.5,-27,D,2016,12,8,343,8.87,5.19
-67.5,-27,D,2016,12,9,344,4.55,3.54
-67.5,-27,D,2016,12,10,345,0.84,3.66
-67.5,-27,D,2016,12,11,346,0,4.64
-67.5,-27,D,2016,12,12,347,0,4.46
-67.5,-27,D,2016,12,13,348,0.09,6.29
-67.5,-27,D,2016,12,14,349,0.02,7.08
-67.5,-27,D,2016,12,15,350,0,7.81
-67.5,-27,D,2016,12,16,351,0,5.31
-67.5,-27,D,2016,12,17,352,0,6.04
-67.5,-27,D,2016,12,18,353,15.39,7.45
-67.5,-27,D,2016,12,19,354,7.58,8.06
-67.5,-27,D,2016,12,20,355,0,7.63
-67.5,-27,D,2016,12,21,356,0,6.96
-67.5,-27,D,2016,12,22,357,0,8.54
-67.5,-27,D,2016,12,23,358,0,8.54
-67.5,-27,D,2016,12,24,359,0,7.51
-67.5,-27,D,2016,12,25,360,0,4.58
-67.5,-27,D,2016,12,26,361,1.34,3.72
-67.5,-27,D,2016,12,27,362,3.51,4.76
-67.5,-27,D,2016,12,28,363,0.56,6.1
-67.5,-27,D,2016,12,29,364,0,6.65
-67.5,-27,D,2016,12,30,365,0,7.08
-67.5,-27,D,2016,12,31,366,0,7.69
-67.5,-27,D,2017,1,1,1,2.16,9.28
-67.5,-27,D,2017,1,2,2,0.97,7.87
-67.5,-27,D,2017,1,3,3,0,7.26
-67.5,-27,D,2017,1,4,4,10.53,9.22
-67.5,-27,D,2017,1,5,5,4.1,9.28
-67.5,-27,D,2017,1,6,6,0.27,8.12
-67.5,-27,D,2017,1,7,7,0,7.26
-67.5,-27,D,2017,1,8,8,0,7.57
-67.5,-27,D,2017,1,9,9,12.64,7.14
-67.5,-27,D,2017,1,10,10,10.14,9.77
-67.5,-27,D,2017,1,11,11,2,9.34
-67.5,-27,D,2017,1,12,12,0,7.93
-67.5,-27,D,2017,1,13,13,0.61,10.68
-67.5,-27,D,2017,1,14,14,0.07,9.64
-67.5,-27,D,2017,1,15,15,4.83,9.4
-67.5,-27,D,2017,1,16,16,0.77,8.61
-67.5,-27,D,2017,1,17,17,0,7.81
-67.5,-27,D,2017,1,18,18,0,8.42
-67.5,-27,D,2017,1,19,19,0,8.54
-67.5,-27,D,2017,1,20,20,0,9.4
-67.5,-27,D,2017,1,21,21,0,9.22
-67.5,-27,D,2017,1,22,22,4.99,8.85
-67.5,-27,D,2017,1,23,23,0.99,7.02
-67.5,-27,D,2017,1,24,24,0.06,6.29
-67.5,-27,D,2017,1,25,25,0.05,6.53
-67.5,-27,D,2017,1,26,26,0.43,8.18
-67.5,-27,D,2017,1,27,27,0.01,5.43
-67.5,-27,D,2017,1,28,28,0,4.09
-67.5,-27,D,2017,1,29,29,0,3.97
-67.5,-27,D,2017,1,30,30,0,5.31
-67.5,-27,D,2017,1,31,31,0.24,6.77
-67.5,-27,D,2017,2,1,32,0.04,7.2
-67.5,-27,D,2017,2,2,33,0.65,6.84
-67.5,-27,D,2017,2,3,34,13.23,4.82
-67.5,-27,D,2017,2,4,35,4.5,4.27
-67.5,-27,D,2017,2,5,36,0.99,4.94
-67.5,-27,D,2017,2,6,37,0.01,6.16
-67.5,-27,D,2017,2,7,38,0,4.76
-67.5,-27,D,2017,2,8,39,0,4.39
-67.5,-27,D,2017,2,9,40,12.58,5.31
-67.5,-27,D,2017,2,10,41,22.52,6.23
-67.5,-27,D,2017,2,11,42,5.52,5.43
-67.5,-27,D,2017,2,12,43,0.13,5.37
-67.5,-27,D,2017,2,13,44,0.07,5.92
-67.5,-27,D,2017,2,14,45,0.02,6.65
-67.5,-27,D,2017,2,15,46,16.87,6.77
-67.5,-27,D,2017,2,16,47,0.09,6.1
-67.5,-27,D,2017,2,17,48,4.81,6.53
-67.5,-27,D,2017,2,18,49,16.78,6.16
-67.5,-27,D,2017,2,19,50,7.4,7.93
-67.5,-27,D,2017,2,20,51,0.29,7.51
-67.5,-27,D,2017,2,21,52,0.43,8.97
-67.5,-27,D,2017,2,22,53,0.08,7.93
-67.5,-27,D,2017,2,23,54,0.28,8.24
-67.5,-27,D,2017,2,24,55,0.11,8.18
-67.5,-27,D,2017,2,25,56,10.51,8
-67.5,-27,D,2017,2,26,57,2.91,8.97
-67.5,-27,D,2017,2,27,58,1.53,8.85
-67.5,-27,D,2017,2,28,59,0.79,7.39
-67.5,-27,D,2017,3,1,60,0,6.53
-67.5,-27,D,2017,3,2,61,7.74,7.02
-67.5,-27,D,2017,3,3,62,15.13,8.24
-67.5,-27,D,2017,3,4,63,0.8,6.16
-67.5,-27,D,2017,3,5,64,0.81,6.16
-67.5,-27,D,2017,3,6,65,0.42,7.02
-67.5,-27,D,2017,3,7,66,0.71,9.16
-67.5,-27,D,2017,3,8,67,0.01,6.1
-67.5,-27,D,2017,3,9,68,10.84,5.25
-67.5,-27,D,2017,3,10,69,5.83,7.26
-67.5,-27,D,2017,3,11,70,0.04,4.82
-67.5,-27,D,2017,3,12,71,6.57,7.39
-67.5,-27,D,2017,3,13,72,0.29,8
-67.5,-27,D,2017,3,14,73,0,6.53
-67.5,-27,D,2017,3,15,74,4.37,4.88
-67.5,-27,D,2017,3,16,75,9.49,6.47
-67.5,-27,D,2017,3,17,76,0.49,6.23
-67.5,-27,D,2017,3,18,77,0,6.23
-67.5,-27,D,2017,3,19,78,0,6.53
-67.5,-27,D,2017,3,20,79,0,5.68
-67.5,-27,D,2017,3,21,80,0.13,5.8
-67.5,-27,D,2017,3,22,81,0.02,5.8
-67.5,-27,D,2017,3,23,82,0,5.74
-67.5,-27,D,2017,3,24,83,0.1,6.47
-67.5,-27,D,2017,3,25,84,0.01,4.76
-67.5,-27,D,2017,3,26,85,0.33,4.76
-67.5,-27,D,2017,3,27,86,15.83,6.41
-67.5,-27,D,2017,3,28,87,4.27,7.08
-67.5,-27,D,2017,3,29,88,0.38,6.41
-67.5,-27,D,2017,3,30,89,11.27,4.82
-67.5,-27,D,2017,3,31,90,8.34,6.04
-67.5,-27,D,2017,4,1,91,2.14,6.29
-67.5,-27,D,2017,4,2,92,3.3,5.49
-67.5,-27,D,2017,4,3,93,4.31,5.98
-67.5,-27,D,2017,4,4,94,1.47,3.17
-67.5,-27,D,2017,4,5,95,4.14,3.78
-67.5,-27,D,2017,4,6,96,3.53,3.23
-67.5,-27,D,2017,4,7,97,0.79,2.69
-67.5,-27,D,2017,4,8,98,0.38,2.56
-67.5,-27,D,2017,4,9,99,1.17,2.93
-67.5,-27,D,2017,4,10,100,0,3.23
-67.5,-27,D,2017,4,11,101,0,4.27
-67.5,-27,D,2017,4,12,102,0,5.13
-67.5,-27,D,2017,4,13,103,0,2.99
-67.5,-27,D,2017,4,14,104,0.07,3.11
-67.5,-27,D,2017,4,15,105,1.78,4.09
-67.5,-27,D,2017,4,16,106,0.43,4.82
-67.5,-27,D,2017,4,17,107,39.13,4.33
-67.5,-27,D,2017,4,18,108,59.33,5.07
-67.5,-27,D,2017,4,19,109,0.45,3.3
-67.5,-27,D,2017,4,20,110,0,4.27
-67.5,-27,D,2017,4,21,111,0.05,4.46
-67.5,-27,D,2017,4,22,112,0.4,4.09
-67.5,-27,D,2017,4,23,113,0,3.48
-67.5,-27,D,2017,4,24,114,0.01,3.11
-67.5,-27,D,2017,4,25,115,0.09,2.75
-67.5,-27,D,2017,4,26,116,0.18,2.93
-67.5,-27,D,2017,4,27,117,0,3.11
-67.5,-27,D,2017,4,28,118,0,3.42
-67.5,-27,D,2017,4,29,119,0.41,3.78
-67.5,-27,D,2017,4,30,120,0.01,3.66
-67.5,-27,D,2017,5,1,121,0,3.11
-67.5,-27,D,2017,5,2,122,0,2.87
-67.5,-27,D,2017,5,3,123,0,4.03
-67.5,-27,D,2017,5,4,124,0,3.05
-67.5,-27,D,2017,5,5,125,0,3.17
-67.5,-27,D,2017,5,6,126,0,2.5
-67.5,-27,D,2017,5,7,127,0,2.32
-67.5,-27,D,2017,5,8,128,0.53,2.87
-67.5,-27,D,2017,5,9,129,2.05,3.36
-67.5,-27,D,2017,5,10,130,0.2,3.11
-67.5,-27,D,2017,5,11,131,1.05,3.17
-67.5,-27,D,2017,5,12,132,1.5,3.54
-67.5,-27,D,2017,5,13,133,0,2.99
-67.5,-27,D,2017,5,14,134,0,2.62
-67.5,-27,D,2017,5,15,135,0,3.11
-67.5,-27,D,2017,5,16,136,0,2.62
-67.5,-27,D,2017,5,17,137,0.5,2.44
-67.5,-27,D,2017,5,18,138,0.17,1.95
-67.5,-27,D,2017,5,19,139,0.37,1.95
-67.5,-27,D,2017,5,20,140,0,1.89
-67.5,-27,D,2017,5,21,141,0,2.01
-67.5,-27,D,2017,5,22,142,0,2.69
-67.5,-27,D,2017,5,23,143,0,2.99
-67.5,-27,D,2017,5,24,144,0,3.54
-67.5,-27,D,2017,5,25,145,0.5,3.05
-67.5,-27,D,2017,5,26,146,1.61,3.17
-67.5,-27,D,2017,5,27,147,1.19,2.69
-67.5,-27,D,2017,5,28,148,0,2.32
-67.5,-27,D,2017,5,29,149,0,2.38
-67.5,-27,D,2017,5,30,150,0.05,2.69
-67.5,-27,D,2017,5,31,151,0,2.01
-67.5,-27,D,2017,6,1,152,0,2.14
-67.5,-27,D,2017,6,2,153,0,2.08
-67.5,-27,D,2017,6,3,154,0,1.83
-67.5,-27,D,2017,6,4,155,0,2.08
-67.5,-27,D,2017,6,5,156,1.68,2.38
-67.5,-27,D,2017,6,6,157,3.23,2.99
-67.5,-27,D,2017,6,7,158,0,2.99
-67.5,-27,D,2017,6,8,159,0,1.65
-67.5,-27,D,2017,6,9,160,0.78,2.32
-67.5,-27,D,2017,6,10,161,0,2.38
-67.5,-27,D,2017,6,11,162,0,2.5
-67.5,-27,D,2017,6,12,163,0,2.2
-67.5,-27,D,2017,6,13,164,0,1.95
-67.5,-27,D,2017,6,14,165,0,1.89
-67.5,-27,D,2017,6,15,166,0,2.01
-67.5,-27,D,2017,6,16,167,0,2.38
-67.5,-27,D,2017,6,17,168,0,2.2
-67.5,-27,D,2017,6,18,169,0,2.01
-67.5,-27,D,2017,6,19,170,0,1.65
-67.5,-27,D,2017,6,20,171,0,1.83
-67.5,-27,D,2017,6,21,172,0,1.77
-67.5,-27,D,2017,6,22,173,0,1.65
-67.5,-27,D,2017,6,23,174,0,1.83
-67.5,-27,D,2017,6,24,175,0,1.77
-67.5,-27,D,2017,6,25,176,0,2.32
-67.5,-27,D,2017,6,26,177,0,3.23
-67.5,-27,D,2017,6,27,178,0,2.44
-67.5,-27,D,2017,6,28,179,0,1.77
-67.5,-27,D,2017,6,29,180,0,1.77
-67.5,-27,D,2017,6,30,181,0,1.71
-67.5,-27,D,2017,7,1,182,0,2.08
-67.5,-27,D,2017,7,2,183,0,1.77
-67.5,-27,D,2017,7,3,184,0,1.77
-67.5,-27,D,2017,7,4,185,0,1.46
-67.5,-27,D,2017,7,5,186,0,1.59
-67.5,-27,D,2017,7,6,187,0,2.14
-67.5,-27,D,2017,7,7,188,0,2.26
-67.5,-27,D,2017,7,8,189,0,2.14
-67.5,-27,D,2017,7,9,190,0,1.89
-67.5,-27,D,2017,7,10,191,0.58,1.77
-67.5,-27,D,2017,7,11,192,0.22,1.71
-67.5,-27,D,2017,7,12,193,1.49,1.77
-67.5,-27,D,2017,7,13,194,0,2.14
-67.5,-27,D,2017,7,14,195,0.5,2.2
-67.5,-27,D,2017,7,15,196,0,1.71
-67.5,-27,D,2017,7,16,197,0.27,1.34
-67.5,-27,D,2017,7,17,198,0,1.1
-67.5,-27,D,2017,7,18,199,0,1.22
-67.5,-27,D,2017,7,19,200,0,1.4
-67.5,-27,D,2017,7,20,201,0,1.65
-67.5,-27,D,2017,7,21,202,0,2.08
-67.5,-27,D,2017,7,22,203,0,1.77
-67.5,-27,D,2017,7,23,204,0,2.01
-67.5,-27,D,2017,7,24,205,0,1.83
-67.5,-27,D,2017,7,25,206,0,1.77
-67.5,-27,D,2017,7,26,207,0,1.89
-67.5,-27,D,2017,7,27,208,0,1.77
-67.5,-27,D,2017,7,28,209,0,1.83
-67.5,-27,D,2017,7,29,210,0,2.93
-67.5,-27,D,2017,7,30,211,0,2.87
-67.5,-27,D,2017,7,31,212,0,1.71
-67.5,-27,D,2017,8,1,213,0,1.71
-67.5,-27,D,2017,8,2,214,0,1.83
-67.5,-27,D,2017,8,3,215,0,1.46
-67.5,-27,D,2017,8,4,216,0,1.59
-67.5,-27,D,2017,8,5,217,0,1.46
-67.5,-27,D,2017,8,6,218,0,1.59
-67.5,-27,D,2017,8,7,219,0,1.59
-67.5,-27,D,2017,8,8,220,0,1.83
-67.5,-27,D,2017,8,9,221,0,1.46
-67.5,-27,D,2017,8,10,222,0,1.34
-67.5,-27,D,2017,8,11,223,1.24,1.89
-67.5,-27,D,2017,8,12,224,2.25,1.46
-67.5,-27,D,2017,8,13,225,0,1.28
-67.5,-27,D,2017,8,14,226,0,1.65
-67.5,-27,D,2017,8,15,227,0,1.59
-67.5,-27,D,2017,8,16,228,0,2.93
-67.5,-27,D,2017,8,17,229,0,1.65
-67.5,-27,D,2017,8,18,230,0,1.34
-67.5,-27,D,2017,8,19,231,0,1.53
-67.5,-27,D,2017,8,20,232,0,2.81
-67.5,-27,D,2017,8,21,233,0,1.89
-67.5,-27,D,2017,8,22,234,0,1.28
-67.5,-27,D,2017,8,23,235,0,1.34
-67.5,-27,D,2017,8,24,236,0,1.34
-67.5,-27,D,2017,8,25,237,0,1.4
-67.5,-27,D,2017,8,26,238,0,1.16
-67.5,-27,D,2017,8,27,239,0,1.16
-67.5,-27,D,2017,8,28,240,0,1.16
-67.5,-27,D,2017,8,29,241,0,1.28
-67.5,-27,D,2017,8,30,242,0.11,2.08
-67.5,-27,D,2017,8,31,243,0,2.38
-67.5,-27,D,2017,9,1,244,0,2.5
-67.5,-27,D,2017,9,2,245,0,2.69
-67.5,-27,D,2017,9,3,246,0,2.93
-67.5,-27,D,2017,9,4,247,0,1.71
-67.5,-27,D,2017,9,5,248,0,1.22
-67.5,-27,D,2017,9,6,249,0,1.1
-67.5,-27,D,2017,9,7,250,0,1.28
-67.5,-27,D,2017,9,8,251,0,1.16
-67.5,-27,D,2017,9,9,252,0.95,1.89
-67.5,-27,D,2017,9,10,253,3.76,1.59
-67.5,-27,D,2017,9,11,254,0,1.46
-67.5,-27,D,2017,9,12,255,0,1.53
-67.5,-27,D,2017,9,13,256,0,1.77
-67.5,-27,D,2017,9,14,257,0,1.22
-67.5,-27,D,2017,9,15,258,1.49,2.38
-67.5,-27,D,2017,9,16,259,0.56,2.01
-67.5,-27,D,2017,9,17,260,0,2.2
-67.5,-27,D,2017,9,18,261,0,2.01
-67.5,-27,D,2017,9,19,262,0,2.08
-67.5,-27,D,2017,9,20,263,0.23,3.54
-67.5,-27,D,2017,9,21,264,0.05,3.42
-67.5,-27,D,2017,9,22,265,0,2.75
-67.5,-27,D,2017,9,23,266,0,3.54
-67.5,-27,D,2017,9,24,267,0,2.2
-67.5,-27,D,2017,9,25,268,0,3.17
-67.5,-27,D,2017,9,26,269,0,4.09
-67.5,-27,D,2017,9,27,270,15.66,5.8
-67.5,-27,D,2017,9,28,271,0.12,3.3
-67.5,-27,D,2017,9,29,272,0,2.75
-67.5,-27,D,2017,9,30,273,0,1.89
-67.5,-27,D,2017,10,1,274,0,1.34
-67.5,-27,D,2017,10,2,275,0,1.28
-67.5,-27,D,2017,10,3,276,0,2.01
-67.5,-27,D,2017,10,4,277,0,1.53
-67.5,-27,D,2017,10,5,278,0,1.1
-67.5,-27,D,2017,10,6,279,0,2.26
-67.5,-27,D,2017,10,7,280,0,1.89
-67.5,-27,D,2017,10,8,281,1.08,1.71
-67.5,-27,D,2017,10,9,282,0.87,1.77
-67.5,-27,D,2017,10,10,283,0.17,1.34
-67.5,-27,D,2017,10,11,284,1.11,1.34
-67.5,-27,D,2017,10,12,285,3.75,1.89
-67.5,-27,D,2017,10,13,286,0.94,2.14
-67.5,-27,D,2017,10,14,287,0,2.44
-67.5,-27,D,2017,10,15,288,0,2.69
-67.5,-27,D,2017,10,16,289,0,3.3
-67.5,-27,D,2017,10,17,290,0,2.93
-67.5,-27,D,2017,10,18,291,0.3,1.83
-67.5,-27,D,2017,10,19,292,0.8,2.69
-67.5,-27,D,2017,10,20,293,0,1.71
-67.5,-27,D,2017,10,21,294,2.2,3.17
-67.5,-27,D,2017,10,22,295,0.05,3.11
-67.5,-27,D,2017,10,23,296,0,1.65
-67.5,-27,D,2017,10,24,297,0,1.65
-67.5,-27,D,2017,10,25,298,0.38,1.83
-67.5,-27,D,2017,10,26,299,0.17,1.53
-67.5,-27,D,2017,10,27,300,0.54,2.93
-67.5,-27,D,2017,10,28,301,0.43,1.4
-67.5,-27,D,2017,10,29,302,0,1.59
-67.5,-27,D,2017,10,30,303,22.03,2.56
-67.5,-27,D,2017,10,31,304,0,2.2
-67.5,-27,D,2017,11,1,305,0,1.71
-67.5,-27,D,2017,11,2,306,0,1.53
-67.5,-27,D,2017,11,3,307,0.2,1.77
-67.5,-27,D,2017,11,4,308,4.34,2.93
-67.5,-27,D,2017,11,5,309,2.45,4.39
-67.5,-27,D,2017,11,6,310,0,5.55
-67.5,-27,D,2017,11,7,311,0,4.33
-67.5,-27,D,2017,11,8,312,2.51,4.64
-67.5,-27,D,2017,11,9,313,0.46,4.76
-67.5,-27,D,2017,11,10,314,0.45,5.98
-67.5,-27,D,2017,11,11,315,0,5.43
-67.5,-27,D,2017,11,12,316,0,5.37
-67.5,-27,D,2017,11,13,317,0,6.1
-67.5,-27,D,2017,11,14,318,0,3.85
-67.5,-27,D,2017,11,15,319,0.98,3.78
-67.5,-27,D,2017,11,16,320,0.01,4.03
-67.5,-27,D,2017,11,17,321,0,2.08
-67.5,-27,D,2017,11,18,322,0,3.23
-67.5,-27,D,2017,11,19,323,0,2.75
-67.5,-27,D,2017,11,20,324,0,2.93
-67.5,-27,D,2017,11,21,325,0.02,4.52
-67.5,-27,D,2017,11,22,326,0,3.97
-67.5,-27,D,2017,11,23,327,0,3.11
-67.5,-27,D,2017,11,24,328,0.2,3.11
-67.5,-27,D,2017,11,25,329,0.19,4.15
-67.5,-27,D,2017,11,26,330,0,3.66
-67.5,-27,D,2017,11,27,331,0.87,5.13
-67.5,-27,D,2017,11,28,332,0.06,5.86
-67.5,-27,D,2017,11,29,333,6.7,3.91
-67.5,-27,D,2017,11,30,334,7.21,7.51
-67.5,-27,D,2017,12,1,335,10.45,5.86
-67.5,-27,D,2017,12,2,336,3.69,4.09
-67.5,-27,D,2017,12,3,337,5.79,3.85
-67.5,-27,D,2017,12,4,338,4.36,6.35
-67.5,-27,D,2017,12,5,339,0.01,4.82
-67.5,-27,D,2017,12,6,340,0,4.52
-67.5,-27,D,2017,12,7,341,0,6.71
-67.5,-27,D,2017,12,8,342,0.01,4.33
-67.5,-27,D,2017,12,9,343,0.08,7.02
-67.5,-27,D,2017,12,10,344,0.11,7.45
-67.5,-27,D,2017,12,11,345,0.89,7.26
-67.5,-27,D,2017,12,12,346,0,5.07
-67.5,-27,D,2017,12,13,347,0,6.9
-67.5,-27,D,2017,12,14,348,0.26,8.06
-67.5,-27,D,2017,12,15,349,0.02,7.14
-67.5,-27,D,2017,12,16,350,0,6.04
-67.5,-27,D,2017,12,17,351,0.86,6.59
-67.5,-27,D,2017,12,18,352,0.11,7.02
-67.5,-27,D,2017,12,19,353,0,7.51
-67.5,-27,D,2017,12,20,354,0.13,8.24
-67.5,-27,D,2017,12,21,355,2.94,8.48
-67.5,-27,D,2017,12,22,356,3.51,7.81
-67.5,-27,D,2017,12,23,357,14.54,7.93
-67.5,-27,D,2017,12,24,358,0.51,6.1
-67.5,-27,D,2017,12,25,359,0.17,6.16
-67.5,-27,D,2017,12,26,360,0.01,6.04
-67.5,-27,D,2017,12,27,361,6.18,7.87
-67.5,-27,D,2017,12,28,362,0.94,7.81
-67.5,-27,D,2017,12,29,363,0,5.55
-67.5,-27,D,2017,12,30,364,11.77,6.84
-67.5,-27,D,2017,12,31,365,18.79,9.03
-67.5,-27,D,2018,1,1,1,5.64,6.29
-67.5,-27,D,2018,1,2,2,0.61,4.94
-67.5,-27,D,2018,1,3,3,0,6.53
-67.5,-27,D,2018,1,4,4,0,7.14
-67.5,-27,D,2018,1,5,5,4.62,5.74
-67.5,-27,D,2018,1,6,6,2.92,8.54
-67.5,-27,D,2018,1,7,7,0.21,7.45
-67.5,-27,D,2018,1,8,8,2.87,7.63
-67.5,-27,D,2018,1,9,9,1.08,7.45
-67.5,-27,D,2018,1,10,10,0,7.93
-67.5,-27,D,2018,1,11,11,0,9.03
-67.5,-27,D,2018,1,12,12,1.34,8.24
-67.5,-27,D,2018,1,13,13,12.46,7.63
-67.5,-27,D,2018,1,14,14,0.51,5.49
-67.5,-27,D,2018,1,15,15,0,6.04
-67.5,-27,D,2018,1,16,16,0,7.08
-67.5,-27,D,2018,1,17,17,10.21,6.9
-67.5,-27,D,2018,1,18,18,2.51,7.87
-67.5,-27,D,2018,1,19,19,0.62,7.75
-67.5,-27,D,2018,1,20,20,2.98,6.16
-67.5,-27,D,2018,1,21,21,0.07,5.37
-67.5,-27,D,2018,1,22,22,0,4.88
-67.5,-27,D,2018,1,23,23,4.03,5.13
-67.5,-27,D,2018,1,24,24,42.78,8.18
-67.5,-27,D,2018,1,25,25,7.16,8.24
-67.5,-27,D,2018,1,26,26,0.54,8.3
-67.5,-27,D,2018,1,27,27,9.16,8.91
-67.5,-27,D,2018,1,28,28,24.45,9.52
-67.5,-27,D,2018,1,29,29,5.44,9.34
-67.5,-27,D,2018,1,30,30,12.08,9.64
-67.5,-27,D,2018,1,31,31,14.02,9.34
-67.5,-27,D,2018,2,1,32,0.24,9.09
-67.5,-27,D,2018,2,2,33,0,8.97
-67.5,-27,D,2018,2,3,34,0,10.01
-67.5,-27,D,2018,2,4,35,0,9.34
-67.5,-27,D,2018,2,5,36,0.01,9.46
-67.5,-27,D,2018,2,6,37,0,7.93
-67.5,-27,D,2018,2,7,38,0.03,8.06
-67.5,-27,D,2018,2,8,39,0,7.2
-67.5,-27,D,2018,2,9,40,0.37,8
-67.5,-27,D,2018,2,10,41,0.23,8.42
-67.5,-27,D,2018,2,11,42,8.59,7.93
-67.5,-27,D,2018,2,12,43,0.79,8
-67.5,-27,D,2018,2,13,44,0,6.84
-67.5,-27,D,2018,2,14,45,0,7.51
-67.5,-27,D,2018,2,15,46,0.01,8.61
-67.5,-27,D,2018,2,16,47,7.9,8.61
-67.5,-27,D,2018,2,17,48,10.67,7.02
-67.5,-27,D,2018,2,18,49,1,7.02
-67.5,-27,D,2018,2,19,50,1.07,7.2
-67.5,-27,D,2018,2,20,51,1.46,6.59
-67.5,-27,D,2018,2,21,52,3.01,8.06
-67.5,-27,D,2018,2,22,53,0.14,7.69
-67.5,-27,D,2018,2,23,54,0.33,6.59
-67.5,-27,D,2018,2,24,55,6.52,7.51
-67.5,-27,D,2018,2,25,56,1.54,7.2
-67.5,-27,D,2018,2,26,57,0.17,7.32
-67.5,-27,D,2018,2,27,58,16.22,6.47
-67.5,-27,D,2018,2,28,59,2.21,6.16
-67.5,-27,D,2018,3,1,60,0.98,5.55
-67.5,-27,D,2018,3,2,61,0.13,6.65
-67.5,-27,D,2018,3,3,62,0.01,6.77
-67.5,-27,D,2018,3,4,63,7.07,7.45
-67.5,-27,D,2018,3,5,64,7.54,8
-67.5,-27,D,2018,3,6,65,0.86,6.84
-67.5,-27,D,2018,3,7,66,0.04,6.59
-67.5,-27,D,2018,3,8,67,0,4.82
-67.5,-27,D,2018,3,9,68,0,4.88
-67.5,-27,D,2018,3,10,69,0.32,5
-67.5,-27,D,2018,3,11,70,2.01,7.69
-67.5,-27,D,2018,3,12,71,0.05,5.55
-67.5,-27,D,2018,3,13,72,0,5.55
-67.5,-27,D,2018,3,14,73,0,4.7
-67.5,-27,D,2018,3,15,74,3.16,6.1
-67.5,-27,D,2018,3,16,75,0,3.97
-67.5,-27,D,2018,3,17,76,0,3.91
-67.5,-27,D,2018,3,18,77,0.44,4.33
-67.5,-27,D,2018,3,19,78,0.06,4.94
-67.5,-27,D,2018,3,20,79,0,4.21
-67.5,-27,D,2018,3,21,80,0,5.19
-67.5,-27,D,2018,3,22,81,0,3.3
-67.5,-27,D,2018,3,23,82,0,3.36
-67.5,-27,D,2018,3,24,83,3.48,4.46
-67.5,-27,D,2018,3,25,84,0.59,4.46
-67.5,-27,D,2018,3,26,85,0,4.39
-67.5,-27,D,2018,3,27,86,0,5.19
-67.5,-27,D,2018,3,28,87,0,4.88
-67.5,-27,D,2018,3,29,88,0.23,4.88
-67.5,-27,D,2018,3,30,89,0,5
-67.5,-27,D,2018,3,31,90,0.15,5.19
-67.5,-27,D,2018,4,1,91,7.42,6.1
-67.5,-27,D,2018,4,2,92,2.53,6.23
-67.5,-27,D,2018,4,3,93,0,5.07
-67.5,-27,D,2018,4,4,94,0,5.07
-67.5,-27,D,2018,4,5,95,0,4.82
-67.5,-27,D,2018,4,6,96,0.16,3.3
-67.5,-27,D,2018,4,7,97,0.41,2.44
-67.5,-27,D,2018,4,8,98,1.61,3.48
-67.5,-27,D,2018,4,9,99,2.34,4.52
-67.5,-27,D,2018,4,10,100,0,4.21
-67.5,-27,D,2018,4,11,101,0,5.68
-67.5,-27,D,2018,4,12,102,1.68,6.41
-67.5,-27,D,2018,4,13,103,0.15,5.8
-67.5,-27,D,2018,4,14,104,0,3.6
-67.5,-27,D,2018,4,15,105,0,3.42
-67.5,-27,D,2018,4,16,106,0,3.42
-67.5,-27,D,2018,4,17,107,0,3.91
-67.5,-27,D,2018,4,18,108,0,5
-67.5,-27,D,2018,4,19,109,0,5.43
-67.5,-27,D,2018,4,20,110,0,5.31
-67.5,-27,D,2018,4,21,111,0,6.1
-67.5,-27,D,2018,4,22,112,0,3.78
-67.5,-27,D,2018,4,23,113,1.79,5.19
-67.5,-27,D,2018,4,24,114,0.29,4.46
-67.5,-27,D,2018,4,25,115,0.39,4.76
-67.5,-27,D,2018,4,26,116,0.16,5
-67.5,-27,D,2018,4,27,117,0,4.09
-67.5,-27,D,2018,4,28,118,0,4.88
-67.5,-27,D,2018,4,29,119,0,3.11
-67.5,-27,D,2018,4,30,120,0.71,3.6
-67.5,-27,D,2018,5,1,121,0.69,3.97
-67.5,-27,D,2018,5,2,122,0.27,3.78
-67.5,-27,D,2018,5,3,123,0.23,3.05
-67.5,-27,D,2018,5,4,124,8.34,3.42
-67.5,-27,D,2018,5,5,125,0.55,4.33
-67.5,-27,D,2018,5,6,126,0.63,2.56
-67.5,-27,D,2018,5,7,127,0,2.14
-67.5,-27,D,2018,5,8,128,0.43,2.81
-67.5,-27,D,2018,5,9,129,4.32,3.17
-67.5,-27,D,2018,5,10,130,0.08,2.38
-67.5,-27,D,2018,5,11,131,0.03,2.2
-67.5,-27,D,2018,5,12,132,0,2.2
-67.5,-27,D,2018,5,13,133,0,1.95
-67.5,-27,D,2018,5,14,134,0,2.01
-67.5,-27,D,2018,5,15,135,2.18,3.05
-67.5,-27,D,2018,5,16,136,1.84,3.05
-67.5,-27,D,2018,5,17,137,0,2.5
-67.5,-27,D,2018,5,18,138,0,1.89
-67.5,-27,D,2018,5,19,139,0,1.95
-67.5,-27,D,2018,5,20,140,0,1.83
-67.5,-27,D,2018,5,21,141,0,1.83
-67.5,-27,D,2018,5,22,142,0,2.08
-67.5,-27,D,2018,5,23,143,0,1.65
-67.5,-27,D,2018,5,24,144,0,1.65
-67.5,-27,D,2018,5,25,145,0,1.46
-67.5,-27,D,2018,5,26,146,0,1.53
-67.5,-27,D,2018,5,27,147,0,1.71
-67.5,-27,D,2018,5,28,148,0,1.77
-67.5,-27,D,2018,5,29,149,0,1.83
-67.5,-27,D,2018,5,30,150,0.27,2.32
-67.5,-27,D,2018,5,31,151,1.57,2.2
-67.5,-27,D,2018,6,1,152,2.87,2.26
-67.5,-27,D,2018,6,2,153,1.54,2.08
-67.5,-27,D,2018,6,3,154,0,2.14
-67.5,-27,D,2018,6,4,155,0,1.71
-67.5,-27,D,2018,6,5,156,0,1.65
-67.5,-27,D,2018,6,6,157,0,2.14
-67.5,-27,D,2018,6,7,158,0,2.38
-67.5,-27,D,2018,6,8,159,0,1.83
-67.5,-27,D,2018,6,9,160,0,2.08
-67.5,-27,D,2018,6,10,161,0,2.38
-67.5,-27,D,2018,6,11,162,0,1.34
-67.5,-27,D,2018,6,12,163,0,1.46
-67.5,-27,D,2018,6,13,164,0,1.65
-67.5,-27,D,2018,6,14,165,0,1.46
-67.5,-27,D,2018,6,15,166,0,1.83
-67.5,-27,D,2018,6,16,167,0,1.83
-67.5,-27,D,2018,6,17,168,0,1.71
-67.5,-27,D,2018,6,18,169,0,1.53
-67.5,-27,D,2018,6,19,170,0,1.28
-67.5,-27,D,2018,6,20,171,0,1.65
-67.5,-27,D,2018,6,21,172,0,2.26
-67.5,-27,D,2018,6,22,173,0,2.01
-67.5,-27,D,2018,6,23,174,0.06,2.81
-67.5,-27,D,2018,6,24,175,0,2.26
-67.5,-27,D,2018,6,25,176,0,1.46
-67.5,-27,D,2018,6,26,177,0,1.22
-67.5,-27,D,2018,6,27,178,0,1.28
-67.5,-27,D,2018,6,28,179,0,1.77
-67.5,-27,D,2018,6,29,180,0,1.4
-67.5,-27,D,2018,6,30,181,0,1.22
-67.5,-27,D,2018,7,1,182,0,2.62
-67.5,-27,D,2018,7,2,183,0.92,2.44
-67.5,-27,D,2018,7,3,184,4.75,3.05
-67.5,-27,D,2018,7,4,185,0.57,2.32
-67.5,-27,D,2018,7,5,186,1.59,1.89
-67.5,-27,D,2018,7,6,187,0.01,1.46
-67.5,-27,D,2018,7,7,188,0.83,1.46
-67.5,-27,D,2018,7,8,189,0,1.89
-67.5,-27,D,2018,7,9,190,0,1.77
-67.5,-27,D,2018,7,10,191,0,1.34
-67.5,-27,D,2018,7,11,192,0,1.4
-67.5,-27,D,2018,7,12,193,0,1.28
-67.5,-27,D,2018,7,13,194,0,1.59
-67.5,-27,D,2018,7,14,195,0,1.59
-67.5,-27,D,2018,7,15,196,0,2.56
-67.5,-27,D,2018,7,16,197,0,2.69
-67.5,-27,D,2018,7,17,198,0,2.32
-67.5,-27,D,2018,7,18,199,0.73,2.44
-67.5,-27,D,2018,7,19,200,0.04,2.32
-67.5,-27,D,2018,7,20,201,0,1.28
-67.5,-27,D,2018,7,21,202,0,1.28
-67.5,-27,D,2018,7,22,203,0,2.44
-67.5,-27,D,2018,7,23,204,0,2.32
-67.5,-27,D,2018,7,24,205,0,1.95
-67.5,-27,D,2018,7,25,206,0,1.71
-67.5,-27,D,2018,7,26,207,0,2.14
-67.5,-27,D,2018,7,27,208,0,2.32
-67.5,-27,D,2018,7,28,209,0,1.1
-67.5,-27,D,2018,7,29,210,0,1.04
-67.5,-27,D,2018,7,30,211,0,1.16
-67.5,-27,D,2018,7,31,212,0,1.4
-67.5,-27,D,2018,8,1,213,0,1.34
-67.5,-27,D,2018,8,2,214,0,2.01
-67.5,-27,D,2018,8,3,215,0,1.4
-67.5,-27,D,2018,8,4,216,0,1.89
-67.5,-27,D,2018,8,5,217,0,1.59
-67.5,-27,D,2018,8,6,218,0,1.71
-67.5,-27,D,2018,8,7,219,0,1.4
-67.5,-27,D,2018,8,8,220,0,1.59
-67.5,-27,D,2018,8,9,221,0,1.59
-67.5,-27,D,2018,8,10,222,0,1.4
-67.5,-27,D,2018,8,11,223,0,1.28
-67.5,-27,D,2018,8,12,224,0,1.1
-67.5,-27,D,2018,8,13,225,0,1.46
-67.5,-27,D,2018,8,14,226,0,2.62
-67.5,-27,D,2018,8,15,227,0,1.77
-67.5,-27,D,2018,8,16,228,0,1.71
-67.5,-27,D,2018,8,17,229,0,1.53
-67.5,-27,D,2018,8,18,230,0,1.83
-67.5,-27,D,2018,8,19,231,0,1.89
-67.5,-27,D,2018,8,20,232,0,1.34
-67.5,-27,D,2018,8,21,233,0,1.04
-67.5,-27,D,2018,8,22,234,0,1.1
-67.5,-27,D,2018,8,23,235,0,1.28
-67.5,-27,D,2018,8,24,236,0,1.59
-67.5,-27,D,2018,8,25,237,0,1.46
-67.5,-27,D,2018,8,26,238,0,1.59
-67.5,-27,D,2018,8,27,239,0,1.28
-67.5,-27,D,2018,8,28,240,0,1.16
-67.5,-27,D,2018,8,29,241,0,1.46
-67.5,-27,D,2018,8,30,242,0,1.65
-67.5,-27,D,2018,8,31,243,0.04,1.59
-67.5,-27,D,2018,9,1,244,0.63,2.01
-67.5,-27,D,2018,9,2,245,0,1.04
-67.5,-27,D,2018,9,3,246,0,1.22
-67.5,-27,D,2018,9,4,247,0,1.22
-67.5,-27,D,2018,9,5,248,0,1.34
-67.5,-27,D,2018,9,6,249,0,1.65
-67.5,-27,D,2018,9,7,250,0,2.5
-67.5,-27,D,2018,9,8,251,0,2.62
-67.5,-27,D,2018,9,9,252,0,2.75
-67.5,-27,D,2018,9,10,253,0,3.78
-67.5,-27,D,2018,9,11,254,0,2.26
-67.5,-27,D,2018,9,12,255,2.12,2.44
-67.5,-27,D,2018,9,13,256,3.94,2.99
-67.5,-27,D,2018,9,14,257,0.64,2.01
-67.5,-27,D,2018,9,15,258,0.11,1.83
-67.5,-27,D,2018,9,16,259,0.08,1.53
-67.5,-27,D,2018,9,17,260,0,1.46
-67.5,-27,D,2018,9,18,261,0,1.16
-67.5,-27,D,2018,9,19,262,0,1.46
-67.5,-27,D,2018,9,20,263,0,1.65
-67.5,-27,D,2018,9,21,264,0,1.53
-67.5,-27,D,2018,9,22,265,0,1.04
-67.5,-27,D,2018,9,23,266,0.47,2.32
-67.5,-27,D,2018,9,24,267,0.57,4.64
-67.5,-27,D,2018,9,25,268,0,2.32
-67.5,-27,D,2018,9,26,269,0.03,1.71
-67.5,-27,D,2018,9,27,270,0.46,2.32
-67.5,-27,D,2018,9,28,271,0,1.46
-67.5,-27,D,2018,9,29,272,0,1.28
-67.5,-27,D,2018,9,30,273,0,1.1
-67.5,-27,D,2018,10,1,274,0,1.34
-67.5,-27,D,2018,10,2,275,0,1.1
-67.5,-27,D,2018,10,3,276,0,2.08
-67.5,-27,D,2018,10,4,277,0,4.33
-67.5,-27,D,2018,10,5,278,0,5
-67.5,-27,D,2018,10,6,279,0,3.11
-67.5,-27,D,2018,10,7,280,0,2.44
-67.5,-27,D,2018,10,8,281,0,1.95
-67.5,-27,D,2018,10,9,282,0,1.95
-67.5,-27,D,2018,10,10,283,1.37,2.81
-67.5,-27,D,2018,10,11,284,1.15,2.69
-67.5,-27,D,2018,10,12,285,1.94,2.44
-67.5,-27,D,2018,10,13,286,0,1.83
-67.5,-27,D,2018,10,14,287,0,2.08
-67.5,-27,D,2018,10,15,288,0,1.22
-67.5,-27,D,2018,10,16,289,0,1.22
-67.5,-27,D,2018,10,17,290,0,1.34
-67.5,-27,D,2018,10,18,291,8.83,2.38
-67.5,-27,D,2018,10,19,292,9.39,5.92
-67.5,-27,D,2018,10,20,293,0.42,4.52
-67.5,-27,D,2018,10,21,294,3.07,4.15
-67.5,-27,D,2018,10,22,295,6.4,5.55
-67.5,-27,D,2018,10,23,296,2.9,5.25
-67.5,-27,D,2018,10,24,297,1.03,3.3
-67.5,-27,D,2018,10,25,298,2.16,3.91
-67.5,-27,D,2018,10,26,299,1.16,3.91
-67.5,-27,D,2018,10,27,300,0.04,4.39
-67.5,-27,D,2018,10,28,301,0.02,3.48
-67.5,-27,D,2018,10,29,302,0,2.2
-67.5,-27,D,2018,10,30,303,0,2.14
-67.5,-27,D,2018,10,31,304,0.07,3.17
-67.5,-27,D,2018,11,1,305,0.46,3.85
-67.5,-27,D,2018,11,2,306,0,3.36
-67.5,-27,D,2018,11,3,307,0.01,5.19
-67.5,-27,D,2018,11,4,308,0.18,4.7
-67.5,-27,D,2018,11,5,309,7.29,5
-67.5,-27,D,2018,11,6,310,6.37,6.96
-67.5,-27,D,2018,11,7,311,2.33,6.53
-67.5,-27,D,2018,11,8,312,0.02,5.86
-67.5,-27,D,2018,11,9,313,0,4.52
-67.5,-27,D,2018,11,10,314,0,3.72
-67.5,-27,D,2018,11,11,315,2.19,2.81
-67.5,-27,D,2018,11,12,316,1.38,1.77
-67.5,-27,D,2018,11,13,317,1.59,1.53
-67.5,-27,D,2018,11,14,318,0,2.44
-67.5,-27,D,2018,11,15,319,0,2.93
-67.5,-27,D,2018,11,16,320,0,5.07
-67.5,-27,D,2018,11,17,321,4.74,3.48
-67.5,-27,D,2018,11,18,322,6.21,6.29
-67.5,-27,D,2018,11,19,323,0.15,5
-67.5,-27,D,2018,11,20,324,0,5.55
-67.5,-27,D,2018,11,21,325,0,6.35
-67.5,-27,D,2018,11,22,326,4.72,5.49
-67.5,-27,D,2018,11,23,327,0.22,5.74
-67.5,-27,D,2018,11,24,328,0,5.86
-67.5,-27,D,2018,11,25,329,0,5.92
-67.5,-27,D,2018,11,26,330,0.5,6.47
-67.5,-27,D,2018,11,27,331,3.95,5.74
-67.5,-27,D,2018,11,28,332,2.49,6.77
-67.5,-27,D,2018,11,29,333,2.23,4.82
-67.5,-27,D,2018,11,30,334,5.65,4.03
-67.5,-27,D,2018,12,1,335,7.97,5.31
-67.5,-27,D,2018,12,2,336,1.52,5.07
-67.5,-27,D,2018,12,3,337,0.01,3.6
-67.5,-27,D,2018,12,4,338,0,2.87
-67.5,-27,D,2018,12,5,339,16.39,3.72
-67.5,-27,D,2018,12,6,340,5,5.55
-67.5,-27,D,2018,12,7,341,0.02,5
-67.5,-27,D,2018,12,8,342,0,2.32
-67.5,-27,D,2018,12,9,343,0,3.23
-67.5,-27,D,2018,12,10,344,0,4.03
-67.5,-27,D,2018,12,11,345,0,4.27
-67.5,-27,D,2018,12,12,346,2.49,7.26
-67.5,-27,D,2018,12,13,347,0.25,3.78
-67.5,-27,D,2018,12,14,348,2.47,4.33
-67.5,-27,D,2018,12,15,349,3.79,6.04
-67.5,-27,D,2018,12,16,350,0,5.19
-67.5,-27,D,2018,12,17,351,10.77,6.1
-67.5,-27,D,2018,12,18,352,10.98,7.75
-67.5,-27,D,2018,12,19,353,0.01,4.76
-67.5,-27,D,2018,12,20,354,10.39,4.46
-67.5,-27,D,2018,12,21,355,9.11,7.69
-67.5,-27,D,2018,12,22,356,0,6.16
-67.5,-27,D,2018,12,23,357,0.83,7.32
-67.5,-27,D,2018,12,24,358,0.65,8.24
-67.5,-27,D,2018,12,25,359,0.02,7.51
-67.5,-27,D,2018,12,26,360,0,8.48
-67.5,-27,D,2018,12,27,361,5.24,8.67
-67.5,-27,D,2018,12,28,362,1.9,8.06
-67.5,-27,D,2018,12,29,363,0.13,8.67
-67.5,-27,D,2018,12,30,364,7.33,8.18
-67.5,-27,D,2018,12,31,365,1.3,8.67
-67.5,-27,D,2019,1,1,1,0,8.91
-67.5,-27,D,2019,1,2,2,9.35,9.34
-67.5,-27,D,2019,1,3,3,7.59,7.69
-67.5,-27,D,2019,1,4,4,0.01,7.51
-67.5,-27,D,2019,1,5,5,0,8.36
-67.5,-27,D,2019,1,6,6,4.12,4.21
-67.5,-27,D,2019,1,7,7,6.74,3.3
-67.5,-27,D,2019,1,8,8,5.89,3.66
-67.5,-27,D,2019,1,9,9,4.23,4.21
-67.5,-27,D,2019,1,10,10,9.64,6.71
-67.5,-27,D,2019,1,11,11,0.78,5.55
-67.5,-27,D,2019,1,12,12,0,5.43
-67.5,-27,D,2019,1,13,13,8.68,6.65
-67.5,-27,D,2019,1,14,14,4.38,7.26
-67.5,-27,D,2019,1,15,15,3.82,6.29
-67.5,-27,D,2019,1,16,16,0.42,7.2
-67.5,-27,D,2019,1,17,17,4.51,6.53
-67.5,-27,D,2019,1,18,18,0.65,6.23
-67.5,-27,D,2019,1,19,19,0.01,7.08
-67.5,-27,D,2019,1,20,20,0,7.93
-67.5,-27,D,2019,1,21,21,0,8
-67.5,-27,D,2019,1,22,22,0,8.73
-67.5,-27,D,2019,1,23,23,3.84,10.38
-67.5,-27,D,2019,1,24,24,0.95,9.46
-67.5,-27,D,2019,1,25,25,2.47,8
-67.5,-27,D,2019,1,26,26,5.17,8.73
-67.5,-27,D,2019,1,27,27,0.08,8.36
-67.5,-27,D,2019,1,28,28,0,9.83
-67.5,-27,D,2019,1,29,29,1.29,9.16
-67.5,-27,D,2019,1,30,30,7.53,9.09
-67.5,-27,D,2019,1,31,31,17.57,8.67
-67.5,-27,D,2019,2,1,32,17.06,8.73
-67.5,-27,D,2019,2,2,33,19.82,8.12
-67.5,-27,D,2019,2,3,34,0.95,8.36
-67.5,-27,D,2019,2,4,35,0,8.3
-67.5,-27,D,2019,2,5,36,0,6.1
-67.5,-27,D,2019,2,6,37,0,5.19
-67.5,-27,D,2019,2,7,38,0,7.45
-67.5,-27,D,2019,2,8,39,0.13,8.18
-67.5,-27,D,2019,2,9,40,0.53,7.93
-67.5,-27,D,2019,2,10,41,0.02,7.87
-67.5,-27,D,2019,2,11,42,6.42,5.92
-67.5,-27,D,2019,2,12,43,6.28,7.57
-67.5,-27,D,2019,2,13,44,0.01,5.37
-67.5,-27,D,2019,2,14,45,0.02,5.49
-67.5,-27,D,2019,2,15,46,0,5.98
-67.5,-27,D,2019,2,16,47,0,6.41
-67.5,-27,D,2019,2,17,48,0,7.14
-67.5,-27,D,2019,2,18,49,0,8.18
-67.5,-27,D,2019,2,19,50,0,7.51
-67.5,-27,D,2019,2,20,51,0,8.3
-67.5,-27,D,2019,2,21,52,0,8.18
-67.5,-27,D,2019,2,22,53,0,9.09
-67.5,-27,D,2019,2,23,54,0.45,8.54
-67.5,-27,D,2019,2,24,55,1.82,8.48
-67.5,-27,D,2019,2,25,56,5.35,8
-67.5,-27,D,2019,2,26,57,1.96,7.08
-67.5,-27,D,2019,2,27,58,0.05,5.8
-67.5,-27,D,2019,2,28,59,0,5.98
-67.5,-27,D,2019,3,1,60,0,5.98
-67.5,-27,D,2019,3,2,61,0,7.32
-67.5,-27,D,2019,3,3,62,0,6.84
-67.5,-27,D,2019,3,4,63,0.19,4.27
-67.5,-27,D,2019,3,5,64,0.52,5
-67.5,-27,D,2019,3,6,65,0.3,5
-67.5,-27,D,2019,3,7,66,2.75,4.15
-67.5,-27,D,2019,3,8,67,30.51,7.51
-67.5,-27,D,2019,3,9,68,8.42,6.29
-67.5,-27,D,2019,3,10,69,1.51,4.76
-67.5,-27,D,2019,3,11,70,0.84,3.6
-67.5,-27,D,2019,3,12,71,0.28,3.97
-67.5,-27,D,2019,3,13,72,0,5.13
-67.5,-27,D,2019,3,14,73,0,5.37
-67.5,-27,D,2019,3,15,74,14.56,5.07
-67.5,-27,D,2019,3,16,75,8.98,4.82
-67.5,-27,D,2019,3,17,76,6.18,4.7
-67.5,-27,D,2019,3,18,77,0.14,5
-67.5,-27,D,2019,3,19,78,5.42,5.37
-67.5,-27,D,2019,3,20,79,6.78,6.53
-67.5,-27,D,2019,3,21,80,0.03,4.76
-67.5,-27,D,2019,3,22,81,0,4.7
-67.5,-27,D,2019,3,23,82,0,5.74
-67.5,-27,D,2019,3,24,83,0.76,7.39
-67.5,-27,D,2019,3,25,84,4.59,7.02
-67.5,-27,D,2019,3,26,85,2.17,6.71
-67.5,-27,D,2019,3,27,86,0.07,5.74
-67.5,-27,D,2019,3,28,87,0.03,4.7
-67.5,-27,D,2019,3,29,88,0,4.58
-67.5,-27,D,2019,3,30,89,0.26,6.59
-67.5,-27,D,2019,3,31,90,0.08,7.14
-67.5,-27,D,2019,4,1,91,10.27,6.84
-67.5,-27,D,2019,4,2,92,2.06,7.14
-67.5,-27,D,2019,4,3,93,0,5.55
-67.5,-27,D,2019,4,4,94,2.2,5.8
-67.5,-27,D,2019,4,5,95,3.24,4.88
-67.5,-27,D,2019,4,6,96,0,3.48
-67.5,-27,D,2019,4,7,97,0,2.93
-67.5,-27,D,2019,4,8,98,0,3.78
-67.5,-27,D,2019,4,9,99,0,3.48
-67.5,-27,D,2019,4,10,100,0,4.46
-67.5,-27,D,2019,4,11,101,0.23,6.47
-67.5,-27,D,2019,4,12,102,0.02,4.64
-67.5,-27,D,2019,4,13,103,0,2.38
-67.5,-27,D,2019,4,14,104,0,3.23
-67.5,-27,D,2019,4,15,105,1.7,3.97
-67.5,-27,D,2019,4,16,106,0.12,4.88
-67.5,-27,D,2019,4,17,107,0,2.99
-67.5,-27,D,2019,4,18,108,0,2.69
-67.5,-27,D,2019,4,19,109,1.08,2.87
-67.5,-27,D,2019,4,20,110,9.58,3.91
-67.5,-27,D,2019,4,21,111,6.55,3.6
-67.5,-27,D,2019,4,22,112,4.85,2.93
-67.5,-27,D,2019,4,23,113,2.08,3.48
-67.5,-27,D,2019,4,24,114,2.34,3.48
-67.5,-27,D,2019,4,25,115,1.18,2.87
-67.5,-27,D,2019,4,26,116,0,3.72
-67.5,-27,D,2019,4,27,117,0,3.23
-67.5,-27,D,2019,4,28,118,0,3.17
-67.5,-27,D,2019,4,29,119,7.56,3.54
-67.5,-27,D,2019,4,30,120,3.72,4.03
-67.5,-27,D,2019,5,1,121,0.62,2.81
-67.5,-27,D,2019,5,2,122,0,2.93
-67.5,-27,D,2019,5,3,123,0,3.48
-67.5,-27,D,2019,5,4,124,0,2.75
-67.5,-27,D,2019,5,5,125,0.16,3.23
-67.5,-27,D,2019,5,6,126,0.33,4.7
-67.5,-27,D,2019,5,7,127,0.67,4.15
-67.5,-27,D,2019,5,8,128,2.12,4.27
-67.5,-27,D,2019,5,9,129,0.19,3.48
-67.5,-27,D,2019,5,10,130,0.35,3.66
-67.5,-27,D,2019,5,11,131,0.36,3.54
-67.5,-27,D,2019,5,12,132,0,2.56
-67.5,-27,D,2019,5,13,133,0,3.36
-67.5,-27,D,2019,5,14,134,0,4.33
-67.5,-27,D,2019,5,15,135,0,3.78
-67.5,-27,D,2019,5,16,136,0,2.62
-67.5,-27,D,2019,5,17,137,0,2.2
-67.5,-27,D,2019,5,18,138,1.07,3.23
-67.5,-27,D,2019,5,19,139,0.74,2.81
-67.5,-27,D,2019,5,20,140,1.24,2.5
-67.5,-27,D,2019,5,21,141,0.96,2.08
-67.5,-27,D,2019,5,22,142,5.36,1.71
-67.5,-27,D,2019,5,23,143,0.44,1.34
-67.5,-27,D,2019,5,24,144,0,1.71
-67.5,-27,D,2019,5,25,145,0,2.14
-67.5,-27,D,2019,5,26,146,0,2.38
-67.5,-27,D,2019,5,27,147,0,2.56
-67.5,-27,D,2019,5,28,148,0,2.62
-67.5,-27,D,2019,5,29,149,0.11,2.99
-67.5,-27,D,2019,5,30,150,0.74,2.87
-67.5,-27,D,2019,5,31,151,0,2.26
-67.5,-27,D,2019,6,1,152,0,2.26
-67.5,-27,D,2019,6,2,153,0,1.83
-67.5,-27,D,2019,6,3,154,0,2.01
-67.5,-27,D,2019,6,4,155,0,2.26
-67.5,-27,D,2019,6,5,156,0,2.2
-67.5,-27,D,2019,6,6,157,0,1.77
-67.5,-27,D,2019,6,7,158,0.09,2.14
-67.5,-27,D,2019,6,8,159,0.15,1.89
-67.5,-27,D,2019,6,9,160,0,1.53
-67.5,-27,D,2019,6,10,161,0,1.71
-67.5,-27,D,2019,6,11,162,0,2.01
-67.5,-27,D,2019,6,12,163,0,1.77
-67.5,-27,D,2019,6,13,164,0,1.71
-67.5,-27,D,2019,6,14,165,0,1.46
-67.5,-27,D,2019,6,15,166,1.05,2.26
-67.5,-27,D,2019,6,16,167,1.77,2.26
-67.5,-27,D,2019,6,17,168,0,2.08
-67.5,-27,D,2019,6,18,169,0,1.34
-67.5,-27,D,2019,6,19,170,0,1.89
-67.5,-27,D,2019,6,20,171,0,2.01
-67.5,-27,D,2019,6,21,172,0,1.89
-67.5,-27,D,2019,6,22,173,0,1.83
-67.5,-27,D,2019,6,23,174,0,2.26
-67.5,-27,D,2019,6,24,175,0,2.69
-67.5,-27,D,2019,6,25,176,2.11,2.62
-67.5,-27,D,2019,6,26,177,0,1.77
-67.5,-27,D,2019,6,27,178,0,1.77
-67.5,-27,D,2019,6,28,179,0,2.2
-67.5,-27,D,2019,6,29,180,0,2.08
-67.5,-27,D,2019,6,30,181,0,2.62
-67.5,-27,D,2019,7,1,182,0,2.5
-67.5,-27,D,2019,7,2,183,0,2.14
-67.5,-27,D,2019,7,3,184,0,2.2
-67.5,-27,D,2019,7,4,185,0,1.65
-67.5,-27,D,2019,7,5,186,0.04,1.95
-67.5,-27,D,2019,7,6,187,0,1.95
-67.5,-27,D,2019,7,7,188,0,1.95
-67.5,-27,D,2019,7,8,189,0,2.14
-67.5,-27,D,2019,7,9,190,0,2.38
-67.5,-27,D,2019,7,10,191,0,2.14
-67.5,-27,D,2019,7,11,192,0,2.08
-67.5,-27,D,2019,7,12,193,0,2.08
-67.5,-27,D,2019,7,13,194,0,2.01
-67.5,-27,D,2019,7,14,195,0,1.89
-67.5,-27,D,2019,7,15,196,0,2.2
-67.5,-27,D,2019,7,16,197,0,1.53
-67.5,-27,D,2019,7,17,198,0,1.16
-67.5,-27,D,2019,7,18,199,0,1.65
-67.5,-27,D,2019,7,19,200,0,1.34
-67.5,-27,D,2019,7,20,201,0,1.22
-67.5,-27,D,2019,7,21,202,0,1.1
-67.5,-27,D,2019,7,22,203,0.41,1.83
-67.5,-27,D,2019,7,23,204,0,2.08
-67.5,-27,D,2019,7,24,205,0,2.56
-67.5,-27,D,2019,7,25,206,0.48,2.2
-67.5,-27,D,2019,7,26,207,0,1.59
-67.5,-27,D,2019,7,27,208,0,1.65
-67.5,-27,D,2019,7,28,209,0,0.98
-67.5,-27,D,2019,7,29,210,0,1.34
-67.5,-27,D,2019,7,30,211,0,1.83
-67.5,-27,D,2019,7,31,212,0,1.46
-67.5,-27,D,2019,8,1,213,0,1.65
-67.5,-27,D,2019,8,2,214,0,1.59
-67.5,-27,D,2019,8,3,215,0,1.1
-67.5,-27,D,2019,8,4,216,0,1.4
-67.5,-27,D,2019,8,5,217,0,1.34
-67.5,-27,D,2019,8,6,218,0,1.1
-67.5,-27,D,2019,8,7,219,0,1.34
-67.5,-27,D,2019,8,8,220,0,2.01
-67.5,-27,D,2019,8,9,221,0,1.22
-67.5,-27,D,2019,8,10,222,0,1.04
-67.5,-27,D,2019,8,11,223,0,1.04
-67.5,-27,D,2019,8,12,224,0,1.28
-67.5,-27,D,2019,8,13,225,0,1.83
-67.5,-27,D,2019,8,14,226,0,1.53
-67.5,-27,D,2019,8,15,227,0,2.01
-67.5,-27,D,2019,8,16,228,0,1.71
-67.5,-27,D,2019,8,17,229,0,1.4
-67.5,-27,D,2019,8,18,230,0,1.46
-67.5,-27,D,2019,8,19,231,0,1.77
-67.5,-27,D,2019,8,20,232,0,1.71
-67.5,-27,D,2019,8,21,233,0,1.34
-67.5,-27,D,2019,8,22,234,0,1.89
-67.5,-27,D,2019,8,23,235,0,2.01
-67.5,-27,D,2019,8,24,236,0,2.14
-67.5,-27,D,2019,8,25,237,0,1.95
-67.5,-27,D,2019,8,26,238,0,2.2
-67.5,-27,D,2019,8,27,239,0,3.23
-67.5,-27,D,2019,8,28,240,0,2.26
-67.5,-27,D,2019,8,29,241,0,1.83
-67.5,-27,D,2019,8,30,242,0,1.34
-67.5,-27,D,2019,8,31,243,0,2.08
-67.5,-27,D,2019,9,1,244,0,2.08
-67.5,-27,D,2019,9,2,245,0,1.59
-67.5,-27,D,2019,9,3,246,0,1.53
-67.5,-27,D,2019,9,4,247,0,1.46
-67.5,-27,D,2019,9,5,248,0,1.71
-67.5,-27,D,2019,9,6,249,0,2.26
-67.5,-27,D,2019,9,7,250,0,2.44
-67.5,-27,D,2019,9,8,251,0,2.69
-67.5,-27,D,2019,9,9,252,0.4,1.53
-67.5,-27,D,2019,9,10,253,3.38,1.89
-67.5,-27,D,2019,9,11,254,1.83,1.89
-67.5,-27,D,2019,9,12,255,0.04,1.95
-67.5,-27,D,2019,9,13,256,0,1.53
-67.5,-27,D,2019,9,14,257,0,1.71
-67.5,-27,D,2019,9,15,258,0,1.4
-67.5,-27,D,2019,9,16,259,0.03,1.83
-67.5,-27,D,2019,9,17,260,0.39,1.4
-67.5,-27,D,2019,9,18,261,0,1.34
-67.5,-27,D,2019,9,19,262,0,1.04
-67.5,-27,D,2019,9,20,263,0,1.22
-67.5,-27,D,2019,9,21,264,0,1.34
-67.5,-27,D,2019,9,22,265,0,1.95
-67.5,-27,D,2019,9,23,266,0,2.69
-67.5,-27,D,2019,9,24,267,0,4.03
-67.5,-27,D,2019,9,25,268,0,3.91
-67.5,-27,D,2019,9,26,269,0,3.42
-67.5,-27,D,2019,9,27,270,0,2.08
-67.5,-27,D,2019,9,28,271,0,2.14
-67.5,-27,D,2019,9,29,272,0,2.14
-67.5,-27,D,2019,9,30,273,0,1.53
-67.5,-27,D,2019,10,1,274,0,2.32
-67.5,-27,D,2019,10,2,275,0,1.89
-67.5,-27,D,2019,10,3,276,0,1.95
-67.5,-27,D,2019,10,4,277,0,2.5
-67.5,-27,D,2019,10,5,278,0,2.75
-67.5,-27,D,2019,10,6,279,0,2.26
-67.5,-27,D,2019,10,7,280,0,2.08
-67.5,-27,D,2019,10,8,281,0,3.11
-67.5,-27,D,2019,10,9,282,0,4.03
-67.5,-27,D,2019,10,10,283,0,4.09
-67.5,-27,D,2019,10,11,284,0,3.97
-67.5,-27,D,2019,10,12,285,0.19,3.78
-67.5,-27,D,2019,10,13,286,5.66,6.23
-67.5,-27,D,2019,10,14,287,1.8,3.66
-67.5,-27,D,2019,10,15,288,4.85,2.81
-67.5,-27,D,2019,10,16,289,0.46,2.26
-67.5,-27,D,2019,10,17,290,0,2.01
-67.5,-27,D,2019,10,18,291,0,3.05
-67.5,-27,D,2019,10,19,292,0,3.54
-67.5,-27,D,2019,10,20,293,0,2.5
-67.5,-27,D,2019,10,21,294,0,2.81
-67.5,-27,D,2019,10,22,295,0,2.87
-67.5,-27,D,2019,10,23,296,0,3.3
-67.5,-27,D,2019,10,24,297,0,2.14
-67.5,-27,D,2019,10,25,298,0,2.87
-67.5,-27,D,2019,10,26,299,0,1.1
-67.5,-27,D,2019,10,27,300,0,0.92
-67.5,-27,D,2019,10,28,301,0,0.85
-67.5,-27,D,2019,10,29,302,0,1.65
-67.5,-27,D,2019,10,30,303,0.32,2.93
-67.5,-27,D,2019,10,31,304,0.04,4.76
-67.5,-27,D,2019,11,1,305,0,4.21
-67.5,-27,D,2019,11,2,306,14.23,7.2
-67.5,-27,D,2019,11,3,307,0.45,5.13
-67.5,-27,D,2019,11,4,308,0.26,3.72
-67.5,-27,D,2019,11,5,309,0.45,5
-67.5,-27,D,2019,11,6,310,0.03,4.39
-67.5,-27,D,2019,11,7,311,0,6.29
-67.5,-27,D,2019,11,8,312,0,5.8
-67.5,-27,D,2019,11,9,313,1.36,7.87
-67.5,-27,D,2019,11,10,314,0.8,7.32
-67.5,-27,D,2019,11,11,315,0,6.47
-67.5,-27,D,2019,11,12,316,4.12,6.84
-67.5,-27,D,2019,11,13,317,6.64,6.41
-67.5,-27,D,2019,11,14,318,0.08,5.62
-67.5,-27,D,2019,11,15,319,0.16,6.71
-67.5,-27,D,2019,11,16,320,0,7.39
-67.5,-27,D,2019,11,17,321,0,6.96
-67.5,-27,D,2019,11,18,322,0,7.39
-67.5,-27,D,2019,11,19,323,0,6.29
-67.5,-27,D,2019,11,20,324,7.21,6.04
-67.5,-27,D,2019,11,21,325,0.53,5.07
-67.5,-27,D,2019,11,22,326,10.98,7.51
-67.5,-27,D,2019,11,23,327,2.4,8.18
-67.5,-27,D,2019,11,24,328,0,5.68
-67.5,-27,D,2019,11,25,329,3.48,4.09
-67.5,-27,D,2019,11,26,330,2,4.27
-67.5,-27,D,2019,11,27,331,0.43,4.21
-67.5,-27,D,2019,11,28,332,0,3.72
-67.5,-27,D,2019,11,29,333,0,3.3
-67.5,-27,D,2019,11,30,334,5.52,6.9
-67.5,-27,D,2019,12,1,335,3.55,7.75
-67.5,-27,D,2019,12,2,336,3.62,6.29
-67.5,-27,D,2019,12,3,337,0.04,4.76
-67.5,-27,D,2019,12,4,338,8.39,4.76
-67.5,-27,D,2019,12,5,339,0.53,4.39
-67.5,-27,D,2019,12,6,340,0,3.72
-67.5,-27,D,2019,12,7,341,5.27,4.46
-67.5,-27,D,2019,12,8,342,0.85,4.94
-67.5,-27,D,2019,12,9,343,0,6.1
-67.5,-27,D,2019,12,10,344,0,5.62
-67.5,-27,D,2019,12,11,345,0,6.16
-67.5,-27,D,2019,12,12,346,0.09,8
-67.5,-27,D,2019,12,13,347,0,6.16
-67.5,-27,D,2019,12,14,348,0.01,5.74
-67.5,-27,D,2019,12,15,349,1.98,5.74
-67.5,-27,D,2019,12,16,350,0.29,6.23
-67.5,-27,D,2019,12,17,351,0.01,6.47
-67.5,-27,D,2019,12,18,352,0,6.96
-67.5,-27,D,2019,12,19,353,0,6.9
-67.5,-27,D,2019,12,20,354,2.76,5.55
-67.5,-27,D,2019,12,21,355,0.34,6.9
-67.5,-27,D,2019,12,22,356,0.03,6.47
-67.5,-27,D,2019,12,23,357,0,5.98
-67.5,-27,D,2019,12,24,358,2.61,5.62
-67.5,-27,D,2019,12,25,359,2.39,7.32
-67.5,-27,D,2019,12,26,360,0,6.47
-67.5,-27,D,2019,12,27,361,0,8.67
-67.5,-27,D,2019,12,28,362,5.68,8.3
-67.5,-27,D,2019,12,29,363,1,7.69
-67.5,-27,D,2019,12,30,364,0,8.12
-67.5,-27,D,2019,12,31,365,2.65,8.06
-67.5,-27,D,2020,1,1,1,5.71,8.24
-67.5,-27,D,2020,1,2,2,4.62,8.24
-67.5,-27,D,2020,1,3,3,0,8.3
-67.5,-27,D,2020,1,4,4,0.74,7.2
-67.5,-27,D,2020,1,5,5,1.38,6.77
-67.5,-27,D,2020,1,6,6,0.3,5.07
-67.5,-27,D,2020,1,7,7,0,5.31
-67.5,-27,D,2020,1,8,8,0,4.27
-67.5,-27,D,2020,1,9,9,4.4,6.59
-67.5,-27,D,2020,1,10,10,16.07,8
-67.5,-27,D,2020,1,11,11,4.11,7.75
-67.5,-27,D,2020,1,12,12,20.03,8.61
-67.5,-27,D,2020,1,13,13,2.48,9.95
-67.5,-27,D,2020,1,14,14,0,10.56
-67.5,-27,D,2020,1,15,15,22.83,9.46
-67.5,-27,D,2020,1,16,16,8.51,9.16
-67.5,-27,D,2020,1,17,17,0.01,8.54
-67.5,-27,D,2020,1,18,18,0,8.67
-67.5,-27,D,2020,1,19,19,0,8.91
-67.5,-27,D,2020,1,20,20,14.51,10.25
-67.5,-27,D,2020,1,21,21,1.62,9.95
-67.5,-27,D,2020,1,22,22,0.07,9.22
-67.5,-27,D,2020,1,23,23,0,8.18
-67.5,-27,D,2020,1,24,24,0,7.63
-67.5,-27,D,2020,1,25,25,0.27,9.22
-67.5,-27,D,2020,1,26,26,5.33,8.91
-67.5,-27,D,2020,1,27,27,1.92,7.08
-67.5,-27,D,2020,1,28,28,0.04,6.29
-67.5,-27,D,2020,1,29,29,0.29,5
-67.5,-27,D,2020,1,30,30,0.31,6.35
-67.5,-27,D,2020,1,31,31,0,5.49
-67.5,-27,D,2020,2,1,32,0,4.88
-67.5,-27,D,2020,2,2,33,0.03,5.98
-67.5,-27,D,2020,2,3,34,0,7.87
-67.5,-27,D,2020,2,4,35,0,5.98
-67.5,-27,D,2020,2,5,36,2.42,6.59
-67.5,-27,D,2020,2,6,37,0.67,5.92
-67.5,-27,D,2020,2,7,38,5.75,9.95
-67.5,-27,D,2020,2,8,39,18.11,10.44
-67.5,-27,D,2020,2,9,40,26.03,10.19
-67.5,-27,D,2020,2,10,41,6.81,9.34
-67.5,-27,D,2020,2,11,42,0.02,8.54
-67.5,-27,D,2020,2,12,43,0,8.73
-67.5,-27,D,2020,2,13,44,0,8.61
-67.5,-27,D,2020,2,14,45,1.28,10.13
-67.5,-27,D,2020,2,15,46,0.89,10.38
-67.5,-27,D,2020,2,16,47,0,9.46
-67.5,-27,D,2020,2,17,48,9.03,9.22
-67.5,-27,D,2020,2,18,49,7.41,10.01
-67.5,-27,D,2020,2,19,50,0,7.45
-67.5,-27,D,2020,2,20,51,1.28,9.09
-67.5,-27,D,2020,2,21,52,0.36,8.48
-67.5,-27,D,2020,2,22,53,0.02,7.2
-67.5,-27,D,2020,2,23,54,0,5.8
-67.5,-27,D,2020,2,24,55,0,4.64
-67.5,-27,D,2020,2,25,56,0.51,6.23
-67.5,-27,D,2020,2,26,57,0.28,7.39
-67.5,-27,D,2020,2,27,58,0,7.45
-67.5,-27,D,2020,2,28,59,0.14,8.12
-67.5,-27,D,2020,2,29,60,0.12,7.26
-67.5,-27,D,2020,3,1,61,0,7.39
-67.5,-27,D,2020,3,2,62,0,7.75
-67.5,-27,D,2020,3,3,63,0,6.29
-67.5,-27,D,2020,3,4,64,0,6.53
-67.5,-27,D,2020,3,5,65,0,7.02
-67.5,-27,D,2020,3,6,66,0,7.57
-67.5,-27,D,2020,3,7,67,0,8.06
-67.5,-27,D,2020,3,8,68,0,8.42
-67.5,-27,D,2020,3,9,69,0,7.87
-67.5,-27,D,2020,3,10,70,0,7.63
-67.5,-27,D,2020,3,11,71,3.11,6.59
-67.5,-27,D,2020,3,12,72,1.73,8.73
-67.5,-27,D,2020,3,13,73,0.04,8.36
-67.5,-27,D,2020,3,14,74,5.6,8.97
-67.5,-27,D,2020,3,15,75,3.57,8.36
-67.5,-27,D,2020,3,16,76,1.2,7.08
-67.5,-27,D,2020,3,17,77,0.08,6.04
-67.5,-27,D,2020,3,18,78,0.05,7.14
-67.5,-27,D,2020,3,19,79,0,6.59
-67.5,-27,D,2020,3,20,80,0,6.29
-67.5,-27,D,2020,3,21,81,0,4.15
-67.5,-27,D,2020,3,22,82,0,5.37
-67.5,-27,D,2020,3,23,83,0,6.71
-67.5,-27,D,2020,3,24,84,0.11,7.81
-67.5,-27,D,2020,3,25,85,12.74,6.47
-67.5,-27,D,2020,3,26,86,2.78,6.04
-67.5,-27,D,2020,3,27,87,0,4.94
-67.5,-27,D,2020,3,28,88,0,5.07
-67.5,-27,D,2020,3,29,89,0.02,6.04
-67.5,-27,D,2020,3,30,90,4.46,9.16
-67.5,-27,D,2020,3,31,91,6.8,9.95
-67.5,-27,D,2020,4,1,92,5.2,8.54
-67.5,-27,D,2020,4,2,93,8.02,8.24
-67.5,-27,D,2020,4,3,94,0.01,5.86
-67.5,-27,D,2020,4,4,95,0,4.88
-67.5,-27,D,2020,4,5,96,0,4.58
-67.5,-27,D,2020,4,6,97,4.32,5.43
-67.5,-27,D,2020,4,7,98,0.24,5.68
-67.5,-27,D,2020,4,8,99,0,4.58
-67.5,-27,D,2020,4,9,100,0,4.82
-67.5,-27,D,2020,4,10,101,0,4.7
-67.5,-27,D,2020,4,11,102,0,2.99
-67.5,-27,D,2020,4,12,103,0,2.44
-67.5,-27,D,2020,4,13,104,0,3.72
-67.5,-27,D,2020,4,14,105,0,3.48
-67.5,-27,D,2020,4,15,106,0,4.46
-67.5,-27,D,2020,4,16,107,0,5.86
-67.5,-27,D,2020,4,17,108,0,5.31
-67.5,-27,D,2020,4,18,109,0,4.7
-67.5,-27,D,2020,4,19,110,0,3.85
-67.5,-27,D,2020,4,20,111,0,4.21
-67.5,-27,D,2020,4,21,112,0,5.55
-67.5,-27,D,2020,4,22,113,0,4.82
-67.5,-27,D,2020,4,23,114,0,2.56
-67.5,-27,D,2020,4,24,115,0,1.89
-67.5,-27,D,2020,4,25,116,0.49,3.54
-67.5,-27,D,2020,4,26,117,1.29,4.09
-67.5,-27,D,2020,4,27,118,0.14,2.44
-67.5,-27,D,2020,4,28,119,0.23,3.42
-67.5,-27,D,2020,4,29,120,0,2.93
-67.5,-27,D,2020,4,30,121,0,2.5
-67.5,-27,D,2020,5,1,122,0,3.72
-67.5,-27,D,2020,5,2,123,0,2.81
-67.5,-27,D,2020,5,3,124,0,2.26
-67.5,-27,D,2020,5,4,125,0,2.56
-67.5,-27,D,2020,5,5,126,0.04,3.6
-67.5,-27,D,2020,5,6,127,0,3.72
-67.5,-27,D,2020,5,7,128,0,2.5
-67.5,-27,D,2020,5,8,129,0,2.32
-67.5,-27,D,2020,5,9,130,0,1.89
-67.5,-27,D,2020,5,10,131,0,1.71
-67.5,-27,D,2020,5,11,132,0,2.26
-67.5,-27,D,2020,5,12,133,0,2.01
-67.5,-27,D,2020,5,13,134,0,2.69
-67.5,-27,D,2020,5,14,135,0,2.5
-67.5,-27,D,2020,5,15,136,0,2.08
-67.5,-27,D,2020,5,16,137,0,2.01
-67.5,-27,D,2020,5,17,138,0,2.08
-67.5,-27,D,2020,5,18,139,0,1.65
-67.5,-27,D,2020,5,19,140,0,1.46
-67.5,-27,D,2020,5,20,141,0,1.34
-67.5,-27,D,2020,5,21,142,0.14,1.53
-67.5,-27,D,2020,5,22,143,0.43,2.14
-67.5,-27,D,2020,5,23,144,0.04,1.53
-67.5,-27,D,2020,5,24,145,0,2.08
-67.5,-27,D,2020,5,25,146,0,2.14
-67.5,-27,D,2020,5,26,147,0,1.83
-67.5,-27,D,2020,5,27,148,0,1.59
-67.5,-27,D,2020,5,28,149,0,2.08
-67.5,-27,D,2020,5,29,150,0,2.75
-67.5,-27,D,2020,5,30,151,0,3.3
-67.5,-27,D,2020,5,31,152,0,2.93
-67.5,-27,D,2020,6,1,153,0,2.01
-67.5,-27,D,2020,6,2,154,0,1.4
-67.5,-27,D,2020,6,3,155,0.05,1.83
-67.5,-27,D,2020,6,4,156,0.81,2.26
-67.5,-27,D,2020,6,5,157,0.06,1.4
-67.5,-27,D,2020,6,6,158,0,1.22
-67.5,-27,D,2020,6,7,159,0,1.89
-67.5,-27,D,2020,6,8,160,0,2.44
-67.5,-27,D,2020,6,9,161,0,1.65
-67.5,-27,D,2020,6,10,162,0,1.83
-67.5,-27,D,2020,6,11,163,41.97,4.15
-67.5,-27,D,2020,6,12,164,5.61,2.69
-67.5,-27,D,2020,6,13,165,0,1.95
-67.5,-27,D,2020,6,14,166,0,1.89
-67.5,-27,D,2020,6,15,167,0,1.83
-67.5,-27,D,2020,6,16,168,0,2.44
-67.5,-27,D,2020,6,17,169,0,1.65
-67.5,-27,D,2020,6,18,170,0,2.14
-67.5,-27,D,2020,6,19,171,0,2.01
-67.5,-27,D,2020,6,20,172,0,1.59
-67.5,-27,D,2020,6,21,173,0,1.95
-67.5,-27,D,2020,6,22,174,0,1.71
-67.5,-27,D,2020,6,23,175,0,1.34
-67.5,-27,D,2020,6,24,176,0,2.14
-67.5,-27,D,2020,6,25,177,1.33,1.83
-67.5,-27,D,2020,6,26,178,0,1.89
-67.5,-27,D,2020,6,27,179,0,1.71
-67.5,-27,D,2020,6,28,180,0,1.95
-67.5,-27,D,2020,6,29,181,0,2.01
-67.5,-27,D,2020,6,30,182,0,1.71
-67.5,-27,D,2020,7,1,183,0,2.44
-67.5,-27,D,2020,7,2,184,0,2.01
-67.5,-27,D,2020,7,3,185,0,1.4
-67.5,-27,D,2020,7,4,186,0,0.92
-67.5,-27,D,2020,7,5,187,0,0.98
-67.5,-27,D,2020,7,6,188,0,1.16
-67.5,-27,D,2020,7,7,189,0,1.34
-67.5,-27,D,2020,7,8,190,0,1.16
-67.5,-27,D,2020,7,9,191,0,1.46
-67.5,-27,D,2020,7,10,192,0,1.46
-67.5,-27,D,2020,7,11,193,0,1.4
-67.5,-27,D,2020,7,12,194,0,1.65
-67.5,-27,D,2020,7,13,195,0,1.89
-67.5,-27,D,2020,7,14,196,0,1.53
-67.5,-27,D,2020,7,15,197,0,1.16
-67.5,-27,D,2020,7,16,198,0,1.4
-67.5,-27,D,2020,7,17,199,0,0.92
-67.5,-27,D,2020,7,18,200,0,1.22
-67.5,-27,D,2020,7,19,201,0,1.22
-67.5,-27,D,2020,7,20,202,0,1.16
-67.5,-27,D,2020,7,21,203,0,1.1
-67.5,-27,D,2020,7,22,204,0,1.04
-67.5,-27,D,2020,7,23,205,0.16,0.98
-67.5,-27,D,2020,7,24,206,0.33,0.92
-67.5,-27,D,2020,7,25,207,0.01,1.1
-67.5,-27,D,2020,7,26,208,0,1.46
-67.5,-27,D,2020,7,27,209,0,1.22
-67.5,-27,D,2020,7,28,210,0,1.46
-67.5,-27,D,2020,7,29,211,0,1.4
-67.5,-27,D,2020,7,30,212,0,1.1
-67.5,-27,D,2020,7,31,213,0,1.1
-67.5,-27,D,2020,8,1,214,0,1.04
-67.5,-27,D,2020,8,2,215,0,1.53
-67.5,-27,D,2020,8,3,216,0,2.01
-67.5,-27,D,2020,8,4,217,0,1.77
-67.5,-27,D,2020,8,5,218,0,1.53
-67.5,-27,D,2020,8,6,219,0,2.81
-67.5,-27,D,2020,8,7,220,0,1.71
-67.5,-27,D,2020,8,8,221,0,1.71
-67.5,-27,D,2020,8,9,222,0,1.65
-67.5,-27,D,2020,8,10,223,0,2.08
-67.5,-27,D,2020,8,11,224,0,2.5
-67.5,-27,D,2020,8,12,225,0,1.34
-67.5,-27,D,2020,8,13,226,0,1.28
-67.5,-27,D,2020,8,14,227,0,1.04
-67.5,-27,D,2020,8,15,228,0,1.28
-67.5,-27,D,2020,8,16,229,0,1.22
-67.5,-27,D,2020,8,17,230,0,1.28
-67.5,-27,D,2020,8,18,231,0,1.16
-67.5,-27,D,2020,8,19,232,0,1.59
-67.5,-27,D,2020,8,20,233,0,2.14
-67.5,-27,D,2020,8,21,234,0,1.89
-67.5,-27,D,2020,8,22,235,0,1.59
-67.5,-27,D,2020,8,23,236,0,1.95
-67.5,-27,D,2020,8,24,237,0,2.81
-67.5,-27,D,2020,8,25,238,0,2.44
-67.5,-27,D,2020,8,26,239,0,2.08
-67.5,-27,D,2020,8,27,240,0,1.65
-67.5,-27,D,2020,8,28,241,0,1.16
-67.5,-27,D,2020,8,29,242,0,1.04
-67.5,-27,D,2020,8,30,243,0.07,1.71
-67.5,-27,D,2020,8,31,244,0.05,2.81
-67.5,-27,D,2020,9,1,245,0,2.38
-67.5,-27,D,2020,9,2,246,0,1.04
-67.5,-27,D,2020,9,3,247,0,0.92
-67.5,-27,D,2020,9,4,248,0,1.16
-67.5,-27,D,2020,9,5,249,0,1.16
-67.5,-27,D,2020,9,6,250,0,1.65
-67.5,-27,D,2020,9,7,251,0,1.34
-67.5,-27,D,2020,9,8,252,0,1.04
-67.5,-27,D,2020,9,9,253,0,1.95
-67.5,-27,D,2020,9,10,254,0,1.83
-67.5,-27,D,2020,9,11,255,0,2.56
-67.5,-27,D,2020,9,12,256,0,1.59
-67.5,-27,D,2020,9,13,257,0.02,2.62
-67.5,-27,D,2020,9,14,258,0.01,4.15
-67.5,-27,D,2020,9,15,259,0,2.14
-67.5,-27,D,2020,9,16,260,0,1.59
-67.5,-27,D,2020,9,17,261,0,1.53
-67.5,-27,D,2020,9,18,262,0,2.14
-67.5,-27,D,2020,9,19,263,0,2.69
-67.5,-27,D,2020,9,20,264,0,2.08
-67.5,-27,D,2020,9,21,265,0,2.32
-67.5,-27,D,2020,9,22,266,0,1.59
-67.5,-27,D,2020,9,23,267,0,1.71
-67.5,-27,D,2020,9,24,268,0,2.01
-67.5,-27,D,2020,9,25,269,0,1.77
-67.5,-27,D,2020,9,26,270,0,1.65
-67.5,-27,D,2020,9,27,271,0,1.46
-67.5,-27,D,2020,9,28,272,0,1.59
-67.5,-27,D,2020,9,29,273,0,1.46
-67.5,-27,D,2020,9,30,274,0,1.65
-67.5,-27,D,2020,10,1,275,0,1.71
-67.5,-27,D,2020,10,2,276,0,2.01
-67.5,-27,D,2020,10,3,277,0,2.14
-67.5,-27,D,2020,10,4,278,0,1.46
-67.5,-27,D,2020,10,5,279,0,2.26
-67.5,-27,D,2020,10,6,280,0,3.78
-67.5,-27,D,2020,10,7,281,0,3.85
-67.5,-27,D,2020,10,8,282,0,2.38
-67.5,-27,D,2020,10,9,283,0,3.17
-67.5,-27,D,2020,10,10,284,0,2.5
-67.5,-27,D,2020,10,11,285,0,2.44
-67.5,-27,D,2020,10,12,286,0,2.5
-67.5,-27,D,2020,10,13,287,0,3.05
-67.5,-27,D,2020,10,14,288,0.02,3.11
-67.5,-27,D,2020,10,15,289,0,3.6
-67.5,-27,D,2020,10,16,290,0,3.91
-67.5,-27,D,2020,10,17,291,0,2.69
-67.5,-27,D,2020,10,18,292,0,3.66
-67.5,-27,D,2020,10,19,293,8.86,4.88
-67.5,-27,D,2020,10,20,294,2.75,6.96
-67.5,-27,D,2020,10,21,295,0.02,5.92
-67.5,-27,D,2020,10,22,296,0,5.25
-67.5,-27,D,2020,10,23,297,0,3.97
-67.5,-27,D,2020,10,24,298,0,2.2
-67.5,-27,D,2020,10,25,299,0,1.34
-67.5,-27,D,2020,10,26,300,0.19,1.89
-67.5,-27,D,2020,10,27,301,0,1.16
-67.5,-27,D,2020,10,28,302,0.87,2.2
-67.5,-27,D,2020,10,29,303,0.57,4.27
-67.5,-27,D,2020,10,30,304,0.01,3.72
-67.5,-27,D,2020,10,31,305,0,4.21
-67.5,-27,D,2020,11,1,306,0,4.33
-67.5,-27,D,2020,11,2,307,0,4.33
-67.5,-27,D,2020,11,3,308,0,4.33
-67.5,-27,D,2020,11,4,309,0,4.88
-67.5,-27,D,2020,11,5,310,0,3.6
-67.5,-27,D,2020,11,6,311,0,4.7
-67.5,-27,D,2020,11,7,312,0,4.88
-67.5,-27,D,2020,11,8,313,0,4.64
-67.5,-27,D,2020,11,9,314,0.79,4.7
-67.5,-27,D,2020,11,10,315,1.61,4.7
-67.5,-27,D,2020,11,11,316,1.69,4.52
-67.5,-27,D,2020,11,12,317,0.12,5
-67.5,-27,D,2020,11,13,318,0.02,3.36
-67.5,-27,D,2020,11,14,319,2.16,2.38
-67.5,-27,D,2020,11,15,320,0.57,2.93
-67.5,-27,D,2020,11,16,321,1.32,3.17
-67.5,-27,D,2020,11,17,322,11.48,2.87
-67.5,-27,D,2020,11,18,323,3.92,3.97
-67.5,-27,D,2020,11,19,324,0.76,4.27
-67.5,-27,D,2020,11,20,325,0.09,3.05
-67.5,-27,D,2020,11,21,326,0,3.36
-67.5,-27,D,2020,11,22,327,0,5.07
-67.5,-27,D,2020,11,23,328,0,3.36
-67.5,-27,D,2020,11,24,329,0,4.09
-67.5,-27,D,2020,11,25,330,0,4.88
-67.5,-27,D,2020,11,26,331,11.5,6.96
-67.5,-27,D,2020,11,27,332,0.95,4.88
-67.5,-27,D,2020,11,28,333,0,3.97
-67.5,-27,D,2020,11,29,334,5.01,5.92
-67.5,-27,D,2020,11,30,335,3.91,8.12
-67.5,-27,D,2020,12,1,336,0,4.58
-67.5,-27,D,2020,12,2,337,0.7,3.91
-67.5,-27,D,2020,12,3,338,2.53,4.46
-67.5,-27,D,2020,12,4,339,10.5,5.8
-67.5,-27,D,2020,12,5,340,0.08,4.88
-67.5,-27,D,2020,12,6,341,0,5
-67.5,-27,D,2020,12,7,342,0,5.8
-67.5,-27,D,2020,12,8,343,0.15,5.68
-67.5,-27,D,2020,12,9,344,0.01,5.68
-67.5,-27,D,2020,12,10,345,0,5.62
-67.5,-27,D,2020,12,11,346,0.62,4.58
-67.5,-27,D,2020,12,12,347,0,3.91
-67.5,-27,D,2020,12,13,348,0.13,5.92
-67.5,-27,D,2020,12,14,349,0.04,5.19
-67.5,-27,D,2020,12,15,350,0.69,3.72
-67.5,-27,D,2020,12,16,351,0.33,5.86
-67.5,-27,D,2020,12,17,352,0.03,6.04
-67.5,-27,D,2020,12,18,353,0,2.32
-67.5,-27,D,2020,12,19,354,0,2.01
-67.5,-27,D,2020,12,20,355,0,3.6
-67.5,-27,D,2020,12,21,356,0,5.31
-67.5,-27,D,2020,12,22,357,0,5.92
-67.5,-27,D,2020,12,23,358,0,7.39
-67.5,-27,D,2020,12,24,359,6.4,7.93
-67.5,-27,D,2020,12,25,360,2.32,8.91
-67.5,-27,D,2020,12,26,361,3.06,8.24
-67.5,-27,D,2020,12,27,362,5.85,8.48
-67.5,-27,D,2020,12,28,363,22.48,8.97
-67.5,-27,D,2020,12,29,364,7.28,9.28
-67.5,-27,D,2020,12,30,365,5.74,8.91
-67.5,-27,D,2020,12,31,366,6.3,8.36
-67.5,-27,D,2021,1,1,1,0,8
-67.5,-27,D,2021,1,2,2,0.33,9.28
-67.5,-27,D,2021,1,3,3,0.56,6.35
-67.5,-27,D,2021,1,4,4,3.73,7.02
-67.5,-27,D,2021,1,5,5,20.49,8.18
-67.5,-27,D,2021,1,6,6,2.59,7.26
-67.5,-27,D,2021,1,7,7,0.21,6.41
-67.5,-27,D,2021,1,8,8,1.38,6.35
-67.5,-27,D,2021,1,9,9,0.11,4.7
-67.5,-27,D,2021,1,10,10,0,3.48
-67.5,-27,D,2021,1,11,11,8.55,4.15
-67.5,-27,D,2021,1,12,12,4.33,8.24
-67.5,-27,D,2021,1,13,13,1.13,7.45
-67.5,-27,D,2021,1,14,14,0.32,9.09
-67.5,-27,D,2021,1,15,15,7.83,8
-67.5,-27,D,2021,1,16,16,11.44,7.32
-67.5,-27,D,2021,1,17,17,5.19,6.23
-67.5,-27,D,2021,1,18,18,0,4.76
-67.5,-27,D,2021,1,19,19,0,5.98
-67.5,-27,D,2021,1,20,20,0,5.68
-67.5,-27,D,2021,1,21,21,0,5.92
-67.5,-27,D,2021,1,22,22,0.03,6.41
-67.5,-27,D,2021,1,23,23,0.02,7.39
-67.5,-27,D,2021,1,24,24,0,8.67
-67.5,-27,D,2021,1,25,25,0.06,7.93
-67.5,-27,D,2021,1,26,26,0.02,6.59
-67.5,-27,D,2021,1,27,27,0,6.04
-67.5,-27,D,2021,1,28,28,0,6.35
-67.5,-27,D,2021,1,29,29,0,4.7
-67.5,-27,D,2021,1,30,30,14.44,5.37
-67.5,-27,D,2021,1,31,31,1.93,5.13
-67.5,-27,D,2021,2,1,32,2.38,2.99
-67.5,-27,D,2021,2,2,33,8.14,4.46
-67.5,-27,D,2021,2,3,34,1.85,6.65
-67.5,-27,D,2021,2,4,35,0.01,7.26
-67.5,-27,D,2021,2,5,36,0,7.57
-67.5,-27,D,2021,2,6,37,0,8.12
-67.5,-27,D,2021,2,7,38,0,8.79
-67.5,-27,D,2021,2,8,39,14.31,8.73
-67.5,-27,D,2021,2,9,40,18.1,7.32
-67.5,-27,D,2021,2,10,41,7.1,6.71
-67.5,-27,D,2021,2,11,42,0.18,6.16
-67.5,-27,D,2021,2,12,43,0.04,6.47
-67.5,-27,D,2021,2,13,44,0.01,5.98
-67.5,-27,D,2021,2,14,45,0.02,5.19
-67.5,-27,D,2021,2,15,46,4.2,6.04
-67.5,-27,D,2021,2,16,47,0.22,5.92
-67.5,-27,D,2021,2,17,48,0.01,5.86
-67.5,-27,D,2021,2,18,49,0,7.14
-67.5,-27,D,2021,2,19,50,0.09,6.16
-67.5,-27,D,2021,2,20,51,0.1,6.77
-67.5,-27,D,2021,2,21,52,0.03,5.43
-67.5,-27,D,2021,2,22,53,0,6.59
-67.5,-27,D,2021,2,23,54,13.23,9.83
-67.5,-27,D,2021,2,24,55,1.82,9.64
-67.5,-27,D,2021,2,25,56,0.37,8.42
-67.5,-27,D,2021,2,26,57,0.05,9.22
-67.5,-27,D,2021,2,27,58,0.44,8.42
-67.5,-27,D,2021,2,28,59,0.68,8.85
-67.5,-27,D,2021,3,1,60,14.29,9.16
-67.5,-27,D,2021,3,2,61,11.14,8.48
-67.5,-27,D,2021,3,3,62,9.05,8.48
-67.5,-27,D,2021,3,4,63,0.48,7.08
-67.5,-27,D,2021,3,5,64,0.15,6.96
-67.5,-27,D,2021,3,6,65,0,5.74
-67.5,-27,D,2021,3,7,66,0,6.53
-67.5,-27,D,2021,3,8,67,0.02,8.24
-67.5,-27,D,2021,3,9,68,0,8.54
-67.5,-27,D,2021,3,10,69,0,6.59
-67.5,-27,D,2021,3,11,70,0.67,8.12
-67.5,-27,D,2021,3,12,71,4.88,8.36
-67.5,-27,D,2021,3,13,72,1.77,7.57
-67.5,-27,D,2021,3,14,73,7.57,7.63
-67.5,-27,D,2021,3,15,74,0.84,5.37
-67.5,-27,D,2021,3,16,75,1.13,4.82
-67.5,-27,D,2021,3,17,76,0.76,6.1
-67.5,-27,D,2021,3,18,77,2.11,5.43
-67.5,-27,D,2021,3,19,78,1.61,4.58
-67.5,-27,D,2021,3,20,79,2.08,4.76
-67.5,-27,D,2021,3,21,80,1.08,6.35
-67.5,-27,D,2021,3,22,81,0,4.46
-67.5,-27,D,2021,3,23,82,162.84,6.41
-67.5,-27,D,2021,3,24,83,9.3,5.8
-67.5,-27,D,2021,3,25,84,2.33,5
-67.5,-27,D,2021,3,26,85,3.59,4.21
-67.5,-27,D,2021,3,27,86,0.78,4.58
-67.5,-27,D,2021,3,28,87,0.01,5
-67.5,-27,D,2021,3,29,88,0,5
-67.5,-27,D,2021,3,30,89,0.01,5.13
-67.5,-27,D,2021,3,31,90,0,5.49
-67.5,-27,D,2021,4,1,91,0,5.19
-67.5,-27,D,2021,4,2,92,0,5.19
-67.5,-27,D,2021,4,3,93,0,5.62
-67.5,-27,D,2021,4,4,94,0,6.35
-67.5,-27,D,2021,4,5,95,0,4.39
-67.5,-27,D,2021,4,6,96,0.02,4.76
-67.5,-27,D,2021,4,7,97,0.06,5
-67.5,-27,D,2021,4,8,98,0.32,4.39
-67.5,-27,D,2021,4,9,99,5.01,4.39
-67.5,-27,D,2021,4,10,100,2.55,4.7
-67.5,-27,D,2021,4,11,101,0.23,5.37
-67.5,-27,D,2021,4,12,102,0,4.94
-67.5,-27,D,2021,4,13,103,0,5.62
-67.5,-27,D,2021,4,14,104,0,4.09
-67.5,-27,D,2021,4,15,105,0,4.46
-67.5,-27,D,2021,4,16,106,0.4,6.29
-67.5,-27,D,2021,4,17,107,0.1,5.98
-67.5,-27,D,2021,4,18,108,0,5.31
-67.5,-27,D,2021,4,19,109,0,4.46
-67.5,-27,D,2021,4,20,110,0,2.69
-67.5,-27,D,2021,4,21,111,0.12,3.11
-67.5,-27,D,2021,4,22,112,0.62,2.38
-67.5,-27,D,2021,4,23,113,3.93,2.75
-67.5,-27,D,2021,4,24,114,9.01,4.27
-67.5,-27,D,2021,4,25,115,0.24,4.15
-67.5,-27,D,2021,4,26,116,0,4.03
-67.5,-27,D,2021,4,27,117,0,4.09
-67.5,-27,D,2021,4,28,118,0,5.19
-67.5,-27,D,2021,4,29,119,0,4.7
-67.5,-27,D,2021,4,30,120,0,3.11
-67.5,-27,D,2021,5,1,121,0,2.32
-67.5,-27,D,2021,5,2,122,0,2.2
-67.5,-27,D,2021,5,3,123,0.11,2.08
-67.5,-27,D,2021,5,4,124,7.13,3.23
-67.5,-27,D,2021,5,5,125,4.36,2.62
-67.5,-27,D,2021,5,6,126,0,2.87
-67.5,-27,D,2021,5,7,127,0,2.81
-67.5,-27,D,2021,5,8,128,0,2.81
-67.5,-27,D,2021,5,9,129,0,2.99
-67.5,-27,D,2021,5,10,130,0.54,3.05
-67.5,-27,D,2021,5,11,131,1.27,2.99
-67.5,-27,D,2021,5,12,132,0.19,2.62
-67.5,-27,D,2021,5,13,133,0,3.42
-67.5,-27,D,2021,5,14,134,0,3.17
-67.5,-27,D,2021,5,15,135,0,2.69
-67.5,-27,D,2021,5,16,136,0,3.42
-67.5,-27,D,2021,5,17,137,0,2.93
-67.5,-27,D,2021,5,18,138,0,2.08
-67.5,-27,D,2021,5,19,139,0,2.26
-67.5,-27,D,2021,5,20,140,0,2.81
-67.5,-27,D,2021,5,21,141,0,1.59
-67.5,-27,D,2021,5,22,142,0,1.59
-67.5,-27,D,2021,5,23,143,0,1.89
-67.5,-27,D,2021,5,24,144,0,2.14
-67.5,-27,D,2021,5,25,145,0,2.32
-67.5,-27,D,2021,5,26,146,0,3.05
-67.5,-27,D,2021,5,27,147,0,3.36
-67.5,-27,D,2021,5,28,148,0,2.87
-67.5,-27,D,2021,5,29,149,0,2.62
-67.5,-27,D,2021,5,30,150,0,2.08
-67.5,-27,D,2021,5,31,151,0,2.01
-67.5,-27,D,2021,6,1,152,0,2.26
-67.5,-27,D,2021,6,2,153,0,2.87
-67.5,-27,D,2021,6,3,154,0,2.87
-67.5,-27,D,2021,6,4,155,0,2.26
-67.5,-27,D,2021,6,5,156,0,3.11
-67.5,-27,D,2021,6,6,157,0,2.2
-67.5,-27,D,2021,6,7,158,0,1.65
-67.5,-27,D,2021,6,8,159,0,1.53
-67.5,-27,D,2021,6,9,160,0,1.83
-67.5,-27,D,2021,6,10,161,0,2.01
-67.5,-27,D,2021,6,11,162,0,2.08
-67.5,-27,D,2021,6,12,163,0,1.89
-67.5,-27,D,2021,6,13,164,0,1.53
-67.5,-27,D,2021,6,14,165,0,2.38
-67.5,-27,D,2021,6,15,166,2.59,3.6
-67.5,-27,D,2021,6,16,167,1.26,2.69
-67.5,-27,D,2021,6,17,168,1.35,2.62
-67.5,-27,D,2021,6,18,169,0.16,2.14
-67.5,-27,D,2021,6,19,170,0,1.59
-67.5,-27,D,2021,6,20,171,0,2.14
-67.5,-27,D,2021,6,21,172,0,1.53
-67.5,-27,D,2021,6,22,173,41.82,2.44
-67.5,-27,D,2021,6,23,174,0,2.26
-67.5,-27,D,2021,6,24,175,0,1.89
-67.5,-27,D,2021,6,25,176,0,2.2
-67.5,-27,D,2021,6,26,177,0.48,1.83
-67.5,-27,D,2021,6,27,178,2.07,1.46
-67.5,-27,D,2021,6,28,179,0.02,1.4
-67.5,-27,D,2021,6,29,180,0,1.46
-67.5,-27,D,2021,6,30,181,0,1.83
-67.5,-27,D,2021,7,1,182,0,1.89
-67.5,-27,D,2021,7,2,183,0,2.26
-67.5,-27,D,2021,7,3,184,0,2.14
-67.5,-27,D,2021,7,4,185,0,2.44
-67.5,-27,D,2021,7,5,186,0,2.38
-67.5,-27,D,2021,7,6,187,0,1.95
-67.5,-27,D,2021,7,7,188,0,1.83
-67.5,-27,D,2021,7,8,189,0,1.77
-67.5,-27,D,2021,7,9,190,0,1.59
-67.5,-27,D,2021,7,10,191,0,2.14
-67.5,-27,D,2021,7,11,192,0,2.08
-67.5,-27,D,2021,7,12,193,0,2.87
-67.5,-27,D,2021,7,13,194,0,4.09
-67.5,-27,D,2021,7,14,195,0,2.99
-67.5,-27,D,2021,7,15,196,0,2.62
-67.5,-27,D,2021,7,16,197,0,1.46
-67.5,-27,D,2021,7,17,198,0.01,1.95
-67.5,-27,D,2021,7,18,199,0,2.38
-67.5,-27,D,2021,7,19,200,0,2.2
-67.5,-27,D,2021,7,20,201,0,1.65
-67.5,-27,D,2021,7,21,202,0,1.65
-67.5,-27,D,2021,7,22,203,0,2.26
-67.5,-27,D,2021,7,23,204,0,2.14
-67.5,-27,D,2021,7,24,205,0.05,2.01
-67.5,-27,D,2021,7,25,206,0,1.16
-67.5,-27,D,2021,7,26,207,0,1.34
-67.5,-27,D,2021,7,27,208,0,1.77
-67.5,-27,D,2021,7,28,209,0,1.77
-67.5,-27,D,2021,7,29,210,0,1.71
-67.5,-27,D,2021,7,30,211,0,1.95
-67.5,-27,D,2021,7,31,212,0.01,2.44
-67.5,-27,D,2021,8,1,213,0,2.56
-67.5,-27,D,2021,8,2,214,0,2.81
-67.5,-27,D,2021,8,3,215,0,2.93
-67.5,-27,D,2021,8,4,216,0,4.09
-67.5,-27,D,2021,8,5,217,0,2.75
-67.5,-27,D,2021,8,6,218,0,1.89
-67.5,-27,D,2021,8,7,219,0,1.53
-67.5,-27,D,2021,8,8,220,0,1.83
-67.5,-27,D,2021,8,9,221,0,1.53
-67.5,-27,D,2021,8,10,222,0,1.53
-67.5,-27,D,2021,8,11,223,0,1.83
-67.5,-27,D,2021,8,12,224,0,1.83
-67.5,-27,D,2021,8,13,225,0,1.46
-67.5,-27,D,2021,8,14,226,0,1.59
-67.5,-27,D,2021,8,15,227,0,2.14
-67.5,-27,D,2021,8,16,228,0,2.01
-67.5,-27,D,2021,8,17,229,0,1.77
-67.5,-27,D,2021,8,18,230,0,1.34
-67.5,-27,D,2021,8,19,231,0.01,1.89
-67.5,-27,D,2021,8,20,232,0,2.2
-67.5,-27,D,2021,8,21,233,0,1.46
-67.5,-27,D,2021,8,22,234,0,1.04
-67.5,-27,D,2021,8,23,235,0,1.04
-67.5,-27,D,2021,8,24,236,0,1.16
-67.5,-27,D,2021,8,25,237,0.78,1.46
-67.5,-27,D,2021,8,26,238,0,1.16
-67.5,-27,D,2021,8,27,239,0,1.16
-67.5,-27,D,2021,8,28,240,0,1.71
-67.5,-27,D,2021,8,29,241,0,2.08
-67.5,-27,D,2021,8,30,242,0,1.4
-67.5,-27,D,2021,8,31,243,0,1.83
-67.5,-27,D,2021,9,1,244,0.02,2.32
-67.5,-27,D,2021,9,2,245,0.43,2.56
-67.5,-27,D,2021,9,3,246,0,1.34
-67.5,-27,D,2021,9,4,247,0,1.22
-67.5,-27,D,2021,9,5,248,0.14,1.16
-67.5,-27,D,2021,9,6,249,0.07,1.59
-67.5,-27,D,2021,9,7,250,0.02,1.1
-67.5,-27,D,2021,9,8,251,0.94,1.65
-67.5,-27,D,2021,9,9,252,0,1.95
-67.5,-27,D,2021,9,10,253,0,1.95
-67.5,-27,D,2021,9,11,254,0,1.22
-67.5,-27,D,2021,9,12,255,0,1.16
-67.5,-27,D,2021,9,13,256,0,1.16
-67.5,-27,D,2021,9,14,257,0,1.71
-67.5,-27,D,2021,9,15,258,0.01,1.65
-67.5,-27,D,2021,9,16,259,0,1.89
-67.5,-27,D,2021,9,17,260,0,1.16
-67.5,-27,D,2021,9,18,261,0,1.22
-67.5,-27,D,2021,9,19,262,0,2.38
-67.5,-27,D,2021,9,20,263,0.99,4.03
-67.5,-27,D,2021,9,21,264,0.55,4.64
-67.5,-27,D,2021,9,22,265,0,2.75
-67.5,-27,D,2021,9,23,266,0,2.81
-67.5,-27,D,2021,9,24,267,0,2.81
-67.5,-27,D,2021,9,25,268,0,1.53
-67.5,-27,D,2021,9,26,269,0,2.26
-67.5,-27,D,2021,9,27,270,0,2.75
-67.5,-27,D,2021,9,28,271,0,4.09
-67.5,-27,D,2021,9,29,272,0,2.81
-67.5,-27,D,2021,9,30,273,0,1.65
-67.5,-27,D,2021,10,1,274,0,1.53
-67.5,-27,D,2021,10,2,275,0.67,1.28
-67.5,-27,D,2021,10,3,276,0.89,2.01
-67.5,-27,D,2021,10,4,277,0,1.4
-67.5,-27,D,2021,10,5,278,0,1.04
-67.5,-27,D,2021,10,6,279,0,2.99
-67.5,-27,D,2021,10,7,280,0,3.17
-67.5,-27,D,2021,10,8,281,0,2.44
-67.5,-27,D,2021,10,9,282,0,2.38
-67.5,-27,D,2021,10,10,283,0,1.95
-67.5,-27,D,2021,10,11,284,0,2.99
-67.5,-27,D,2021,10,12,285,0,1.46
-67.5,-27,D,2021,10,13,286,0,1.22
-67.5,-27,D,2021,10,14,287,0.8,1.28
-67.5,-27,D,2021,10,15,288,2.87,2.44
-67.5,-27,D,2021,10,16,289,0.02,1.83
-67.5,-27,D,2021,10,17,290,0,1.83
-67.5,-27,D,2021,10,18,291,0,3.91
-67.5,-27,D,2021,10,19,292,0,3.3
-67.5,-27,D,2021,10,20,293,0,1.71
-67.5,-27,D,2021,10,21,294,0,1.65
-67.5,-27,D,2021,10,22,295,0,1.16
-67.5,-27,D,2021,10,23,296,0,1.95
-67.5,-27,D,2021,10,24,297,0,3.05
-67.5,-27,D,2021,10,25,298,0,2.81
-67.5,-27,D,2021,10,26,299,0,4.15
-67.5,-27,D,2021,10,27,300,0,3.36
-67.5,-27,D,2021,10,28,301,0,5.31
-67.5,-27,D,2021,10,29,302,0.57,6.53
-67.5,-27,D,2021,10,30,303,0.33,6.65
-67.5,-27,D,2021,10,31,304,7.06,7.39
-67.5,-27,D,2021,11,1,305,3.6,5.43
-67.5,-27,D,2021,11,2,306,0.33,4.76
-67.5,-27,D,2021,11,3,307,0,4.03
-67.5,-27,D,2021,11,4,308,10.74,4.03
-67.5,-27,D,2021,11,5,309,7.35,4.46
-67.5,-27,D,2021,11,6,310,0.04,2.99
-67.5,-27,D,2021,11,7,311,0,2.87
-67.5,-27,D,2021,11,8,312,0.93,3.91
-67.5,-27,D,2021,11,9,313,11.72,3.72
-67.5,-27,D,2021,11,10,314,5.68,4.27
-67.5,-27,D,2021,11,11,315,0.28,5.19
-67.5,-27,D,2021,11,12,316,0,4.94
-67.5,-27,D,2021,11,13,317,0.24,3.85
-67.5,-27,D,2021,11,14,318,0.12,6.23
-67.5,-27,D,2021,11,15,319,0,2.75
-67.5,-27,D,2021,11,16,320,3.45,5.25
-67.5,-27,D,2021,11,17,321,0.07,3.85
-67.5,-27,D,2021,11,18,322,0,3.11
-67.5,-27,D,2021,11,19,323,0,5.43
-67.5,-27,D,2021,11,20,324,0,5.62
-67.5,-27,D,2021,11,21,325,0,5.92
-67.5,-27,D,2021,11,22,326,1.02,5.55
-67.5,-27,D,2021,11,23,327,2.82,8.18
-67.5,-27,D,2021,11,24,328,0.02,4.09
-67.5,-27,D,2021,11,25,329,0,3.6
-67.5,-27,D,2021,11,26,330,0,5.31
-67.5,-27,D,2021,11,27,331,1.82,2.93
-67.5,-27,D,2021,11,28,332,2,5.49
-67.5,-27,D,2021,11,29,333,0,4.64
-67.5,-27,D,2021,11,30,334,0,4.39
-67.5,-27,D,2021,12,1,335,0,4.21
-67.5,-27,D,2021,12,2,336,1.75,5.98
-67.5,-27,D,2021,12,3,337,0.95,6.29
-67.5,-27,D,2021,12,4,338,1.83,8.24
-67.5,-27,D,2021,12,5,339,0.45,8.18
-67.5,-27,D,2021,12,6,340,0.33,8.67
-67.5,-27,D,2021,12,7,341,0.07,8.42
-67.5,-27,D,2021,12,8,342,0.31,7.57
-67.5,-27,D,2021,12,9,343,3.75,8.48
-67.5,-27,D,2021,12,10,344,1.8,7.02
-67.5,-27,D,2021,12,11,345,0.1,5.37
-67.5,-27,D,2021,12,12,346,10.77,4.82
-67.5,-27,D,2021,12,13,347,9.73,5.92
-67.5,-27,D,2021,12,14,348,1.19,4.33
-67.5,-27,D,2021,12,15,349,0.33,5.86
-67.5,-27,D,2021,12,16,350,0.14,7.63
-67.5,-27,D,2021,12,17,351,0.04,8.3
-67.5,-27,D,2021,12,18,352,0.08,8.24
-67.5,-27,D,2021,12,19,353,0.67,8.61
-67.5,-27,D,2021,12,20,354,0.05,7.32
-67.5,-27,D,2021,12,21,355,1.57,7.87
-67.5,-27,D,2021,12,22,356,7.04,9.09
-67.5,-27,D,2021,12,23,357,5.12,8.61
-67.5,-27,D,2021,12,24,358,0.05,8.73
-67.5,-27,D,2021,12,25,359,0.02,7.45
-67.5,-27,D,2021,12,26,360,0.03,7.63
-67.5,-27,D,2021,12,27,361,4.47,8.3
-67.5,-27,D,2021,12,28,362,3.94,8.06
-67.5,-27,D,2021,12,29,363,0.08,6.16
-67.5,-27,D,2021,12,30,364,0,5.74
-67.5,-27,D,2021,12,31,365,0,7.39
